#
# There is insufficient memory for the Java Runtime Environment to continue.
# Native memory allocation (mmap) failed to map 334495744 bytes. Error detail: G1 virtual space
# Possible reasons:
#   The system is out of physical RAM or swap space
#   This process is running with CompressedOops enabled, and the Java Heap may be blocking the growth of the native heap
# Possible solutions:
#   Reduce memory load on the system
#   Increase physical memory or swap space
#   Check if swap backing store is full
#   Decrease Java heap size (-Xmx/-Xms)
#   Decrease number of Java threads
#   Decrease Java thread stack sizes (-Xss)
#   Set larger code cache with -XX:ReservedCodeCacheSize=
#   JVM is running with Unscaled Compressed Oops mode in which the Java heap is
#     placed in the first 4GB address space. The Java Heap base address is the
#     maximum limit for the native heap growth. Please use -XX:HeapBaseMinAddress
#     to set the Java Heap base and to place the Java Heap above 4GB virtual address.
# This output file may be truncated or incomplete.
#
#  Out of Memory Error (os_windows.cpp:3713), pid=26012, tid=29948
#
# JRE version: OpenJDK Runtime Environment Temurin-21.0.9+10 (21.0.9+10) (build 21.0.9+10-LTS)
# Java VM: OpenJDK 64-Bit Server VM Temurin-21.0.9+10 (21.0.9+10-LTS, mixed mode, emulated-client, sharing, tiered, compressed oops, compressed class ptrs, g1 gc, windows-amd64)
# No core dump will be written. Minidumps are not enabled by default on client versions of Windows
#

---------------  S U M M A R Y ------------

Command Line: -Dstdout.encoding=UTF-8 -Dstderr.encoding=UTF-8 -XX:TieredStopAtLevel=1 com.mit.ticket_mgt_app.TicketMgtAppApplication

Host: 11th Gen Intel(R) Core(TM) i5-1135G7 @ 2.40GHz, 8 cores, 7G,  Windows 11 , 64 bit Build 26100 (10.0.26100.6725)
Time: Fri Feb 13 13:57:04 2026 Greenwich Standard Time elapsed time: 396.324624 seconds (0d 0h 6m 36s)

---------------  T H R E A D  ---------------

Current thread (0x0000014f51bf6450):  VMThread "VM Thread"          [id=29948, stack(0x0000001f0cd00000,0x0000001f0ce00000) (1024K)]

Stack: [0x0000001f0cd00000,0x0000001f0ce00000]
Native frames: (J=compiled Java code, j=interpreted, Vv=VM code, C=native code)
V  [jvm.dll+0x6d6e29]
V  [jvm.dll+0x8b4b76]
V  [jvm.dll+0x8b712e]
V  [jvm.dll+0x8b7813]
V  [jvm.dll+0x283d86]
V  [jvm.dll+0x6d3745]
V  [jvm.dll+0x6c747a]
V  [jvm.dll+0x35e7e8]
V  [jvm.dll+0x366426]
V  [jvm.dll+0x3b73fe]
V  [jvm.dll+0x3b76a8]
V  [jvm.dll+0x3329ec]
V  [jvm.dll+0x332a77]
V  [jvm.dll+0x37684c]
V  [jvm.dll+0x374fee]
V  [jvm.dll+0x332131]
V  [jvm.dll+0x37465a]
V  [jvm.dll+0x8bd500]
V  [jvm.dll+0x8be8a4]
V  [jvm.dll+0x8bede0]
V  [jvm.dll+0x8bf083]
V  [jvm.dll+0x85e9ad]
V  [jvm.dll+0x6d565d]
C  [ucrtbase.dll+0x37b0]
C  [KERNEL32.DLL+0x2e8d7]
C  [ntdll.dll+0x8c53c]

VM_Operation (0x0000001f0c5fe500): G1CollectForAllocation, mode: safepoint, requested by thread 0x0000014f98505290


---------------  P R O C E S S  ---------------

Threads class SMR info:
_java_thread_list=0x0000014f98778410, length=30, elements={
0x0000014f51c11440, 0x0000014f51c12ca0, 0x0000014f51c18510, 0x0000014f51c1b060,
0x0000014f51c1c8c0, 0x0000014f51c1e320, 0x0000014f51c1ed70, 0x0000014f9712f410,
0x0000014f9713c070, 0x0000014f98505920, 0x0000014f98540ba0, 0x0000014f98505290,
0x0000014f98504570, 0x0000014f98503ee0, 0x0000014f98507360, 0x0000014f98506640,
0x0000014f98504c00, 0x0000014f98541f50, 0x0000014f9853fe80, 0x0000014f98540510,
0x0000014f985446b0, 0x0000014f985418c0, 0x0000014f98542c70, 0x0000014f98543300,
0x0000014f98541230, 0x0000014f98546e10, 0x0000014f985460f0, 0x0000014f98545a60,
0x0000014f98543990, 0x0000014f985474a0
}

Java Threads: ( => current thread )
  0x0000014f51c11440 JavaThread "Reference Handler"          daemon [_thread_blocked, id=27068, stack(0x0000001f0ce00000,0x0000001f0cf00000) (1024K)]
  0x0000014f51c12ca0 JavaThread "Finalizer"                  daemon [_thread_blocked, id=30980, stack(0x0000001f0cf00000,0x0000001f0d000000) (1024K)]
  0x0000014f51c18510 JavaThread "Signal Dispatcher"          daemon [_thread_blocked, id=28240, stack(0x0000001f0d000000,0x0000001f0d100000) (1024K)]
  0x0000014f51c1b060 JavaThread "Attach Listener"            daemon [_thread_blocked, id=17672, stack(0x0000001f0d100000,0x0000001f0d200000) (1024K)]
  0x0000014f51c1c8c0 JavaThread "Service Thread"             daemon [_thread_blocked, id=19040, stack(0x0000001f0d200000,0x0000001f0d300000) (1024K)]
  0x0000014f51c1e320 JavaThread "Monitor Deflation Thread"   daemon [_thread_blocked, id=20556, stack(0x0000001f0d300000,0x0000001f0d400000) (1024K)]
  0x0000014f51c1ed70 JavaThread "C1 CompilerThread0"         daemon [_thread_blocked, id=25260, stack(0x0000001f0d400000,0x0000001f0d500000) (1024K)]
  0x0000014f9712f410 JavaThread "Notification Thread"        daemon [_thread_blocked, id=30192, stack(0x0000001f0d800000,0x0000001f0d900000) (1024K)]
  0x0000014f9713c070 JavaThread "Common-Cleaner"             daemon [_thread_blocked, id=13640, stack(0x0000001f0d900000,0x0000001f0da00000) (1024K)]
  0x0000014f98505920 JavaThread "Live Reload Server"         daemon [_thread_in_native, id=29268, stack(0x0000001f0d600000,0x0000001f0d700000) (1024K)]
  0x0000014f98540ba0 JavaThread "DestroyJavaVM"                     [_thread_blocked, id=16816, stack(0x0000001f0c600000,0x0000001f0c700000) (1024K)]
  0x0000014f98505290 JavaThread "File Watcher"               daemon [_thread_blocked, id=18620, stack(0x0000001f0c500000,0x0000001f0c600000) (1024K)]
  0x0000014f98504570 JavaThread "File Watcher"               daemon [_thread_blocked, id=4212, stack(0x0000001f0d500000,0x0000001f0d600000) (1024K)]
  0x0000014f98503ee0 JavaThread "HikariPool-5 housekeeper"   daemon [_thread_blocked, id=29676, stack(0x0000001f0e400000,0x0000001f0e500000) (1024K)]
  0x0000014f98507360 JavaThread "Catalina-utility-1"                [_thread_blocked, id=28932, stack(0x0000001f0e500000,0x0000001f0e600000) (1024K)]
  0x0000014f98506640 JavaThread "Catalina-utility-2"                [_thread_blocked, id=31520, stack(0x0000001f0e600000,0x0000001f0e700000) (1024K)]
  0x0000014f98504c00 JavaThread "container-2"                       [_thread_blocked, id=27336, stack(0x0000001f0e700000,0x0000001f0e800000) (1024K)]
  0x0000014f98541f50 JavaThread "File Watcher"               daemon [_thread_blocked, id=15384, stack(0x0000001f0e900000,0x0000001f0ea00000) (1024K)]
  0x0000014f9853fe80 JavaThread "http-nio-7050-exec-1"       daemon [_thread_blocked, id=29700, stack(0x0000001f0ea00000,0x0000001f0eb00000) (1024K)]
  0x0000014f98540510 JavaThread "http-nio-7050-exec-2"       daemon [_thread_blocked, id=28820, stack(0x0000001f0eb00000,0x0000001f0ec00000) (1024K)]
  0x0000014f985446b0 JavaThread "http-nio-7050-exec-3"       daemon [_thread_blocked, id=29248, stack(0x0000001f0ec00000,0x0000001f0ed00000) (1024K)]
  0x0000014f985418c0 JavaThread "http-nio-7050-exec-4"       daemon [_thread_blocked, id=27868, stack(0x0000001f0ed00000,0x0000001f0ee00000) (1024K)]
  0x0000014f98542c70 JavaThread "http-nio-7050-exec-5"       daemon [_thread_blocked, id=23048, stack(0x0000001f0ee00000,0x0000001f0ef00000) (1024K)]
  0x0000014f98543300 JavaThread "http-nio-7050-exec-6"       daemon [_thread_blocked, id=25004, stack(0x0000001f0ef00000,0x0000001f0f000000) (1024K)]
  0x0000014f98541230 JavaThread "http-nio-7050-exec-7"       daemon [_thread_blocked, id=29828, stack(0x0000001f0f000000,0x0000001f0f100000) (1024K)]
  0x0000014f98546e10 JavaThread "http-nio-7050-exec-8"       daemon [_thread_blocked, id=25856, stack(0x0000001f0f100000,0x0000001f0f200000) (1024K)]
  0x0000014f985460f0 JavaThread "http-nio-7050-exec-9"       daemon [_thread_blocked, id=25776, stack(0x0000001f0f200000,0x0000001f0f300000) (1024K)]
  0x0000014f98545a60 JavaThread "http-nio-7050-exec-10"      daemon [_thread_blocked, id=31204, stack(0x0000001f0f300000,0x0000001f0f400000) (1024K)]
  0x0000014f98543990 JavaThread "http-nio-7050-Poller"       daemon [_thread_in_native, id=30024, stack(0x0000001f0f400000,0x0000001f0f500000) (1024K)]
  0x0000014f985474a0 JavaThread "http-nio-7050-Acceptor"     daemon [_thread_in_native, id=27844, stack(0x0000001f0f500000,0x0000001f0f600000) (1024K)]
Total: 30

Other Threads:
=>0x0000014f51bf6450 VMThread "VM Thread"                           [id=29948, stack(0x0000001f0cd00000,0x0000001f0ce00000) (1024K)]
  0x0000014f51be3360 WatcherThread "VM Periodic Task Thread"        [id=26684, stack(0x0000001f0cc00000,0x0000001f0cd00000) (1024K)]
  0x0000014f41363f90 WorkerThread "GC Thread#0"                     [id=8660, stack(0x0000001f0c700000,0x0000001f0c800000) (1024K)]
  0x0000014f978932f0 WorkerThread "GC Thread#1"                     [id=27292, stack(0x0000001f0dc00000,0x0000001f0dd00000) (1024K)]
  0x0000014f978b0dc0 WorkerThread "GC Thread#2"                     [id=16984, stack(0x0000001f0dd00000,0x0000001f0de00000) (1024K)]
  0x0000014f978b1160 WorkerThread "GC Thread#3"                     [id=27800, stack(0x0000001f0de00000,0x0000001f0df00000) (1024K)]
  0x0000014f978b1500 WorkerThread "GC Thread#4"                     [id=3196, stack(0x0000001f0df00000,0x0000001f0e000000) (1024K)]
  0x0000014f978c8390 WorkerThread "GC Thread#5"                     [id=21384, stack(0x0000001f0e000000,0x0000001f0e100000) (1024K)]
  0x0000014f97ba4240 WorkerThread "GC Thread#6"                     [id=29084, stack(0x0000001f0e200000,0x0000001f0e300000) (1024K)]
  0x0000014f97bd9f70 WorkerThread "GC Thread#7"                     [id=30964, stack(0x0000001f0e300000,0x0000001f0e400000) (1024K)]
  0x0000014f41374670 ConcurrentGCThread "G1 Main Marker"            [id=31376, stack(0x0000001f0c800000,0x0000001f0c900000) (1024K)]
  0x0000014f41375070 WorkerThread "G1 Conc#0"                       [id=31516, stack(0x0000001f0c900000,0x0000001f0ca00000) (1024K)]
  0x0000014f97ac1090 WorkerThread "G1 Conc#1"                       [id=12832, stack(0x0000001f0e100000,0x0000001f0e200000) (1024K)]
  0x0000014f413beb30 ConcurrentGCThread "G1 Refine#0"               [id=29444, stack(0x0000001f0ca00000,0x0000001f0cb00000) (1024K)]
  0x0000014f51ab27c0 ConcurrentGCThread "G1 Service"                [id=26484, stack(0x0000001f0cb00000,0x0000001f0cc00000) (1024K)]
Total: 15

Threads with active compile tasks:
Total: 0

VM state: at safepoint (normal execution)

VM Mutex/Monitor currently owned by a thread:  ([mutex/lock_event])
[0x00007ffa5cd4d570] Threads_lock - owner thread: 0x0000014f51bf6450
[0x00007ffa5cd4d670] Heap_lock - owner thread: 0x0000014f98505290

Heap address: 0x0000000084000000, size: 1984 MB, Compressed Oops mode: 32-bit

CDS archive(s) mapped at: [0x0000014f52000000-0x0000014f52c80000-0x0000014f52c80000), size 13107200, SharedBaseAddress: 0x0000014f52000000, ArchiveRelocationMode: 1.
Compressed class space mapped at: 0x0000014f53000000-0x0000014f93000000, reserved size: 1073741824
Narrow klass base: 0x0000014f52000000, Narrow klass shift: 0, Narrow klass range: 0x100000000

GC Precious Log:
 CardTable entry size: 512
 Card Set container configuration: InlinePtr #cards 5 size 8 Array Of Cards #cards 12 size 40 Howl #buckets 4 coarsen threshold 1843 Howl Bitmap #cards 512 size 80 coarsen threshold 460 Card regions per heap region 1 cards per card region 2048
 CPUs: 8 total, 8 available
 Memory: 7934M
 Large Page Support: Disabled
 NUMA Support: Disabled
 Compressed Oops: Enabled (32-bit)
 Heap Region Size: 1M
 Heap Min Capacity: 8M
 Heap Initial Capacity: 124M
 Heap Max Capacity: 1984M
 Pre-touch: Disabled
 Parallel Workers: 8
 Concurrent Workers: 2
 Concurrent Refinement Workers: 8
 Periodic GC: Disabled

Heap:
 garbage-first heap   total 400384K, used 71242K [0x0000000084000000, 0x0000000100000000)
  region size 1024K, 2 young (2048K), 2 survivors (2048K)
 Metaspace       used 37144K, committed 37760K, reserved 1114112K
  class space    used 4927K, committed 5184K, reserved 1048576K

Heap Regions: E=young(eden), S=young(survivor), O=old, HS=humongous(starts), HC=humongous(continues), CS=collection set, F=free, TAMS=top-at-mark-start, PB=parsable bottom
|   0|0x0000000084000000, 0x00000000840fffb8, 0x0000000084100000| 99%| O|  |TAMS 0x0000000084000000| PB 0x0000000084000000| Untracked 
|   1|0x0000000084100000, 0x0000000084200000, 0x0000000084200000|100%| O|  |TAMS 0x0000000084100000| PB 0x0000000084100000| Untracked 
|   2|0x0000000084200000, 0x0000000084300000, 0x0000000084300000|100%| O|  |TAMS 0x0000000084200000| PB 0x0000000084200000| Untracked 
|   3|0x0000000084300000, 0x00000000843fffa0, 0x0000000084400000| 99%| O|  |TAMS 0x0000000084300000| PB 0x0000000084300000| Untracked 
|   4|0x0000000084400000, 0x00000000844ffff8, 0x0000000084500000| 99%| O|  |TAMS 0x0000000084400000| PB 0x0000000084400000| Untracked 
|   5|0x0000000084500000, 0x00000000845fff60, 0x0000000084600000| 99%| O|  |TAMS 0x0000000084500000| PB 0x0000000084500000| Untracked 
|   6|0x0000000084600000, 0x0000000084700000, 0x0000000084700000|100%| O|  |TAMS 0x0000000084600000| PB 0x0000000084600000| Untracked 
|   7|0x0000000084700000, 0x00000000847f7360, 0x0000000084800000| 96%| O|  |TAMS 0x0000000084700000| PB 0x0000000084700000| Untracked 
|   8|0x0000000084800000, 0x00000000848ffff8, 0x0000000084900000| 99%| O|  |TAMS 0x0000000084800000| PB 0x0000000084800000| Untracked 
|   9|0x0000000084900000, 0x00000000849fff80, 0x0000000084a00000| 99%| O|  |TAMS 0x0000000084900000| PB 0x0000000084900000| Untracked 
|  10|0x0000000084a00000, 0x0000000084afffc8, 0x0000000084b00000| 99%| O|  |TAMS 0x0000000084a00000| PB 0x0000000084a00000| Untracked 
|  11|0x0000000084b00000, 0x0000000084b9e4f8, 0x0000000084c00000| 61%| O|  |TAMS 0x0000000084b00000| PB 0x0000000084b00000| Untracked 
|  12|0x0000000084c00000, 0x0000000084cfffe0, 0x0000000084d00000| 99%| O|  |TAMS 0x0000000084c00000| PB 0x0000000084c00000| Untracked 
|  13|0x0000000084d00000, 0x0000000084dffff0, 0x0000000084e00000| 99%| O|  |TAMS 0x0000000084d00000| PB 0x0000000084d00000| Untracked 
|  14|0x0000000084e00000, 0x0000000084e2c2f8, 0x0000000084f00000| 17%| O|  |TAMS 0x0000000084e00000| PB 0x0000000084e00000| Untracked 
|  15|0x0000000084f00000, 0x0000000084fc9b10, 0x0000000085000000| 78%| O|  |TAMS 0x0000000084f00000| PB 0x0000000084f00000| Untracked 
|  16|0x0000000085000000, 0x0000000085100000, 0x0000000085100000|100%| O|  |TAMS 0x0000000085000000| PB 0x0000000085000000| Untracked 
|  17|0x0000000085100000, 0x00000000851ffff0, 0x0000000085200000| 99%| O|  |TAMS 0x0000000085100000| PB 0x0000000085100000| Untracked 
|  18|0x0000000085200000, 0x00000000852632e8, 0x0000000085300000| 38%| O|  |TAMS 0x0000000085200000| PB 0x0000000085200000| Untracked 
|  19|0x0000000085300000, 0x0000000085400000, 0x0000000085400000|100%| O|  |TAMS 0x0000000085300000| PB 0x0000000085300000| Untracked 
|  20|0x0000000085400000, 0x0000000085500000, 0x0000000085500000|100%| O|  |TAMS 0x0000000085400000| PB 0x0000000085400000| Untracked 
|  21|0x0000000085500000, 0x0000000085600000, 0x0000000085600000|100%| O|  |TAMS 0x0000000085500000| PB 0x0000000085500000| Untracked 
|  22|0x0000000085600000, 0x0000000085623a78, 0x0000000085700000| 13%| O|  |TAMS 0x0000000085600000| PB 0x0000000085600000| Untracked 
|  23|0x0000000085700000, 0x0000000085800000, 0x0000000085800000|100%| O|  |TAMS 0x0000000085700000| PB 0x0000000085700000| Untracked 
|  24|0x0000000085800000, 0x0000000085900000, 0x0000000085900000|100%| O|  |TAMS 0x0000000085800000| PB 0x0000000085800000| Untracked 
|  25|0x0000000085900000, 0x0000000085a00000, 0x0000000085a00000|100%| O|  |TAMS 0x0000000085900000| PB 0x0000000085900000| Untracked 
|  26|0x0000000085a00000, 0x0000000085b00000, 0x0000000085b00000|100%| O|  |TAMS 0x0000000085a00000| PB 0x0000000085a00000| Untracked 
|  27|0x0000000085b00000, 0x0000000085c00000, 0x0000000085c00000|100%| O|  |TAMS 0x0000000085b00000| PB 0x0000000085b00000| Untracked 
|  28|0x0000000085c00000, 0x0000000085d00000, 0x0000000085d00000|100%| O|  |TAMS 0x0000000085c00000| PB 0x0000000085c00000| Untracked 
|  29|0x0000000085d00000, 0x0000000085e00000, 0x0000000085e00000|100%| O|  |TAMS 0x0000000085d00000| PB 0x0000000085d00000| Untracked 
|  30|0x0000000085e00000, 0x0000000085f00000, 0x0000000085f00000|100%| O|  |TAMS 0x0000000085e00000| PB 0x0000000085e00000| Untracked 
|  31|0x0000000085f00000, 0x0000000086000000, 0x0000000086000000|100%| O|  |TAMS 0x0000000085f00000| PB 0x0000000085f00000| Untracked 
|  32|0x0000000086000000, 0x0000000086100000, 0x0000000086100000|100%| O|  |TAMS 0x0000000086000000| PB 0x0000000086000000| Untracked 
|  33|0x0000000086100000, 0x0000000086200000, 0x0000000086200000|100%| O|  |TAMS 0x0000000086100000| PB 0x0000000086100000| Untracked 
|  34|0x0000000086200000, 0x0000000086300000, 0x0000000086300000|100%| O|  |TAMS 0x0000000086200000| PB 0x0000000086200000| Untracked 
|  35|0x0000000086300000, 0x0000000086400000, 0x0000000086400000|100%| O|  |TAMS 0x0000000086300000| PB 0x0000000086300000| Untracked 
|  36|0x0000000086400000, 0x0000000086500000, 0x0000000086500000|100%| O|  |TAMS 0x0000000086400000| PB 0x0000000086400000| Untracked 
|  37|0x0000000086500000, 0x0000000086600000, 0x0000000086600000|100%| O|  |TAMS 0x0000000086500000| PB 0x0000000086500000| Untracked 
|  38|0x0000000086600000, 0x0000000086700000, 0x0000000086700000|100%| O|  |TAMS 0x0000000086600000| PB 0x0000000086600000| Untracked 
|  39|0x0000000086700000, 0x0000000086800000, 0x0000000086800000|100%| O|  |TAMS 0x0000000086700000| PB 0x0000000086700000| Untracked 
|  40|0x0000000086800000, 0x0000000086900000, 0x0000000086900000|100%| O|  |TAMS 0x0000000086800000| PB 0x0000000086800000| Untracked 
|  41|0x0000000086900000, 0x0000000086a00000, 0x0000000086a00000|100%| O|  |TAMS 0x0000000086900000| PB 0x0000000086900000| Untracked 
|  42|0x0000000086a00000, 0x0000000086b00000, 0x0000000086b00000|100%| O|  |TAMS 0x0000000086a00000| PB 0x0000000086a00000| Untracked 
|  43|0x0000000086b00000, 0x0000000086c00000, 0x0000000086c00000|100%| O|  |TAMS 0x0000000086b00000| PB 0x0000000086b00000| Untracked 
|  44|0x0000000086c00000, 0x0000000086d00000, 0x0000000086d00000|100%| O|  |TAMS 0x0000000086c00000| PB 0x0000000086c00000| Untracked 
|  45|0x0000000086d00000, 0x0000000086e00000, 0x0000000086e00000|100%| O|  |TAMS 0x0000000086d00000| PB 0x0000000086d00000| Untracked 
|  46|0x0000000086e00000, 0x0000000086f00000, 0x0000000086f00000|100%| O|  |TAMS 0x0000000086e00000| PB 0x0000000086e00000| Untracked 
|  47|0x0000000086f00000, 0x0000000087000000, 0x0000000087000000|100%| O|  |TAMS 0x0000000086f00000| PB 0x0000000086f00000| Untracked 
|  48|0x0000000087000000, 0x0000000087100000, 0x0000000087100000|100%| O|  |TAMS 0x0000000087000000| PB 0x0000000087000000| Untracked 
|  49|0x0000000087100000, 0x0000000087200000, 0x0000000087200000|100%| O|  |TAMS 0x0000000087100000| PB 0x0000000087100000| Untracked 
|  50|0x0000000087200000, 0x0000000087300000, 0x0000000087300000|100%| O|  |TAMS 0x0000000087200000| PB 0x0000000087200000| Untracked 
|  51|0x0000000087300000, 0x0000000087400000, 0x0000000087400000|100%| O|  |TAMS 0x0000000087300000| PB 0x0000000087300000| Untracked 
|  52|0x0000000087400000, 0x0000000087500000, 0x0000000087500000|100%| O|  |TAMS 0x0000000087400000| PB 0x0000000087400000| Untracked 
|  53|0x0000000087500000, 0x0000000087600000, 0x0000000087600000|100%| O|  |TAMS 0x0000000087500000| PB 0x0000000087500000| Untracked 
|  54|0x0000000087600000, 0x0000000087700000, 0x0000000087700000|100%| O|  |TAMS 0x0000000087600000| PB 0x0000000087600000| Untracked 
|  55|0x0000000087700000, 0x0000000087800000, 0x0000000087800000|100%| O|  |TAMS 0x0000000087700000| PB 0x0000000087700000| Untracked 
|  56|0x0000000087800000, 0x0000000087900000, 0x0000000087900000|100%| O|  |TAMS 0x0000000087800000| PB 0x0000000087800000| Untracked 
|  57|0x0000000087900000, 0x0000000087a00000, 0x0000000087a00000|100%| O|  |TAMS 0x0000000087900000| PB 0x0000000087900000| Untracked 
|  58|0x0000000087a00000, 0x0000000087b00000, 0x0000000087b00000|100%| O|  |TAMS 0x0000000087a00000| PB 0x0000000087a00000| Untracked 
|  59|0x0000000087b00000, 0x0000000087c00000, 0x0000000087c00000|100%| O|  |TAMS 0x0000000087b00000| PB 0x0000000087b00000| Untracked 
|  60|0x0000000087c00000, 0x0000000087d00000, 0x0000000087d00000|100%| O|  |TAMS 0x0000000087c00000| PB 0x0000000087c00000| Untracked 
|  61|0x0000000087d00000, 0x0000000087e00000, 0x0000000087e00000|100%| O|  |TAMS 0x0000000087d00000| PB 0x0000000087d00000| Untracked 
|  62|0x0000000087e00000, 0x0000000087f00000, 0x0000000087f00000|100%| O|  |TAMS 0x0000000087e00000| PB 0x0000000087e00000| Untracked 
|  63|0x0000000087f00000, 0x0000000088000000, 0x0000000088000000|100%| O|  |TAMS 0x0000000087f00000| PB 0x0000000087f00000| Untracked 
|  64|0x0000000088000000, 0x0000000088100000, 0x0000000088100000|100%| O|  |TAMS 0x0000000088000000| PB 0x0000000088000000| Untracked 
|  65|0x0000000088100000, 0x0000000088200000, 0x0000000088200000|100%| O|  |TAMS 0x0000000088100000| PB 0x0000000088100000| Untracked 
|  66|0x0000000088200000, 0x0000000088300000, 0x0000000088300000|100%| O|  |TAMS 0x0000000088200000| PB 0x0000000088200000| Untracked 
|  67|0x0000000088300000, 0x0000000088400000, 0x0000000088400000|100%| O|  |TAMS 0x0000000088300000| PB 0x0000000088300000| Untracked 
|  68|0x0000000088400000, 0x0000000088500000, 0x0000000088500000|100%| O|  |TAMS 0x0000000088400000| PB 0x0000000088400000| Untracked 
|  69|0x0000000088500000, 0x0000000088600000, 0x0000000088600000|100%| O|  |TAMS 0x0000000088500000| PB 0x0000000088500000| Untracked 
|  70|0x0000000088600000, 0x0000000088696598, 0x0000000088700000| 58%| O|  |TAMS 0x0000000088600000| PB 0x0000000088600000| Untracked 
|  71|0x0000000088700000, 0x0000000088700000, 0x0000000088800000|  0%| F|  |TAMS 0x0000000088700000| PB 0x0000000088700000| Untracked 
|  72|0x0000000088800000, 0x0000000088800000, 0x0000000088900000|  0%| F|  |TAMS 0x0000000088800000| PB 0x0000000088800000| Untracked 
|  73|0x0000000088900000, 0x0000000088900000, 0x0000000088a00000|  0%| F|  |TAMS 0x0000000088900000| PB 0x0000000088900000| Untracked 
|  74|0x0000000088a00000, 0x0000000088a00000, 0x0000000088b00000|  0%| F|  |TAMS 0x0000000088a00000| PB 0x0000000088a00000| Untracked 
|  75|0x0000000088b00000, 0x0000000088b00000, 0x0000000088c00000|  0%| F|  |TAMS 0x0000000088b00000| PB 0x0000000088b00000| Untracked 
|  76|0x0000000088c00000, 0x0000000088c00000, 0x0000000088d00000|  0%| F|  |TAMS 0x0000000088c00000| PB 0x0000000088c00000| Untracked 
|  77|0x0000000088d00000, 0x0000000088d00000, 0x0000000088e00000|  0%| F|  |TAMS 0x0000000088d00000| PB 0x0000000088d00000| Untracked 
|  78|0x0000000088e00000, 0x0000000088e00000, 0x0000000088f00000|  0%| F|  |TAMS 0x0000000088e00000| PB 0x0000000088e00000| Untracked 
|  79|0x0000000088f00000, 0x0000000088f00000, 0x0000000089000000|  0%| F|  |TAMS 0x0000000088f00000| PB 0x0000000088f00000| Untracked 
|  80|0x0000000089000000, 0x0000000089000000, 0x0000000089100000|  0%| F|  |TAMS 0x0000000089000000| PB 0x0000000089000000| Untracked 
|  81|0x0000000089100000, 0x0000000089100000, 0x0000000089200000|  0%| F|  |TAMS 0x0000000089100000| PB 0x0000000089100000| Untracked 
|  82|0x0000000089200000, 0x0000000089200000, 0x0000000089300000|  0%| F|  |TAMS 0x0000000089200000| PB 0x0000000089200000| Untracked 
|  83|0x0000000089300000, 0x0000000089300000, 0x0000000089400000|  0%| F|  |TAMS 0x0000000089300000| PB 0x0000000089300000| Untracked 
|  84|0x0000000089400000, 0x0000000089400000, 0x0000000089500000|  0%| F|  |TAMS 0x0000000089400000| PB 0x0000000089400000| Untracked 
|  85|0x0000000089500000, 0x0000000089500000, 0x0000000089600000|  0%| F|  |TAMS 0x0000000089500000| PB 0x0000000089500000| Untracked 
|  86|0x0000000089600000, 0x0000000089600000, 0x0000000089700000|  0%| F|  |TAMS 0x0000000089600000| PB 0x0000000089600000| Untracked 
|  87|0x0000000089700000, 0x0000000089700000, 0x0000000089800000|  0%| F|  |TAMS 0x0000000089700000| PB 0x0000000089700000| Untracked 
|  88|0x0000000089800000, 0x0000000089800000, 0x0000000089900000|  0%| F|  |TAMS 0x0000000089800000| PB 0x0000000089800000| Untracked 
|  89|0x0000000089900000, 0x0000000089900000, 0x0000000089a00000|  0%| F|  |TAMS 0x0000000089900000| PB 0x0000000089900000| Untracked 
|  90|0x0000000089a00000, 0x0000000089a00000, 0x0000000089b00000|  0%| F|  |TAMS 0x0000000089a00000| PB 0x0000000089a00000| Untracked 
|  91|0x0000000089b00000, 0x0000000089b00000, 0x0000000089c00000|  0%| F|  |TAMS 0x0000000089b00000| PB 0x0000000089b00000| Untracked 
|  92|0x0000000089c00000, 0x0000000089c00000, 0x0000000089d00000|  0%| F|  |TAMS 0x0000000089c00000| PB 0x0000000089c00000| Untracked 
|  93|0x0000000089d00000, 0x0000000089d00000, 0x0000000089e00000|  0%| F|  |TAMS 0x0000000089d00000| PB 0x0000000089d00000| Untracked 
|  94|0x0000000089e00000, 0x0000000089e00000, 0x0000000089f00000|  0%| F|  |TAMS 0x0000000089e00000| PB 0x0000000089e00000| Untracked 
|  95|0x0000000089f00000, 0x0000000089f00000, 0x000000008a000000|  0%| F|  |TAMS 0x0000000089f00000| PB 0x0000000089f00000| Untracked 
|  96|0x000000008a000000, 0x000000008a000000, 0x000000008a100000|  0%| F|  |TAMS 0x000000008a000000| PB 0x000000008a000000| Untracked 
|  97|0x000000008a100000, 0x000000008a100000, 0x000000008a200000|  0%| F|  |TAMS 0x000000008a100000| PB 0x000000008a100000| Untracked 
|  98|0x000000008a200000, 0x000000008a200000, 0x000000008a300000|  0%| F|  |TAMS 0x000000008a200000| PB 0x000000008a200000| Untracked 
|  99|0x000000008a300000, 0x000000008a300000, 0x000000008a400000|  0%| F|  |TAMS 0x000000008a300000| PB 0x000000008a300000| Untracked 
| 100|0x000000008a400000, 0x000000008a400000, 0x000000008a500000|  0%| F|  |TAMS 0x000000008a400000| PB 0x000000008a400000| Untracked 
| 101|0x000000008a500000, 0x000000008a500000, 0x000000008a600000|  0%| F|  |TAMS 0x000000008a500000| PB 0x000000008a500000| Untracked 
| 102|0x000000008a600000, 0x000000008a600000, 0x000000008a700000|  0%| F|  |TAMS 0x000000008a600000| PB 0x000000008a600000| Untracked 
| 103|0x000000008a700000, 0x000000008a700000, 0x000000008a800000|  0%| F|  |TAMS 0x000000008a700000| PB 0x000000008a700000| Untracked 
| 104|0x000000008a800000, 0x000000008a800000, 0x000000008a900000|  0%| F|  |TAMS 0x000000008a800000| PB 0x000000008a800000| Untracked 
| 105|0x000000008a900000, 0x000000008a900000, 0x000000008aa00000|  0%| F|  |TAMS 0x000000008a900000| PB 0x000000008a900000| Untracked 
| 106|0x000000008aa00000, 0x000000008aa00000, 0x000000008ab00000|  0%| F|  |TAMS 0x000000008aa00000| PB 0x000000008aa00000| Untracked 
| 107|0x000000008ab00000, 0x000000008ab00000, 0x000000008ac00000|  0%| F|  |TAMS 0x000000008ab00000| PB 0x000000008ab00000| Untracked 
| 108|0x000000008ac00000, 0x000000008ac00000, 0x000000008ad00000|  0%| F|  |TAMS 0x000000008ac00000| PB 0x000000008ac00000| Untracked 
| 109|0x000000008ad00000, 0x000000008ad00000, 0x000000008ae00000|  0%| F|  |TAMS 0x000000008ad00000| PB 0x000000008ad00000| Untracked 
| 110|0x000000008ae00000, 0x000000008ae00000, 0x000000008af00000|  0%| F|  |TAMS 0x000000008ae00000| PB 0x000000008ae00000| Untracked 
| 111|0x000000008af00000, 0x000000008af00000, 0x000000008b000000|  0%| F|  |TAMS 0x000000008af00000| PB 0x000000008af00000| Untracked 
| 112|0x000000008b000000, 0x000000008b000000, 0x000000008b100000|  0%| F|  |TAMS 0x000000008b000000| PB 0x000000008b000000| Untracked 
| 113|0x000000008b100000, 0x000000008b100000, 0x000000008b200000|  0%| F|  |TAMS 0x000000008b100000| PB 0x000000008b100000| Untracked 
| 114|0x000000008b200000, 0x000000008b200000, 0x000000008b300000|  0%| F|  |TAMS 0x000000008b200000| PB 0x000000008b200000| Untracked 
| 115|0x000000008b300000, 0x000000008b300000, 0x000000008b400000|  0%| F|  |TAMS 0x000000008b300000| PB 0x000000008b300000| Untracked 
| 116|0x000000008b400000, 0x000000008b400000, 0x000000008b500000|  0%| F|  |TAMS 0x000000008b400000| PB 0x000000008b400000| Untracked 
| 117|0x000000008b500000, 0x000000008b500000, 0x000000008b600000|  0%| F|  |TAMS 0x000000008b500000| PB 0x000000008b500000| Untracked 
| 118|0x000000008b600000, 0x000000008b600000, 0x000000008b700000|  0%| F|  |TAMS 0x000000008b600000| PB 0x000000008b600000| Untracked 
| 119|0x000000008b700000, 0x000000008b700000, 0x000000008b800000|  0%| F|  |TAMS 0x000000008b700000| PB 0x000000008b700000| Untracked 
| 120|0x000000008b800000, 0x000000008b800000, 0x000000008b900000|  0%| F|  |TAMS 0x000000008b800000| PB 0x000000008b800000| Untracked 
| 121|0x000000008b900000, 0x000000008b900000, 0x000000008ba00000|  0%| F|  |TAMS 0x000000008b900000| PB 0x000000008b900000| Untracked 
| 122|0x000000008ba00000, 0x000000008ba00000, 0x000000008bb00000|  0%| F|  |TAMS 0x000000008ba00000| PB 0x000000008ba00000| Untracked 
| 123|0x000000008bb00000, 0x000000008bb00000, 0x000000008bc00000|  0%| F|  |TAMS 0x000000008bb00000| PB 0x000000008bb00000| Untracked 
| 124|0x000000008bc00000, 0x000000008bc00000, 0x000000008bd00000|  0%| F|  |TAMS 0x000000008bc00000| PB 0x000000008bc00000| Untracked 
| 125|0x000000008bd00000, 0x000000008bd00000, 0x000000008be00000|  0%| F|  |TAMS 0x000000008bd00000| PB 0x000000008bd00000| Untracked 
| 126|0x000000008be00000, 0x000000008be00000, 0x000000008bf00000|  0%| F|  |TAMS 0x000000008be00000| PB 0x000000008be00000| Untracked 
| 127|0x000000008bf00000, 0x000000008bf00000, 0x000000008c000000|  0%| F|  |TAMS 0x000000008bf00000| PB 0x000000008bf00000| Untracked 
| 128|0x000000008c000000, 0x000000008c000000, 0x000000008c100000|  0%| F|  |TAMS 0x000000008c000000| PB 0x000000008c000000| Untracked 
| 129|0x000000008c100000, 0x000000008c100000, 0x000000008c200000|  0%| F|  |TAMS 0x000000008c100000| PB 0x000000008c100000| Untracked 
| 130|0x000000008c200000, 0x000000008c200000, 0x000000008c300000|  0%| F|  |TAMS 0x000000008c200000| PB 0x000000008c200000| Untracked 
| 131|0x000000008c300000, 0x000000008c300000, 0x000000008c400000|  0%| F|  |TAMS 0x000000008c300000| PB 0x000000008c300000| Untracked 
| 132|0x000000008c400000, 0x000000008c400000, 0x000000008c500000|  0%| F|  |TAMS 0x000000008c400000| PB 0x000000008c400000| Untracked 
| 133|0x000000008c500000, 0x000000008c500000, 0x000000008c600000|  0%| F|  |TAMS 0x000000008c500000| PB 0x000000008c500000| Untracked 
| 134|0x000000008c600000, 0x000000008c600000, 0x000000008c700000|  0%| F|  |TAMS 0x000000008c600000| PB 0x000000008c600000| Untracked 
| 135|0x000000008c700000, 0x000000008c700000, 0x000000008c800000|  0%| F|  |TAMS 0x000000008c700000| PB 0x000000008c700000| Untracked 
| 136|0x000000008c800000, 0x000000008c800000, 0x000000008c900000|  0%| F|  |TAMS 0x000000008c800000| PB 0x000000008c800000| Untracked 
| 137|0x000000008c900000, 0x000000008c900000, 0x000000008ca00000|  0%| F|  |TAMS 0x000000008c900000| PB 0x000000008c900000| Untracked 
| 138|0x000000008ca00000, 0x000000008ca00000, 0x000000008cb00000|  0%| F|  |TAMS 0x000000008ca00000| PB 0x000000008ca00000| Untracked 
| 139|0x000000008cb00000, 0x000000008cb00000, 0x000000008cc00000|  0%| F|  |TAMS 0x000000008cb00000| PB 0x000000008cb00000| Untracked 
| 140|0x000000008cc00000, 0x000000008cc00000, 0x000000008cd00000|  0%| F|  |TAMS 0x000000008cc00000| PB 0x000000008cc00000| Untracked 
| 141|0x000000008cd00000, 0x000000008cd00000, 0x000000008ce00000|  0%| F|  |TAMS 0x000000008cd00000| PB 0x000000008cd00000| Untracked 
| 142|0x000000008ce00000, 0x000000008ce00000, 0x000000008cf00000|  0%| F|  |TAMS 0x000000008ce00000| PB 0x000000008ce00000| Untracked 
| 143|0x000000008cf00000, 0x000000008cf00000, 0x000000008d000000|  0%| F|  |TAMS 0x000000008cf00000| PB 0x000000008cf00000| Untracked 
| 144|0x000000008d000000, 0x000000008d000000, 0x000000008d100000|  0%| F|  |TAMS 0x000000008d000000| PB 0x000000008d000000| Untracked 
| 145|0x000000008d100000, 0x000000008d100000, 0x000000008d200000|  0%| F|  |TAMS 0x000000008d100000| PB 0x000000008d100000| Untracked 
| 146|0x000000008d200000, 0x000000008d200000, 0x000000008d300000|  0%| F|  |TAMS 0x000000008d200000| PB 0x000000008d200000| Untracked 
| 147|0x000000008d300000, 0x000000008d300000, 0x000000008d400000|  0%| F|  |TAMS 0x000000008d300000| PB 0x000000008d300000| Untracked 
| 148|0x000000008d400000, 0x000000008d400000, 0x000000008d500000|  0%| F|  |TAMS 0x000000008d400000| PB 0x000000008d400000| Untracked 
| 149|0x000000008d500000, 0x000000008d500000, 0x000000008d600000|  0%| F|  |TAMS 0x000000008d500000| PB 0x000000008d500000| Untracked 
| 150|0x000000008d600000, 0x000000008d600000, 0x000000008d700000|  0%| F|  |TAMS 0x000000008d600000| PB 0x000000008d600000| Untracked 
| 151|0x000000008d700000, 0x000000008d700000, 0x000000008d800000|  0%| F|  |TAMS 0x000000008d700000| PB 0x000000008d700000| Untracked 
| 152|0x000000008d800000, 0x000000008d800000, 0x000000008d900000|  0%| F|  |TAMS 0x000000008d800000| PB 0x000000008d800000| Untracked 
| 153|0x000000008d900000, 0x000000008d900000, 0x000000008da00000|  0%| F|  |TAMS 0x000000008d900000| PB 0x000000008d900000| Untracked 
| 154|0x000000008da00000, 0x000000008da00000, 0x000000008db00000|  0%| F|  |TAMS 0x000000008da00000| PB 0x000000008da00000| Untracked 
| 155|0x000000008db00000, 0x000000008db00000, 0x000000008dc00000|  0%| F|  |TAMS 0x000000008db00000| PB 0x000000008db00000| Untracked 
| 156|0x000000008dc00000, 0x000000008dc00000, 0x000000008dd00000|  0%| F|  |TAMS 0x000000008dc00000| PB 0x000000008dc00000| Untracked 
| 157|0x000000008dd00000, 0x000000008dd00000, 0x000000008de00000|  0%| F|  |TAMS 0x000000008dd00000| PB 0x000000008dd00000| Untracked 
| 158|0x000000008de00000, 0x000000008de00000, 0x000000008df00000|  0%| F|  |TAMS 0x000000008de00000| PB 0x000000008de00000| Untracked 
| 159|0x000000008df00000, 0x000000008df00000, 0x000000008e000000|  0%| F|  |TAMS 0x000000008df00000| PB 0x000000008df00000| Untracked 
| 160|0x000000008e000000, 0x000000008e000000, 0x000000008e100000|  0%| F|  |TAMS 0x000000008e000000| PB 0x000000008e000000| Untracked 
| 161|0x000000008e100000, 0x000000008e100000, 0x000000008e200000|  0%| F|  |TAMS 0x000000008e100000| PB 0x000000008e100000| Untracked 
| 162|0x000000008e200000, 0x000000008e200000, 0x000000008e300000|  0%| F|  |TAMS 0x000000008e200000| PB 0x000000008e200000| Untracked 
| 163|0x000000008e300000, 0x000000008e300000, 0x000000008e400000|  0%| F|  |TAMS 0x000000008e300000| PB 0x000000008e300000| Untracked 
| 164|0x000000008e400000, 0x000000008e400000, 0x000000008e500000|  0%| F|  |TAMS 0x000000008e400000| PB 0x000000008e400000| Untracked 
| 165|0x000000008e500000, 0x000000008e500000, 0x000000008e600000|  0%| F|  |TAMS 0x000000008e500000| PB 0x000000008e500000| Untracked 
| 166|0x000000008e600000, 0x000000008e600000, 0x000000008e700000|  0%| F|  |TAMS 0x000000008e600000| PB 0x000000008e600000| Untracked 
| 167|0x000000008e700000, 0x000000008e700000, 0x000000008e800000|  0%| F|  |TAMS 0x000000008e700000| PB 0x000000008e700000| Untracked 
| 168|0x000000008e800000, 0x000000008e800000, 0x000000008e900000|  0%| F|  |TAMS 0x000000008e800000| PB 0x000000008e800000| Untracked 
| 169|0x000000008e900000, 0x000000008e900000, 0x000000008ea00000|  0%| F|  |TAMS 0x000000008e900000| PB 0x000000008e900000| Untracked 
| 170|0x000000008ea00000, 0x000000008ea00000, 0x000000008eb00000|  0%| F|  |TAMS 0x000000008ea00000| PB 0x000000008ea00000| Untracked 
| 171|0x000000008eb00000, 0x000000008eb00000, 0x000000008ec00000|  0%| F|  |TAMS 0x000000008eb00000| PB 0x000000008eb00000| Untracked 
| 172|0x000000008ec00000, 0x000000008ec00000, 0x000000008ed00000|  0%| F|  |TAMS 0x000000008ec00000| PB 0x000000008ec00000| Untracked 
| 173|0x000000008ed00000, 0x000000008ed00000, 0x000000008ee00000|  0%| F|  |TAMS 0x000000008ed00000| PB 0x000000008ed00000| Untracked 
| 174|0x000000008ee00000, 0x000000008ee00000, 0x000000008ef00000|  0%| F|  |TAMS 0x000000008ee00000| PB 0x000000008ee00000| Untracked 
| 175|0x000000008ef00000, 0x000000008ef00000, 0x000000008f000000|  0%| F|  |TAMS 0x000000008ef00000| PB 0x000000008ef00000| Untracked 
| 176|0x000000008f000000, 0x000000008f000000, 0x000000008f100000|  0%| F|  |TAMS 0x000000008f000000| PB 0x000000008f000000| Untracked 
| 177|0x000000008f100000, 0x000000008f100000, 0x000000008f200000|  0%| F|  |TAMS 0x000000008f100000| PB 0x000000008f100000| Untracked 
| 178|0x000000008f200000, 0x000000008f200000, 0x000000008f300000|  0%| F|  |TAMS 0x000000008f200000| PB 0x000000008f200000| Untracked 
| 179|0x000000008f300000, 0x000000008f300000, 0x000000008f400000|  0%| F|  |TAMS 0x000000008f300000| PB 0x000000008f300000| Untracked 
| 180|0x000000008f400000, 0x000000008f400000, 0x000000008f500000|  0%| F|  |TAMS 0x000000008f400000| PB 0x000000008f400000| Untracked 
| 181|0x000000008f500000, 0x000000008f500000, 0x000000008f600000|  0%| F|  |TAMS 0x000000008f500000| PB 0x000000008f500000| Untracked 
| 182|0x000000008f600000, 0x000000008f600000, 0x000000008f700000|  0%| F|  |TAMS 0x000000008f600000| PB 0x000000008f600000| Untracked 
| 183|0x000000008f700000, 0x000000008f700000, 0x000000008f800000|  0%| F|  |TAMS 0x000000008f700000| PB 0x000000008f700000| Untracked 
| 184|0x000000008f800000, 0x000000008f800000, 0x000000008f900000|  0%| F|  |TAMS 0x000000008f800000| PB 0x000000008f800000| Untracked 
| 185|0x000000008f900000, 0x000000008f900000, 0x000000008fa00000|  0%| F|  |TAMS 0x000000008f900000| PB 0x000000008f900000| Untracked 
| 186|0x000000008fa00000, 0x000000008fa00000, 0x000000008fb00000|  0%| F|  |TAMS 0x000000008fa00000| PB 0x000000008fa00000| Untracked 
| 187|0x000000008fb00000, 0x000000008fb00000, 0x000000008fc00000|  0%| F|  |TAMS 0x000000008fb00000| PB 0x000000008fb00000| Untracked 
| 188|0x000000008fc00000, 0x000000008fc00000, 0x000000008fd00000|  0%| F|  |TAMS 0x000000008fc00000| PB 0x000000008fc00000| Untracked 
| 189|0x000000008fd00000, 0x000000008fd00000, 0x000000008fe00000|  0%| F|  |TAMS 0x000000008fd00000| PB 0x000000008fd00000| Untracked 
| 190|0x000000008fe00000, 0x000000008fe00000, 0x000000008ff00000|  0%| F|  |TAMS 0x000000008fe00000| PB 0x000000008fe00000| Untracked 
| 191|0x000000008ff00000, 0x000000008ff00000, 0x0000000090000000|  0%| F|  |TAMS 0x000000008ff00000| PB 0x000000008ff00000| Untracked 
| 192|0x0000000090000000, 0x0000000090000000, 0x0000000090100000|  0%| F|  |TAMS 0x0000000090000000| PB 0x0000000090000000| Untracked 
| 193|0x0000000090100000, 0x0000000090100000, 0x0000000090200000|  0%| F|  |TAMS 0x0000000090100000| PB 0x0000000090100000| Untracked 
| 194|0x0000000090200000, 0x0000000090200000, 0x0000000090300000|  0%| F|  |TAMS 0x0000000090200000| PB 0x0000000090200000| Untracked 
| 195|0x0000000090300000, 0x0000000090300000, 0x0000000090400000|  0%| F|  |TAMS 0x0000000090300000| PB 0x0000000090300000| Untracked 
| 196|0x0000000090400000, 0x0000000090400000, 0x0000000090500000|  0%| F|  |TAMS 0x0000000090400000| PB 0x0000000090400000| Untracked 
| 197|0x0000000090500000, 0x0000000090500000, 0x0000000090600000|  0%| F|  |TAMS 0x0000000090500000| PB 0x0000000090500000| Untracked 
| 198|0x0000000090600000, 0x0000000090600000, 0x0000000090700000|  0%| F|  |TAMS 0x0000000090600000| PB 0x0000000090600000| Untracked 
| 199|0x0000000090700000, 0x0000000090700000, 0x0000000090800000|  0%| F|  |TAMS 0x0000000090700000| PB 0x0000000090700000| Untracked 
| 200|0x0000000090800000, 0x0000000090800000, 0x0000000090900000|  0%| F|  |TAMS 0x0000000090800000| PB 0x0000000090800000| Untracked 
| 201|0x0000000090900000, 0x0000000090900000, 0x0000000090a00000|  0%| F|  |TAMS 0x0000000090900000| PB 0x0000000090900000| Untracked 
| 202|0x0000000090a00000, 0x0000000090a00000, 0x0000000090b00000|  0%| F|  |TAMS 0x0000000090a00000| PB 0x0000000090a00000| Untracked 
| 203|0x0000000090b00000, 0x0000000090b00000, 0x0000000090c00000|  0%| F|  |TAMS 0x0000000090b00000| PB 0x0000000090b00000| Untracked 
| 204|0x0000000090c00000, 0x0000000090c00000, 0x0000000090d00000|  0%| F|  |TAMS 0x0000000090c00000| PB 0x0000000090c00000| Untracked 
| 205|0x0000000090d00000, 0x0000000090d00000, 0x0000000090e00000|  0%| F|  |TAMS 0x0000000090d00000| PB 0x0000000090d00000| Untracked 
| 206|0x0000000090e00000, 0x0000000090e00000, 0x0000000090f00000|  0%| F|  |TAMS 0x0000000090e00000| PB 0x0000000090e00000| Untracked 
| 207|0x0000000090f00000, 0x0000000090f00000, 0x0000000091000000|  0%| F|  |TAMS 0x0000000090f00000| PB 0x0000000090f00000| Untracked 
| 208|0x0000000091000000, 0x0000000091000000, 0x0000000091100000|  0%| F|  |TAMS 0x0000000091000000| PB 0x0000000091000000| Untracked 
| 209|0x0000000091100000, 0x0000000091100000, 0x0000000091200000|  0%| F|  |TAMS 0x0000000091100000| PB 0x0000000091100000| Untracked 
| 210|0x0000000091200000, 0x0000000091200000, 0x0000000091300000|  0%| F|  |TAMS 0x0000000091200000| PB 0x0000000091200000| Untracked 
| 211|0x0000000091300000, 0x0000000091300000, 0x0000000091400000|  0%| F|  |TAMS 0x0000000091300000| PB 0x0000000091300000| Untracked 
| 212|0x0000000091400000, 0x0000000091400000, 0x0000000091500000|  0%| F|  |TAMS 0x0000000091400000| PB 0x0000000091400000| Untracked 
| 213|0x0000000091500000, 0x0000000091500000, 0x0000000091600000|  0%| F|  |TAMS 0x0000000091500000| PB 0x0000000091500000| Untracked 
| 214|0x0000000091600000, 0x0000000091600000, 0x0000000091700000|  0%| F|  |TAMS 0x0000000091600000| PB 0x0000000091600000| Untracked 
| 215|0x0000000091700000, 0x0000000091700000, 0x0000000091800000|  0%| F|  |TAMS 0x0000000091700000| PB 0x0000000091700000| Untracked 
| 216|0x0000000091800000, 0x0000000091800000, 0x0000000091900000|  0%| F|  |TAMS 0x0000000091800000| PB 0x0000000091800000| Untracked 
| 217|0x0000000091900000, 0x0000000091900000, 0x0000000091a00000|  0%| F|  |TAMS 0x0000000091900000| PB 0x0000000091900000| Untracked 
| 218|0x0000000091a00000, 0x0000000091a00000, 0x0000000091b00000|  0%| F|  |TAMS 0x0000000091a00000| PB 0x0000000091a00000| Untracked 
| 219|0x0000000091b00000, 0x0000000091b00000, 0x0000000091c00000|  0%| F|  |TAMS 0x0000000091b00000| PB 0x0000000091b00000| Untracked 
| 220|0x0000000091c00000, 0x0000000091c00000, 0x0000000091d00000|  0%| F|  |TAMS 0x0000000091c00000| PB 0x0000000091c00000| Untracked 
| 221|0x0000000091d00000, 0x0000000091d00000, 0x0000000091e00000|  0%| F|  |TAMS 0x0000000091d00000| PB 0x0000000091d00000| Untracked 
| 222|0x0000000091e00000, 0x0000000091e00000, 0x0000000091f00000|  0%| F|  |TAMS 0x0000000091e00000| PB 0x0000000091e00000| Untracked 
| 223|0x0000000091f00000, 0x0000000091f00000, 0x0000000092000000|  0%| F|  |TAMS 0x0000000091f00000| PB 0x0000000091f00000| Untracked 
| 224|0x0000000092000000, 0x0000000092000000, 0x0000000092100000|  0%| F|  |TAMS 0x0000000092000000| PB 0x0000000092000000| Untracked 
| 225|0x0000000092100000, 0x0000000092100000, 0x0000000092200000|  0%| F|  |TAMS 0x0000000092100000| PB 0x0000000092100000| Untracked 
| 226|0x0000000092200000, 0x0000000092200000, 0x0000000092300000|  0%| F|  |TAMS 0x0000000092200000| PB 0x0000000092200000| Untracked 
| 227|0x0000000092300000, 0x0000000092300000, 0x0000000092400000|  0%| F|  |TAMS 0x0000000092300000| PB 0x0000000092300000| Untracked 
| 228|0x0000000092400000, 0x0000000092400000, 0x0000000092500000|  0%| F|  |TAMS 0x0000000092400000| PB 0x0000000092400000| Untracked 
| 229|0x0000000092500000, 0x0000000092500000, 0x0000000092600000|  0%| F|  |TAMS 0x0000000092500000| PB 0x0000000092500000| Untracked 
| 230|0x0000000092600000, 0x0000000092600000, 0x0000000092700000|  0%| F|  |TAMS 0x0000000092600000| PB 0x0000000092600000| Untracked 
| 231|0x0000000092700000, 0x0000000092700000, 0x0000000092800000|  0%| F|  |TAMS 0x0000000092700000| PB 0x0000000092700000| Untracked 
| 232|0x0000000092800000, 0x0000000092800000, 0x0000000092900000|  0%| F|  |TAMS 0x0000000092800000| PB 0x0000000092800000| Untracked 
| 233|0x0000000092900000, 0x0000000092900000, 0x0000000092a00000|  0%| F|  |TAMS 0x0000000092900000| PB 0x0000000092900000| Untracked 
| 234|0x0000000092a00000, 0x0000000092a00000, 0x0000000092b00000|  0%| F|  |TAMS 0x0000000092a00000| PB 0x0000000092a00000| Untracked 
| 235|0x0000000092b00000, 0x0000000092b00000, 0x0000000092c00000|  0%| F|  |TAMS 0x0000000092b00000| PB 0x0000000092b00000| Untracked 
| 236|0x0000000092c00000, 0x0000000092c00000, 0x0000000092d00000|  0%| F|  |TAMS 0x0000000092c00000| PB 0x0000000092c00000| Untracked 
| 237|0x0000000092d00000, 0x0000000092d00000, 0x0000000092e00000|  0%| F|  |TAMS 0x0000000092d00000| PB 0x0000000092d00000| Untracked 
| 238|0x0000000092e00000, 0x0000000092e00000, 0x0000000092f00000|  0%| F|  |TAMS 0x0000000092e00000| PB 0x0000000092e00000| Untracked 
| 239|0x0000000092f00000, 0x0000000092f00000, 0x0000000093000000|  0%| F|  |TAMS 0x0000000092f00000| PB 0x0000000092f00000| Untracked 
| 240|0x0000000093000000, 0x0000000093000000, 0x0000000093100000|  0%| F|  |TAMS 0x0000000093000000| PB 0x0000000093000000| Untracked 
| 241|0x0000000093100000, 0x0000000093100000, 0x0000000093200000|  0%| F|  |TAMS 0x0000000093100000| PB 0x0000000093100000| Untracked 
| 242|0x0000000093200000, 0x0000000093200000, 0x0000000093300000|  0%| F|  |TAMS 0x0000000093200000| PB 0x0000000093200000| Untracked 
| 243|0x0000000093300000, 0x0000000093300000, 0x0000000093400000|  0%| F|  |TAMS 0x0000000093300000| PB 0x0000000093300000| Untracked 
| 244|0x0000000093400000, 0x0000000093400000, 0x0000000093500000|  0%| F|  |TAMS 0x0000000093400000| PB 0x0000000093400000| Untracked 
| 245|0x0000000093500000, 0x0000000093500000, 0x0000000093600000|  0%| F|  |TAMS 0x0000000093500000| PB 0x0000000093500000| Untracked 
| 246|0x0000000093600000, 0x0000000093600000, 0x0000000093700000|  0%| F|  |TAMS 0x0000000093600000| PB 0x0000000093600000| Untracked 
| 247|0x0000000093700000, 0x0000000093700000, 0x0000000093800000|  0%| F|  |TAMS 0x0000000093700000| PB 0x0000000093700000| Untracked 
| 248|0x0000000093800000, 0x0000000093800000, 0x0000000093900000|  0%| F|  |TAMS 0x0000000093800000| PB 0x0000000093800000| Untracked 
| 249|0x0000000093900000, 0x0000000093900000, 0x0000000093a00000|  0%| F|  |TAMS 0x0000000093900000| PB 0x0000000093900000| Untracked 
| 250|0x0000000093a00000, 0x0000000093a00000, 0x0000000093b00000|  0%| F|  |TAMS 0x0000000093a00000| PB 0x0000000093a00000| Untracked 
| 251|0x0000000093b00000, 0x0000000093b00000, 0x0000000093c00000|  0%| F|  |TAMS 0x0000000093b00000| PB 0x0000000093b00000| Untracked 
| 252|0x0000000093c00000, 0x0000000093c00000, 0x0000000093d00000|  0%| F|  |TAMS 0x0000000093c00000| PB 0x0000000093c00000| Untracked 
| 253|0x0000000093d00000, 0x0000000093d00000, 0x0000000093e00000|  0%| F|  |TAMS 0x0000000093d00000| PB 0x0000000093d00000| Untracked 
| 254|0x0000000093e00000, 0x0000000093e00000, 0x0000000093f00000|  0%| F|  |TAMS 0x0000000093e00000| PB 0x0000000093e00000| Untracked 
| 255|0x0000000093f00000, 0x0000000093f00000, 0x0000000094000000|  0%| F|  |TAMS 0x0000000093f00000| PB 0x0000000093f00000| Untracked 
| 256|0x0000000094000000, 0x0000000094000000, 0x0000000094100000|  0%| F|  |TAMS 0x0000000094000000| PB 0x0000000094000000| Untracked 
| 257|0x0000000094100000, 0x0000000094100000, 0x0000000094200000|  0%| F|  |TAMS 0x0000000094100000| PB 0x0000000094100000| Untracked 
| 258|0x0000000094200000, 0x0000000094200000, 0x0000000094300000|  0%| F|  |TAMS 0x0000000094200000| PB 0x0000000094200000| Untracked 
| 259|0x0000000094300000, 0x0000000094300000, 0x0000000094400000|  0%| F|  |TAMS 0x0000000094300000| PB 0x0000000094300000| Untracked 
| 260|0x0000000094400000, 0x0000000094400000, 0x0000000094500000|  0%| F|  |TAMS 0x0000000094400000| PB 0x0000000094400000| Untracked 
| 261|0x0000000094500000, 0x0000000094500000, 0x0000000094600000|  0%| F|  |TAMS 0x0000000094500000| PB 0x0000000094500000| Untracked 
| 262|0x0000000094600000, 0x0000000094600000, 0x0000000094700000|  0%| F|  |TAMS 0x0000000094600000| PB 0x0000000094600000| Untracked 
| 263|0x0000000094700000, 0x0000000094700000, 0x0000000094800000|  0%| F|  |TAMS 0x0000000094700000| PB 0x0000000094700000| Untracked 
| 264|0x0000000094800000, 0x0000000094800000, 0x0000000094900000|  0%| F|  |TAMS 0x0000000094800000| PB 0x0000000094800000| Untracked 
| 265|0x0000000094900000, 0x0000000094900000, 0x0000000094a00000|  0%| F|  |TAMS 0x0000000094900000| PB 0x0000000094900000| Untracked 
| 266|0x0000000094a00000, 0x0000000094a00000, 0x0000000094b00000|  0%| F|  |TAMS 0x0000000094a00000| PB 0x0000000094a00000| Untracked 
| 267|0x0000000094b00000, 0x0000000094b00000, 0x0000000094c00000|  0%| F|  |TAMS 0x0000000094b00000| PB 0x0000000094b00000| Untracked 
| 268|0x0000000094c00000, 0x0000000094c00000, 0x0000000094d00000|  0%| F|  |TAMS 0x0000000094c00000| PB 0x0000000094c00000| Untracked 
| 269|0x0000000094d00000, 0x0000000094d00000, 0x0000000094e00000|  0%| F|  |TAMS 0x0000000094d00000| PB 0x0000000094d00000| Untracked 
| 270|0x0000000094e00000, 0x0000000094e00000, 0x0000000094f00000|  0%| F|  |TAMS 0x0000000094e00000| PB 0x0000000094e00000| Untracked 
| 271|0x0000000094f00000, 0x0000000094f00000, 0x0000000095000000|  0%| F|  |TAMS 0x0000000094f00000| PB 0x0000000094f00000| Untracked 
| 272|0x0000000095000000, 0x0000000095000000, 0x0000000095100000|  0%| F|  |TAMS 0x0000000095000000| PB 0x0000000095000000| Untracked 
| 273|0x0000000095100000, 0x0000000095100000, 0x0000000095200000|  0%| F|  |TAMS 0x0000000095100000| PB 0x0000000095100000| Untracked 
| 274|0x0000000095200000, 0x0000000095200000, 0x0000000095300000|  0%| F|  |TAMS 0x0000000095200000| PB 0x0000000095200000| Untracked 
| 275|0x0000000095300000, 0x0000000095300000, 0x0000000095400000|  0%| F|  |TAMS 0x0000000095300000| PB 0x0000000095300000| Untracked 
| 276|0x0000000095400000, 0x0000000095400000, 0x0000000095500000|  0%| F|  |TAMS 0x0000000095400000| PB 0x0000000095400000| Untracked 
| 277|0x0000000095500000, 0x0000000095500000, 0x0000000095600000|  0%| F|  |TAMS 0x0000000095500000| PB 0x0000000095500000| Untracked 
| 278|0x0000000095600000, 0x0000000095600000, 0x0000000095700000|  0%| F|  |TAMS 0x0000000095600000| PB 0x0000000095600000| Untracked 
| 279|0x0000000095700000, 0x0000000095700000, 0x0000000095800000|  0%| F|  |TAMS 0x0000000095700000| PB 0x0000000095700000| Untracked 
| 280|0x0000000095800000, 0x0000000095800000, 0x0000000095900000|  0%| F|  |TAMS 0x0000000095800000| PB 0x0000000095800000| Untracked 
| 281|0x0000000095900000, 0x0000000095900000, 0x0000000095a00000|  0%| F|  |TAMS 0x0000000095900000| PB 0x0000000095900000| Untracked 
| 282|0x0000000095a00000, 0x0000000095a00000, 0x0000000095b00000|  0%| F|  |TAMS 0x0000000095a00000| PB 0x0000000095a00000| Untracked 
| 283|0x0000000095b00000, 0x0000000095b00000, 0x0000000095c00000|  0%| F|  |TAMS 0x0000000095b00000| PB 0x0000000095b00000| Untracked 
| 284|0x0000000095c00000, 0x0000000095c00000, 0x0000000095d00000|  0%| F|  |TAMS 0x0000000095c00000| PB 0x0000000095c00000| Untracked 
| 285|0x0000000095d00000, 0x0000000095d00000, 0x0000000095e00000|  0%| F|  |TAMS 0x0000000095d00000| PB 0x0000000095d00000| Untracked 
| 286|0x0000000095e00000, 0x0000000095e00000, 0x0000000095f00000|  0%| F|  |TAMS 0x0000000095e00000| PB 0x0000000095e00000| Untracked 
| 287|0x0000000095f00000, 0x0000000095f00000, 0x0000000096000000|  0%| F|  |TAMS 0x0000000095f00000| PB 0x0000000095f00000| Untracked 
| 288|0x0000000096000000, 0x0000000096000000, 0x0000000096100000|  0%| F|  |TAMS 0x0000000096000000| PB 0x0000000096000000| Untracked 
| 289|0x0000000096100000, 0x0000000096100000, 0x0000000096200000|  0%| F|  |TAMS 0x0000000096100000| PB 0x0000000096100000| Untracked 
| 290|0x0000000096200000, 0x0000000096200000, 0x0000000096300000|  0%| F|  |TAMS 0x0000000096200000| PB 0x0000000096200000| Untracked 
| 291|0x0000000096300000, 0x0000000096300000, 0x0000000096400000|  0%| F|  |TAMS 0x0000000096300000| PB 0x0000000096300000| Untracked 
| 292|0x0000000096400000, 0x0000000096400000, 0x0000000096500000|  0%| F|  |TAMS 0x0000000096400000| PB 0x0000000096400000| Untracked 
| 293|0x0000000096500000, 0x0000000096500000, 0x0000000096600000|  0%| F|  |TAMS 0x0000000096500000| PB 0x0000000096500000| Untracked 
| 294|0x0000000096600000, 0x0000000096600000, 0x0000000096700000|  0%| F|  |TAMS 0x0000000096600000| PB 0x0000000096600000| Untracked 
| 295|0x0000000096700000, 0x0000000096700000, 0x0000000096800000|  0%| F|  |TAMS 0x0000000096700000| PB 0x0000000096700000| Untracked 
| 296|0x0000000096800000, 0x0000000096800000, 0x0000000096900000|  0%| F|  |TAMS 0x0000000096800000| PB 0x0000000096800000| Untracked 
| 297|0x0000000096900000, 0x0000000096900000, 0x0000000096a00000|  0%| F|  |TAMS 0x0000000096900000| PB 0x0000000096900000| Untracked 
| 298|0x0000000096a00000, 0x0000000096a00000, 0x0000000096b00000|  0%| F|  |TAMS 0x0000000096a00000| PB 0x0000000096a00000| Untracked 
| 299|0x0000000096b00000, 0x0000000096b00000, 0x0000000096c00000|  0%| F|  |TAMS 0x0000000096b00000| PB 0x0000000096b00000| Untracked 
| 300|0x0000000096c00000, 0x0000000096c00000, 0x0000000096d00000|  0%| F|  |TAMS 0x0000000096c00000| PB 0x0000000096c00000| Untracked 
| 301|0x0000000096d00000, 0x0000000096d00000, 0x0000000096e00000|  0%| F|  |TAMS 0x0000000096d00000| PB 0x0000000096d00000| Untracked 
| 302|0x0000000096e00000, 0x0000000096e00000, 0x0000000096f00000|  0%| F|  |TAMS 0x0000000096e00000| PB 0x0000000096e00000| Untracked 
| 303|0x0000000096f00000, 0x0000000096f00000, 0x0000000097000000|  0%| F|  |TAMS 0x0000000096f00000| PB 0x0000000096f00000| Untracked 
| 304|0x0000000097000000, 0x0000000097000000, 0x0000000097100000|  0%| F|  |TAMS 0x0000000097000000| PB 0x0000000097000000| Untracked 
| 305|0x0000000097100000, 0x0000000097100000, 0x0000000097200000|  0%| F|  |TAMS 0x0000000097100000| PB 0x0000000097100000| Untracked 
| 306|0x0000000097200000, 0x0000000097200000, 0x0000000097300000|  0%| F|  |TAMS 0x0000000097200000| PB 0x0000000097200000| Untracked 
| 307|0x0000000097300000, 0x0000000097300000, 0x0000000097400000|  0%| F|  |TAMS 0x0000000097300000| PB 0x0000000097300000| Untracked 
| 308|0x0000000097400000, 0x0000000097400000, 0x0000000097500000|  0%| F|  |TAMS 0x0000000097400000| PB 0x0000000097400000| Untracked 
| 309|0x0000000097500000, 0x0000000097500000, 0x0000000097600000|  0%| F|  |TAMS 0x0000000097500000| PB 0x0000000097500000| Untracked 
| 310|0x0000000097600000, 0x0000000097600000, 0x0000000097700000|  0%| F|  |TAMS 0x0000000097600000| PB 0x0000000097600000| Untracked 
| 311|0x0000000097700000, 0x0000000097700000, 0x0000000097800000|  0%| F|  |TAMS 0x0000000097700000| PB 0x0000000097700000| Untracked 
| 312|0x0000000097800000, 0x0000000097800000, 0x0000000097900000|  0%| F|  |TAMS 0x0000000097800000| PB 0x0000000097800000| Untracked 
| 313|0x0000000097900000, 0x0000000097900000, 0x0000000097a00000|  0%| F|  |TAMS 0x0000000097900000| PB 0x0000000097900000| Untracked 
| 314|0x0000000097a00000, 0x0000000097a00000, 0x0000000097b00000|  0%| F|  |TAMS 0x0000000097a00000| PB 0x0000000097a00000| Untracked 
| 315|0x0000000097b00000, 0x0000000097b00000, 0x0000000097c00000|  0%| F|  |TAMS 0x0000000097b00000| PB 0x0000000097b00000| Untracked 
| 316|0x0000000097c00000, 0x0000000097c00000, 0x0000000097d00000|  0%| F|  |TAMS 0x0000000097c00000| PB 0x0000000097c00000| Untracked 
| 317|0x0000000097d00000, 0x0000000097d00000, 0x0000000097e00000|  0%| F|  |TAMS 0x0000000097d00000| PB 0x0000000097d00000| Untracked 
| 318|0x0000000097e00000, 0x0000000097e00000, 0x0000000097f00000|  0%| F|  |TAMS 0x0000000097e00000| PB 0x0000000097e00000| Untracked 
| 319|0x0000000097f00000, 0x0000000097f00000, 0x0000000098000000|  0%| F|  |TAMS 0x0000000097f00000| PB 0x0000000097f00000| Untracked 
| 320|0x0000000098000000, 0x0000000098000000, 0x0000000098100000|  0%| F|  |TAMS 0x0000000098000000| PB 0x0000000098000000| Untracked 
| 321|0x0000000098100000, 0x0000000098100000, 0x0000000098200000|  0%| F|  |TAMS 0x0000000098100000| PB 0x0000000098100000| Untracked 
| 322|0x0000000098200000, 0x0000000098200000, 0x0000000098300000|  0%| F|  |TAMS 0x0000000098200000| PB 0x0000000098200000| Untracked 
| 323|0x0000000098300000, 0x0000000098300000, 0x0000000098400000|  0%| F|  |TAMS 0x0000000098300000| PB 0x0000000098300000| Untracked 
| 324|0x0000000098400000, 0x0000000098400000, 0x0000000098500000|  0%| F|  |TAMS 0x0000000098400000| PB 0x0000000098400000| Untracked 
| 325|0x0000000098500000, 0x0000000098500000, 0x0000000098600000|  0%| F|  |TAMS 0x0000000098500000| PB 0x0000000098500000| Untracked 
| 326|0x0000000098600000, 0x0000000098600000, 0x0000000098700000|  0%| F|  |TAMS 0x0000000098600000| PB 0x0000000098600000| Untracked 
| 327|0x0000000098700000, 0x0000000098700000, 0x0000000098800000|  0%| F|  |TAMS 0x0000000098700000| PB 0x0000000098700000| Untracked 
| 328|0x0000000098800000, 0x0000000098800000, 0x0000000098900000|  0%| F|  |TAMS 0x0000000098800000| PB 0x0000000098800000| Untracked 
| 329|0x0000000098900000, 0x0000000098900000, 0x0000000098a00000|  0%| F|  |TAMS 0x0000000098900000| PB 0x0000000098900000| Untracked 
| 330|0x0000000098a00000, 0x0000000098a00000, 0x0000000098b00000|  0%| F|  |TAMS 0x0000000098a00000| PB 0x0000000098a00000| Untracked 
| 331|0x0000000098b00000, 0x0000000098b00000, 0x0000000098c00000|  0%| F|  |TAMS 0x0000000098b00000| PB 0x0000000098b00000| Untracked 
| 332|0x0000000098c00000, 0x0000000098c00000, 0x0000000098d00000|  0%| F|  |TAMS 0x0000000098c00000| PB 0x0000000098c00000| Untracked 
| 333|0x0000000098d00000, 0x0000000098d00000, 0x0000000098e00000|  0%| F|  |TAMS 0x0000000098d00000| PB 0x0000000098d00000| Untracked 
| 334|0x0000000098e00000, 0x0000000098e00000, 0x0000000098f00000|  0%| F|  |TAMS 0x0000000098e00000| PB 0x0000000098e00000| Untracked 
| 335|0x0000000098f00000, 0x0000000098f00000, 0x0000000099000000|  0%| F|  |TAMS 0x0000000098f00000| PB 0x0000000098f00000| Untracked 
| 336|0x0000000099000000, 0x0000000099000000, 0x0000000099100000|  0%| F|  |TAMS 0x0000000099000000| PB 0x0000000099000000| Untracked 
| 337|0x0000000099100000, 0x0000000099100000, 0x0000000099200000|  0%| F|  |TAMS 0x0000000099100000| PB 0x0000000099100000| Untracked 
| 338|0x0000000099200000, 0x0000000099200000, 0x0000000099300000|  0%| F|  |TAMS 0x0000000099200000| PB 0x0000000099200000| Untracked 
| 339|0x0000000099300000, 0x0000000099300000, 0x0000000099400000|  0%| F|  |TAMS 0x0000000099300000| PB 0x0000000099300000| Untracked 
| 340|0x0000000099400000, 0x0000000099400000, 0x0000000099500000|  0%| F|  |TAMS 0x0000000099400000| PB 0x0000000099400000| Untracked 
| 341|0x0000000099500000, 0x0000000099500000, 0x0000000099600000|  0%| F|  |TAMS 0x0000000099500000| PB 0x0000000099500000| Untracked 
| 342|0x0000000099600000, 0x0000000099600000, 0x0000000099700000|  0%| F|  |TAMS 0x0000000099600000| PB 0x0000000099600000| Untracked 
| 343|0x0000000099700000, 0x0000000099700000, 0x0000000099800000|  0%| F|  |TAMS 0x0000000099700000| PB 0x0000000099700000| Untracked 
| 344|0x0000000099800000, 0x0000000099800000, 0x0000000099900000|  0%| F|  |TAMS 0x0000000099800000| PB 0x0000000099800000| Untracked 
| 345|0x0000000099900000, 0x0000000099900000, 0x0000000099a00000|  0%| F|  |TAMS 0x0000000099900000| PB 0x0000000099900000| Untracked 
| 346|0x0000000099a00000, 0x0000000099a00000, 0x0000000099b00000|  0%| F|  |TAMS 0x0000000099a00000| PB 0x0000000099a00000| Untracked 
| 347|0x0000000099b00000, 0x0000000099b00000, 0x0000000099c00000|  0%| F|  |TAMS 0x0000000099b00000| PB 0x0000000099b00000| Untracked 
| 348|0x0000000099c00000, 0x0000000099c00000, 0x0000000099d00000|  0%| F|  |TAMS 0x0000000099c00000| PB 0x0000000099c00000| Untracked 
| 349|0x0000000099d00000, 0x0000000099d00000, 0x0000000099e00000|  0%| F|  |TAMS 0x0000000099d00000| PB 0x0000000099d00000| Untracked 
| 350|0x0000000099e00000, 0x0000000099e00000, 0x0000000099f00000|  0%| F|  |TAMS 0x0000000099e00000| PB 0x0000000099e00000| Untracked 
| 351|0x0000000099f00000, 0x0000000099f00000, 0x000000009a000000|  0%| F|  |TAMS 0x0000000099f00000| PB 0x0000000099f00000| Untracked 
| 352|0x000000009a000000, 0x000000009a000000, 0x000000009a100000|  0%| F|  |TAMS 0x000000009a000000| PB 0x000000009a000000| Untracked 
| 353|0x000000009a100000, 0x000000009a100000, 0x000000009a200000|  0%| F|  |TAMS 0x000000009a100000| PB 0x000000009a100000| Untracked 
| 354|0x000000009a200000, 0x000000009a200000, 0x000000009a300000|  0%| F|  |TAMS 0x000000009a200000| PB 0x000000009a200000| Untracked 
| 355|0x000000009a300000, 0x000000009a300000, 0x000000009a400000|  0%| F|  |TAMS 0x000000009a300000| PB 0x000000009a300000| Untracked 
| 356|0x000000009a400000, 0x000000009a400000, 0x000000009a500000|  0%| F|  |TAMS 0x000000009a400000| PB 0x000000009a400000| Untracked 
| 357|0x000000009a500000, 0x000000009a500000, 0x000000009a600000|  0%| F|  |TAMS 0x000000009a500000| PB 0x000000009a500000| Untracked 
| 358|0x000000009a600000, 0x000000009a600000, 0x000000009a700000|  0%| F|  |TAMS 0x000000009a600000| PB 0x000000009a600000| Untracked 
| 359|0x000000009a700000, 0x000000009a700000, 0x000000009a800000|  0%| F|  |TAMS 0x000000009a700000| PB 0x000000009a700000| Untracked 
| 360|0x000000009a800000, 0x000000009a800000, 0x000000009a900000|  0%| F|  |TAMS 0x000000009a800000| PB 0x000000009a800000| Untracked 
| 361|0x000000009a900000, 0x000000009a900000, 0x000000009aa00000|  0%| F|  |TAMS 0x000000009a900000| PB 0x000000009a900000| Untracked 
| 362|0x000000009aa00000, 0x000000009aa00000, 0x000000009ab00000|  0%| F|  |TAMS 0x000000009aa00000| PB 0x000000009aa00000| Untracked 
| 363|0x000000009ab00000, 0x000000009ab00000, 0x000000009ac00000|  0%| F|  |TAMS 0x000000009ab00000| PB 0x000000009ab00000| Untracked 
| 364|0x000000009ac00000, 0x000000009ac00000, 0x000000009ad00000|  0%| F|  |TAMS 0x000000009ac00000| PB 0x000000009ac00000| Untracked 
| 365|0x000000009ad00000, 0x000000009ad00000, 0x000000009ae00000|  0%| F|  |TAMS 0x000000009ad00000| PB 0x000000009ad00000| Untracked 
| 366|0x000000009ae00000, 0x000000009ae00000, 0x000000009af00000|  0%| F|  |TAMS 0x000000009ae00000| PB 0x000000009ae00000| Untracked 
| 367|0x000000009af00000, 0x000000009af00000, 0x000000009b000000|  0%| F|  |TAMS 0x000000009af00000| PB 0x000000009af00000| Untracked 
| 368|0x000000009b000000, 0x000000009b000000, 0x000000009b100000|  0%| F|  |TAMS 0x000000009b000000| PB 0x000000009b000000| Untracked 
| 369|0x000000009b100000, 0x000000009b100000, 0x000000009b200000|  0%| F|  |TAMS 0x000000009b100000| PB 0x000000009b100000| Untracked 
| 370|0x000000009b200000, 0x000000009b2ea208, 0x000000009b300000| 91%| S|CS|TAMS 0x000000009b200000| PB 0x000000009b200000| Complete 
| 371|0x000000009b300000, 0x000000009b300000, 0x000000009b400000|  0%| F|  |TAMS 0x000000009b300000| PB 0x000000009b300000| Untracked 
| 372|0x000000009b400000, 0x000000009b500000, 0x000000009b500000|100%| S|CS|TAMS 0x000000009b400000| PB 0x000000009b400000| Complete 
| 373|0x000000009b500000, 0x000000009b500000, 0x000000009b600000|  0%| F|  |TAMS 0x000000009b500000| PB 0x000000009b500000| Untracked 
| 374|0x000000009b600000, 0x000000009b600000, 0x000000009b700000|  0%| F|  |TAMS 0x000000009b600000| PB 0x000000009b600000| Untracked 
| 375|0x000000009b700000, 0x000000009b700000, 0x000000009b800000|  0%| F|  |TAMS 0x000000009b700000| PB 0x000000009b700000| Untracked 
| 376|0x000000009b800000, 0x000000009b800000, 0x000000009b900000|  0%| F|  |TAMS 0x000000009b800000| PB 0x000000009b800000| Untracked 
| 377|0x000000009b900000, 0x000000009b900000, 0x000000009ba00000|  0%| F|  |TAMS 0x000000009b900000| PB 0x000000009b900000| Untracked 
| 378|0x000000009ba00000, 0x000000009ba00000, 0x000000009bb00000|  0%| F|  |TAMS 0x000000009ba00000| PB 0x000000009ba00000| Untracked 
| 379|0x000000009bb00000, 0x000000009bb00000, 0x000000009bc00000|  0%| F|  |TAMS 0x000000009bb00000| PB 0x000000009bb00000| Untracked 
| 380|0x000000009bc00000, 0x000000009bc00000, 0x000000009bd00000|  0%| F|  |TAMS 0x000000009bc00000| PB 0x000000009bc00000| Untracked 
| 381|0x000000009bd00000, 0x000000009bd00000, 0x000000009be00000|  0%| F|  |TAMS 0x000000009bd00000| PB 0x000000009bd00000| Untracked 
| 382|0x000000009be00000, 0x000000009be00000, 0x000000009bf00000|  0%| F|  |TAMS 0x000000009be00000| PB 0x000000009be00000| Untracked 
| 383|0x000000009bf00000, 0x000000009bf00000, 0x000000009c000000|  0%| F|  |TAMS 0x000000009bf00000| PB 0x000000009bf00000| Untracked 
| 384|0x000000009c000000, 0x000000009c000000, 0x000000009c100000|  0%| F|  |TAMS 0x000000009c000000| PB 0x000000009c000000| Untracked 
| 385|0x000000009c100000, 0x000000009c100000, 0x000000009c200000|  0%| F|  |TAMS 0x000000009c100000| PB 0x000000009c100000| Untracked 
| 386|0x000000009c200000, 0x000000009c200000, 0x000000009c300000|  0%| F|  |TAMS 0x000000009c200000| PB 0x000000009c200000| Untracked 
| 387|0x000000009c300000, 0x000000009c300000, 0x000000009c400000|  0%| F|  |TAMS 0x000000009c300000| PB 0x000000009c300000| Untracked 
| 388|0x000000009c400000, 0x000000009c400000, 0x000000009c500000|  0%| F|  |TAMS 0x000000009c400000| PB 0x000000009c400000| Untracked 
| 389|0x000000009c500000, 0x000000009c500000, 0x000000009c600000|  0%| F|  |TAMS 0x000000009c500000| PB 0x000000009c500000| Untracked 
| 390|0x000000009c600000, 0x000000009c600000, 0x000000009c700000|  0%| F|  |TAMS 0x000000009c600000| PB 0x000000009c600000| Untracked 

Card table byte_map: [0x0000014f4cf00000,0x0000014f4d2e0000] _byte_map_base: 0x0000014f4cae0000

Marking Bits: (CMBitMap*) 0x0000014f41364590
 Bits: [0x0000014f4d2e0000, 0x0000014f4f1e0000)

Polling page: 0x0000014f3f0d0000

Metaspace:

Usage:
  Non-class:     31.46 MB used.
      Class:      4.81 MB used.
       Both:     36.27 MB used.

Virtual space:
  Non-class space:       64.00 MB reserved,      31.81 MB ( 50%) committed,  1 nodes.
      Class space:        1.00 GB reserved,       5.06 MB ( <1%) committed,  1 nodes.
             Both:        1.06 GB reserved,      36.88 MB (  3%) committed. 

Chunk freelists:
   Non-Class:  15.36 MB
       Class:  10.92 MB
        Both:  26.27 MB

MaxMetaspaceSize: unlimited
CompressedClassSpaceSize: 1.00 GB
Initial GC threshold: 21.00 MB
Current GC threshold: 60.44 MB
CDS: on
 - commit_granule_bytes: 65536.
 - commit_granule_words: 8192.
 - virtual_space_node_default_size: 8388608.
 - enlarge_chunks_in_place: 1.
 - use_allocation_guard: 0.


Internal statistics:

num_allocs_failed_limit: 3.
num_arena_births: 1066.
num_arena_deaths: 372.
num_vsnodes_births: 2.
num_vsnodes_deaths: 0.
num_space_committed: 590.
num_space_uncommitted: 0.
num_chunks_returned_to_freelist: 429.
num_chunks_taken_from_freelist: 2670.
num_chunk_merges: 92.
num_chunk_splits: 1543.
num_chunks_enlarged: 1018.
num_inconsistent_stats: 0.

CodeCache: size=49152Kb used=11149Kb max_used=11769Kb free=38002Kb
 bounds [0x0000014f49a10000, 0x0000014f4a650000, 0x0000014f4ca10000]
 total_blobs=6300, nmethods=5712, adapters=512, full_count=0
Compilation: enabled, stopped_count=0, restarted_count=0

Compilation events (20 events):
Event: 352.301 Thread 0x0000014f51c1ed70 6400       1       java.util.concurrent.locks.LockSupport::park (24 bytes)
Event: 352.301 Thread 0x0000014f51c1ed70 nmethod 6400 0x0000014f4a5ec590 code [0x0000014f4a5ec740, 0x0000014f4a5ec8c0]
Event: 353.304 Thread 0x0000014f51c1ed70 6401   !   1       java.util.concurrent.locks.AbstractQueuedSynchronizer$ConditionObject::await (180 bytes)
Event: 353.534 Thread 0x0000014f51c1ed70 nmethod 6401 0x0000014f4a5eb310 code [0x0000014f4a5eb5a0, 0x0000014f4a5ebf30]
Event: 353.794 Thread 0x0000014f51c1ed70 6405   !   1       java.lang.Thread::sleep (82 bytes)
Event: 353.830 Thread 0x0000014f51c1ed70 nmethod 6405 0x0000014f4a5eac90 code [0x0000014f4a5eae80, 0x0000014f4a5eb130]
Event: 355.769 Thread 0x0000014f51c1ed70 6406       1       sun.nio.ch.SelectorImpl::ensureOpen (16 bytes)
Event: 355.769 Thread 0x0000014f51c1ed70 nmethod 6406 0x0000014f4a5ea910 code [0x0000014f4a5eaac0, 0x0000014f4a5eac08]
Event: 355.769 Thread 0x0000014f51c1ed70 6407       1       java.nio.channels.spi.AbstractSelector::isOpen (13 bytes)
Event: 355.770 Thread 0x0000014f51c1ed70 nmethod 6407 0x0000014f4a5ea610 code [0x0000014f4a5ea7a0, 0x0000014f4a5ea878]
Event: 359.313 Thread 0x0000014f51c1ed70 6408       1       java.util.concurrent.ScheduledThreadPoolExecutor$DelayedWorkQueue::finishPoll (43 bytes)
Event: 359.314 Thread 0x0000014f51c1ed70 nmethod 6408 0x0000014f4a5ea110 code [0x0000014f4a5ea2c0, 0x0000014f4a5ea4b8]
Event: 359.314 Thread 0x0000014f51c1ed70 6409       1       java.util.concurrent.ScheduledThreadPoolExecutor$ScheduledFutureTask::run (57 bytes)
Event: 359.314 Thread 0x0000014f51c1ed70 nmethod 6409 0x0000014f4a5e9b90 code [0x0000014f4a5e9d80, 0x0000014f4a5e9fd8]
Event: 359.314 Thread 0x0000014f51c1ed70 6410       1       java.util.concurrent.ScheduledThreadPoolExecutor$ScheduledFutureTask::isPeriodic (15 bytes)
Event: 359.314 Thread 0x0000014f51c1ed70 nmethod 6410 0x0000014f4a5e9890 code [0x0000014f4a5e9a20, 0x0000014f4a5e9b10]
Event: 359.314 Thread 0x0000014f51c1ed70 6411   !   1       java.util.concurrent.FutureTask::runAndReset (125 bytes)
Event: 359.657 Thread 0x0000014f51c1ed70 nmethod 6411 0x0000014f4a5e8510 code [0x0000014f4a5e87c0, 0x0000014f4a5e9270]
Event: 375.111 Thread 0x0000014f51c1ed70 6414       1       org.apache.catalina.webresources.Cache$$Lambda/0x0000014f534ef830::applyAsLong (8 bytes)
Event: 376.056 Thread 0x0000014f51c1ed70 nmethod 6414 0x0000014f4a5e8190 code [0x0000014f4a5e8320, 0x0000014f4a5e8430]

GC Heap History (20 events):
Event: 320.203 GC heap after
{Heap after GC invocations=55 (full 2):
 garbage-first heap   total 400384K, used 58270K [0x0000000084000000, 0x0000000100000000)
  region size 1024K, 3 young (3072K), 3 survivors (3072K)
 Metaspace       used 37144K, committed 37760K, reserved 1114112K
  class space    used 4927K, committed 5184K, reserved 1048576K
}
Event: 330.989 GC heap before
{Heap before GC invocations=55 (full 2):
 garbage-first heap   total 400384K, used 98206K [0x0000000084000000, 0x0000000100000000)
  region size 1024K, 42 young (43008K), 3 survivors (3072K)
 Metaspace       used 37144K, committed 37760K, reserved 1114112K
  class space    used 4927K, committed 5184K, reserved 1048576K
}
Event: 330.998 GC heap after
{Heap after GC invocations=56 (full 2):
 garbage-first heap   total 400384K, used 61068K [0x0000000084000000, 0x0000000100000000)
  region size 1024K, 6 young (6144K), 6 survivors (6144K)
 Metaspace       used 37144K, committed 37760K, reserved 1114112K
  class space    used 4927K, committed 5184K, reserved 1048576K
}
Event: 340.176 GC heap before
{Heap before GC invocations=56 (full 2):
 garbage-first heap   total 400384K, used 133772K [0x0000000084000000, 0x0000000100000000)
  region size 1024K, 77 young (78848K), 6 survivors (6144K)
 Metaspace       used 37144K, committed 37760K, reserved 1114112K
  class space    used 4927K, committed 5184K, reserved 1048576K
}
Event: 340.183 GC heap after
{Heap after GC invocations=57 (full 2):
 garbage-first heap   total 400384K, used 65608K [0x0000000084000000, 0x0000000100000000)
  region size 1024K, 7 young (7168K), 7 survivors (7168K)
 Metaspace       used 37144K, committed 37760K, reserved 1114112K
  class space    used 4927K, committed 5184K, reserved 1048576K
}
Event: 372.693 GC heap before
{Heap before GC invocations=57 (full 2):
 garbage-first heap   total 400384K, used 298056K [0x0000000084000000, 0x0000000100000000)
  region size 1024K, 234 young (239616K), 7 survivors (7168K)
 Metaspace       used 37144K, committed 37760K, reserved 1114112K
  class space    used 4927K, committed 5184K, reserved 1048576K
}
Event: 373.771 GC heap after
{Heap after GC invocations=58 (full 2):
 garbage-first heap   total 400384K, used 64737K [0x0000000084000000, 0x0000000100000000)
  region size 1024K, 7 young (7168K), 7 survivors (7168K)
 Metaspace       used 37144K, committed 37760K, reserved 1114112K
  class space    used 4927K, committed 5184K, reserved 1048576K
}
Event: 375.283 GC heap before
{Heap before GC invocations=58 (full 2):
 garbage-first heap   total 400384K, used 77025K [0x0000000084000000, 0x0000000100000000)
  region size 1024K, 19 young (19456K), 7 survivors (7168K)
 Metaspace       used 37144K, committed 37760K, reserved 1114112K
  class space    used 4927K, committed 5184K, reserved 1048576K
}
Event: 375.907 GC heap after
{Heap after GC invocations=59 (full 2):
 garbage-first heap   total 400384K, used 61340K [0x0000000084000000, 0x0000000100000000)
  region size 1024K, 1 young (1024K), 1 survivors (1024K)
 Metaspace       used 37144K, committed 37760K, reserved 1114112K
  class space    used 4927K, committed 5184K, reserved 1048576K
}
Event: 377.721 GC heap before
{Heap before GC invocations=59 (full 2):
 garbage-first heap   total 400384K, used 79772K [0x0000000084000000, 0x0000000100000000)
  region size 1024K, 19 young (19456K), 1 survivors (1024K)
 Metaspace       used 37144K, committed 37760K, reserved 1114112K
  class space    used 4927K, committed 5184K, reserved 1048576K
}
Event: 377.854 GC heap after
{Heap after GC invocations=60 (full 2):
 garbage-first heap   total 400384K, used 60644K [0x0000000084000000, 0x0000000100000000)
  region size 1024K, 1 young (1024K), 1 survivors (1024K)
 Metaspace       used 37144K, committed 37760K, reserved 1114112K
  class space    used 4927K, committed 5184K, reserved 1048576K
}
Event: 385.355 GC heap before
{Heap before GC invocations=60 (full 2):
 garbage-first heap   total 400384K, used 79076K [0x0000000084000000, 0x0000000100000000)
  region size 1024K, 19 young (19456K), 1 survivors (1024K)
 Metaspace       used 37144K, committed 37760K, reserved 1114112K
  class space    used 4927K, committed 5184K, reserved 1048576K
}
Event: 385.357 GC heap after
{Heap after GC invocations=61 (full 2):
 garbage-first heap   total 400384K, used 62394K [0x0000000084000000, 0x0000000100000000)
  region size 1024K, 3 young (3072K), 3 survivors (3072K)
 Metaspace       used 37144K, committed 37760K, reserved 1114112K
  class space    used 4927K, committed 5184K, reserved 1048576K
}
Event: 387.378 GC heap before
{Heap before GC invocations=61 (full 2):
 garbage-first heap   total 400384K, used 78778K [0x0000000084000000, 0x0000000100000000)
  region size 1024K, 19 young (19456K), 3 survivors (3072K)
 Metaspace       used 37144K, committed 37760K, reserved 1114112K
  class space    used 4927K, committed 5184K, reserved 1048576K
}
Event: 387.382 GC heap after
{Heap after GC invocations=62 (full 2):
 garbage-first heap   total 400384K, used 63124K [0x0000000084000000, 0x0000000100000000)
  region size 1024K, 3 young (3072K), 3 survivors (3072K)
 Metaspace       used 37144K, committed 37760K, reserved 1114112K
  class space    used 4927K, committed 5184K, reserved 1048576K
}
Event: 390.924 GC heap before
{Heap before GC invocations=62 (full 2):
 garbage-first heap   total 400384K, used 79508K [0x0000000084000000, 0x0000000100000000)
  region size 1024K, 19 young (19456K), 3 survivors (3072K)
 Metaspace       used 37144K, committed 37760K, reserved 1114112K
  class space    used 4927K, committed 5184K, reserved 1048576K
}
Event: 390.934 GC heap after
{Heap after GC invocations=63 (full 2):
 garbage-first heap   total 400384K, used 65862K [0x0000000084000000, 0x0000000100000000)
  region size 1024K, 3 young (3072K), 3 survivors (3072K)
 Metaspace       used 37144K, committed 37760K, reserved 1114112K
  class space    used 4927K, committed 5184K, reserved 1048576K
}
Event: 393.911 GC heap before
{Heap before GC invocations=63 (full 2):
 garbage-first heap   total 400384K, used 82246K [0x0000000084000000, 0x0000000100000000)
  region size 1024K, 19 young (19456K), 3 survivors (3072K)
 Metaspace       used 37144K, committed 37760K, reserved 1114112K
  class space    used 4927K, committed 5184K, reserved 1048576K
}
Event: 394.138 GC heap after
{Heap after GC invocations=64 (full 2):
 garbage-first heap   total 400384K, used 70326K [0x0000000084000000, 0x0000000100000000)
  region size 1024K, 3 young (3072K), 3 survivors (3072K)
 Metaspace       used 37144K, committed 37760K, reserved 1114112K
  class space    used 4927K, committed 5184K, reserved 1048576K
}
Event: 396.284 GC heap before
{Heap before GC invocations=64 (full 2):
 garbage-first heap   total 400384K, used 86710K [0x0000000084000000, 0x0000000100000000)
  region size 1024K, 19 young (19456K), 3 survivors (3072K)
 Metaspace       used 37144K, committed 37760K, reserved 1114112K
  class space    used 4927K, committed 5184K, reserved 1048576K
}

Dll operation events (9 events):
Event: 0.071 Loaded shared library C:\Users\Glymin Terra Selasi\AppData\Roaming\Trae\User\globalStorage\pleiades.java-extension-pack-jdk\java\21\bin\java.dll
Event: 0.868 Loaded shared library C:\Users\Glymin Terra Selasi\AppData\Roaming\Trae\User\globalStorage\pleiades.java-extension-pack-jdk\java\21\bin\net.dll
Event: 0.892 Loaded shared library C:\Users\Glymin Terra Selasi\AppData\Roaming\Trae\User\globalStorage\pleiades.java-extension-pack-jdk\java\21\bin\nio.dll
Event: 0.931 Loaded shared library C:\Users\Glymin Terra Selasi\AppData\Roaming\Trae\User\globalStorage\pleiades.java-extension-pack-jdk\java\21\bin\zip.dll
Event: 1.882 Loaded shared library C:\Users\Glymin Terra Selasi\AppData\Roaming\Trae\User\globalStorage\pleiades.java-extension-pack-jdk\java\21\bin\jimage.dll
Event: 4.290 Loaded shared library C:\Users\Glymin Terra Selasi\AppData\Roaming\Trae\User\globalStorage\pleiades.java-extension-pack-jdk\java\21\bin\management.dll
Event: 4.319 Loaded shared library C:\Users\Glymin Terra Selasi\AppData\Roaming\Trae\User\globalStorage\pleiades.java-extension-pack-jdk\java\21\bin\management_ext.dll
Event: 9.674 Loaded shared library C:\Users\Glymin Terra Selasi\AppData\Roaming\Trae\User\globalStorage\pleiades.java-extension-pack-jdk\java\21\bin\sunmscapi.dll
Event: 38.621 Loaded shared library C:\Users\Glymin Terra Selasi\AppData\Roaming\Trae\User\globalStorage\pleiades.java-extension-pack-jdk\java\21\bin\extnet.dll

Deoptimization events (4 events):
Event: 22.913 Thread 0x0000014f977ec3b0 DEOPT PACKING pc=0x0000014f4a0713b9 sp=0x0000001f0dbfdc00
Event: 22.913 Thread 0x0000014f977ec3b0 DEOPT UNPACKING pc=0x0000014f49a686e2 sp=0x0000001f0dbfd108 mode 3
Event: 22.917 Thread 0x0000014f977ec3b0 DEOPT PACKING pc=0x0000014f49ffde02 sp=0x0000001f0dbfdbc0
Event: 22.917 Thread 0x0000014f977ec3b0 DEOPT UNPACKING pc=0x0000014f49a686e2 sp=0x0000001f0dbfd108 mode 3

Classes loaded (20 events):
Event: 137.124 Loading class java/util/WeakHashMap$KeyIterator
Event: 137.126 Loading class java/util/WeakHashMap$HashIterator
Event: 137.126 Loading class java/util/WeakHashMap$HashIterator done
Event: 137.126 Loading class java/util/WeakHashMap$KeyIterator done
Event: 139.381 Loading class java/lang/ref/Finalizer$2
Event: 139.381 Loading class java/lang/ref/Finalizer$2 done
Event: 139.382 Loading class java/lang/ref/Finalizer$1
Event: 139.384 Loading class java/lang/ref/Finalizer$1 done
Event: 141.201 Loading class java/util/WeakHashMap$EntrySet
Event: 141.202 Loading class java/util/WeakHashMap$EntrySet done
Event: 141.202 Loading class java/util/WeakHashMap$EntryIterator
Event: 141.202 Loading class java/util/WeakHashMap$EntryIterator done
Event: 141.997 Loading class java/time/DurationEditor
Event: 141.998 Loading class java/time/DurationEditor done
Event: 200.743 Loading class java/net/BindException
Event: 200.865 Loading class java/net/BindException done
Event: 200.866 Loading class java/util/function/IntSupplier
Event: 200.983 Loading class java/util/function/IntSupplier done
Event: 203.139 Loading class java/lang/invoke/WrongMethodTypeException
Event: 203.289 Loading class java/lang/invoke/WrongMethodTypeException done

Classes unloaded (20 events):
Event: 165.271 Thread 0x0000014f51bf6450 Unloading class 0x0000014f532d0400 'java/lang/invoke/LambdaForm$MH+0x0000014f532d0400'
Event: 165.271 Thread 0x0000014f51bf6450 Unloading class 0x0000014f532bbc00 'java/lang/invoke/LambdaForm$MH+0x0000014f532bbc00'
Event: 165.271 Thread 0x0000014f51bf6450 Unloading class 0x0000014f532bb800 'java/lang/invoke/LambdaForm$MH+0x0000014f532bb800'
Event: 165.271 Thread 0x0000014f51bf6450 Unloading class 0x0000014f53251c00 'java/lang/invoke/LambdaForm$MH+0x0000014f53251c00'
Event: 165.271 Thread 0x0000014f51bf6450 Unloading class 0x0000014f53250000 'java/lang/invoke/LambdaForm$MH+0x0000014f53250000'
Event: 165.271 Thread 0x0000014f51bf6450 Unloading class 0x0000014f5319cc00 'java/lang/invoke/LambdaForm$MH+0x0000014f5319cc00'
Event: 165.271 Thread 0x0000014f51bf6450 Unloading class 0x0000014f5311d800 'java/lang/invoke/LambdaForm$MH+0x0000014f5311d800'
Event: 165.271 Thread 0x0000014f51bf6450 Unloading class 0x0000014f5311c400 'java/lang/invoke/LambdaForm$MH+0x0000014f5311c400'
Event: 165.271 Thread 0x0000014f51bf6450 Unloading class 0x0000014f5311c000 'java/lang/invoke/LambdaForm$MH+0x0000014f5311c000'
Event: 165.271 Thread 0x0000014f51bf6450 Unloading class 0x0000014f5310dc00 'java/lang/invoke/LambdaForm$MH+0x0000014f5310dc00'
Event: 165.271 Thread 0x0000014f51bf6450 Unloading class 0x0000014f53089000 'java/lang/invoke/LambdaForm$MH+0x0000014f53089000'
Event: 165.271 Thread 0x0000014f51bf6450 Unloading class 0x0000014f5303a400 'java/lang/invoke/LambdaForm$MH+0x0000014f5303a400'
Event: 165.271 Thread 0x0000014f51bf6450 Unloading class 0x0000014f53039400 'java/lang/invoke/LambdaForm$MH+0x0000014f53039400'
Event: 165.271 Thread 0x0000014f51bf6450 Unloading class 0x0000014f53039000 'java/lang/invoke/LambdaForm$MH+0x0000014f53039000'
Event: 165.271 Thread 0x0000014f51bf6450 Unloading class 0x0000014f53038800 'java/lang/invoke/LambdaForm$MH+0x0000014f53038800'
Event: 165.271 Thread 0x0000014f51bf6450 Unloading class 0x0000014f53038000 'java/lang/invoke/LambdaForm$MH+0x0000014f53038000'
Event: 165.271 Thread 0x0000014f51bf6450 Unloading class 0x0000014f5301b400 'java/lang/invoke/LambdaForm$MH+0x0000014f5301b400'
Event: 165.271 Thread 0x0000014f51bf6450 Unloading class 0x0000014f5301ac00 'java/lang/invoke/LambdaForm$MH+0x0000014f5301ac00'
Event: 165.271 Thread 0x0000014f51bf6450 Unloading class 0x0000014f5301a400 'java/lang/invoke/LambdaForm$MH+0x0000014f5301a400'
Event: 165.271 Thread 0x0000014f51bf6450 Unloading class 0x0000014f5301a000 'java/lang/invoke/LambdaForm$MH+0x0000014f5301a000'

Classes redefined (0 events):
No events

Internal exceptions (20 events):
Event: 214.261 Thread 0x0000014f98504570 Exception <a 'java/lang/NoClassDefFoundError'{0x0000000086ef3aa0}: org/springframework/session/jdbc/JdbcIndexedSessionRepository> (0x0000000086ef3aa0) 
thrown [s\src\hotspot\share\oops\constantPool.cpp, line 873]
Event: 214.393 Thread 0x0000014f98504570 Exception <a 'java/io/FileNotFoundException'{0x000000008679e3c0}> (0x000000008679e3c0) 
thrown [s\src\hotspot\share\prims\jni.cpp, line 520]
Event: 214.750 Thread 0x0000014f98504570 Exception <a 'java/io/FileNotFoundException'{0x00000000877978e0}> (0x00000000877978e0) 
thrown [s\src\hotspot\share\prims\jni.cpp, line 520]
Event: 214.799 Thread 0x0000014f98507360 Exception <a 'java/lang/InterruptedException'{0x00000000876bc088}: sleep interrupted> (0x00000000876bc088) 
thrown [s\src\hotspot\share\prims\jvm.cpp, line 3087]
Event: 214.812 Thread 0x0000014f98504570 Exception <a 'java/lang/NoClassDefFoundError'{0x00000000876914a0}: jakarta/validation/ValidationException> (0x00000000876914a0) 
thrown [s\src\hotspot\share\classfile\systemDictionary.cpp, line 301]
Event: 214.814 Thread 0x0000014f98504570 Exception <a 'java/lang/NoClassDefFoundError'{0x0000000087502020}: liquibase/exception/ChangeLogParseException> (0x0000000087502020) 
thrown [s\src\hotspot\share\classfile\systemDictionary.cpp, line 301]
Event: 214.816 Thread 0x0000014f98504570 Exception <a 'java/lang/NoClassDefFoundError'{0x00000000875172a0}: org/jooq/DSLContext> (0x00000000875172a0) 
thrown [s\src\hotspot\share\classfile\systemDictionary.cpp, line 301]
Event: 214.817 Thread 0x0000014f98504570 Exception <a 'java/lang/NoClassDefFoundError'{0x00000000875194f8}: io/r2dbc/spi/ConnectionFactory> (0x00000000875194f8) 
thrown [s\src\hotspot\share\classfile\systemDictionary.cpp, line 301]
Event: 292.219 Thread 0x0000014f98506cd0 Exception <a 'sun/nio/fs/WindowsException'{0x000000009bda4f10}> (0x000000009bda4f10) 
thrown [s\src\hotspot\share\prims\jni.cpp, line 520]
Event: 296.967 Thread 0x0000014f98506cd0 Exception <a 'java/lang/NoClassDefFoundError'{0x000000009b832630}: org/flywaydb/core/Flyway> (0x000000009b832630) 
thrown [s\src\hotspot\share\oops\constantPool.cpp, line 873]
Event: 296.967 Thread 0x0000014f98506cd0 Exception <a 'java/lang/NoClassDefFoundError'{0x000000009b832c90}: liquibase/integration/spring/SpringLiquibase> (0x000000009b832c90) 
thrown [s\src\hotspot\share\oops\constantPool.cpp, line 873]
Event: 297.372 Thread 0x0000014f98506cd0 Exception <a 'java/lang/NoClassDefFoundError'{0x000000009b88beb8}: org/jooq/DSLContext> (0x000000009b88beb8) 
thrown [s\src\hotspot\share\oops\constantPool.cpp, line 873]
Event: 297.372 Thread 0x0000014f98506cd0 Exception <a 'java/lang/NoClassDefFoundError'{0x000000009b88d440}: jakarta/persistence/EntityManagerFactory> (0x000000009b88d440) 
thrown [s\src\hotspot\share\oops\constantPool.cpp, line 873]
Event: 297.372 Thread 0x0000014f98506cd0 Exception <a 'java/lang/NoClassDefFoundError'{0x000000009b88dab0}: org/springframework/batch/core/repository/JobRepository> (0x000000009b88dab0) 
thrown [s\src\hotspot\share\oops\constantPool.cpp, line 873]
Event: 297.372 Thread 0x0000014f98506cd0 Exception <a 'java/lang/NoClassDefFoundError'{0x000000009b88e108}: org/quartz/Scheduler> (0x000000009b88e108) 
thrown [s\src\hotspot\share\oops\constantPool.cpp, line 873]
Event: 297.372 Thread 0x0000014f98506cd0 Exception <a 'java/lang/NoClassDefFoundError'{0x000000009b88e788}: org/springframework/session/jdbc/JdbcIndexedSessionRepository> (0x000000009b88e788) 
thrown [s\src\hotspot\share\oops\constantPool.cpp, line 873]
Event: 301.392 Thread 0x0000014f98506cd0 Exception <a 'java/io/FileNotFoundException'{0x000000009c0514b0}> (0x000000009c0514b0) 
thrown [s\src\hotspot\share\prims\jni.cpp, line 520]
Event: 304.400 Thread 0x0000014f98506cd0 Exception <a 'java/io/FileNotFoundException'{0x000000009bf4f948}> (0x000000009bf4f948) 
thrown [s\src\hotspot\share\prims\jni.cpp, line 520]
Event: 304.479 Thread 0x0000014f98506cd0 Exception <a 'java/io/FileNotFoundException'{0x000000009be70e18}> (0x000000009be70e18) 
thrown [s\src\hotspot\share\prims\jni.cpp, line 520]
Event: 304.481 Thread 0x0000014f98506cd0 Exception <a 'java/io/FileNotFoundException'{0x000000009be81998}> (0x000000009be81998) 
thrown [s\src\hotspot\share\prims\jni.cpp, line 520]

ZGC Phase Switch (0 events):
No events

VM Operations (20 events):
Event: 360.332 Executing VM operation: Cleanup done
Event: 361.038 Executing VM operation: HandshakeAllThreads (HandshakeForDeflation)
Event: 361.038 Executing VM operation: HandshakeAllThreads (HandshakeForDeflation) done
Event: 361.038 Executing VM operation: RendezvousGCThreads
Event: 361.038 Executing VM operation: RendezvousGCThreads done
Event: 372.693 Executing VM operation: G1CollectForAllocation (G1 Evacuation Pause)
Event: 373.771 Executing VM operation: G1CollectForAllocation (G1 Evacuation Pause) done
Event: 375.252 Executing VM operation: G1CollectForAllocation (G1 Evacuation Pause)
Event: 375.907 Executing VM operation: G1CollectForAllocation (G1 Evacuation Pause) done
Event: 377.721 Executing VM operation: G1CollectForAllocation (G1 Evacuation Pause)
Event: 377.854 Executing VM operation: G1CollectForAllocation (G1 Evacuation Pause) done
Event: 385.355 Executing VM operation: G1CollectForAllocation (G1 Evacuation Pause)
Event: 385.357 Executing VM operation: G1CollectForAllocation (G1 Evacuation Pause) done
Event: 387.378 Executing VM operation: G1CollectForAllocation (G1 Evacuation Pause)
Event: 387.382 Executing VM operation: G1CollectForAllocation (G1 Evacuation Pause) done
Event: 390.923 Executing VM operation: G1CollectForAllocation (G1 Evacuation Pause)
Event: 390.934 Executing VM operation: G1CollectForAllocation (G1 Evacuation Pause) done
Event: 393.910 Executing VM operation: G1CollectForAllocation (G1 Evacuation Pause)
Event: 394.138 Executing VM operation: G1CollectForAllocation (G1 Evacuation Pause) done
Event: 396.284 Executing VM operation: G1CollectForAllocation (G1 Evacuation Pause)

Memory protections (0 events):
No events

Nmethod flushes (20 events):
Event: 189.892 Thread 0x0000014f51bf6450 flushing  nmethod 0x0000014f4a035890
Event: 189.892 Thread 0x0000014f51bf6450 flushing  nmethod 0x0000014f4a049510
Event: 189.892 Thread 0x0000014f51bf6450 flushing  nmethod 0x0000014f4a04ba10
Event: 189.892 Thread 0x0000014f51bf6450 flushing  nmethod 0x0000014f4a053810
Event: 189.892 Thread 0x0000014f51bf6450 flushing  nmethod 0x0000014f4a091c10
Event: 189.892 Thread 0x0000014f51bf6450 flushing  nmethod 0x0000014f4a092f10
Event: 189.892 Thread 0x0000014f51bf6450 flushing  nmethod 0x0000014f4a093310
Event: 189.892 Thread 0x0000014f51bf6450 flushing  nmethod 0x0000014f4a093910
Event: 189.892 Thread 0x0000014f51bf6450 flushing  nmethod 0x0000014f4a094a10
Event: 189.892 Thread 0x0000014f51bf6450 flushing  nmethod 0x0000014f4a096010
Event: 189.892 Thread 0x0000014f51bf6450 flushing  nmethod 0x0000014f4a096490
Event: 189.892 Thread 0x0000014f51bf6450 flushing  nmethod 0x0000014f4a096e90
Event: 189.892 Thread 0x0000014f51bf6450 flushing  nmethod 0x0000014f4a098a90
Event: 189.892 Thread 0x0000014f51bf6450 flushing  nmethod 0x0000014f4a0d2090
Event: 189.892 Thread 0x0000014f51bf6450 flushing  nmethod 0x0000014f4a0d2910
Event: 189.892 Thread 0x0000014f51bf6450 flushing  nmethod 0x0000014f4a0d5010
Event: 189.892 Thread 0x0000014f51bf6450 flushing  nmethod 0x0000014f4a113d90
Event: 189.892 Thread 0x0000014f51bf6450 flushing  nmethod 0x0000014f4a12c010
Event: 189.892 Thread 0x0000014f51bf6450 flushing  nmethod 0x0000014f4a12c390
Event: 189.892 Thread 0x0000014f51bf6450 flushing  nmethod 0x0000014f4a142710

Events (20 events):
Event: 304.403 Thread 0x0000014f98506cd0 Thread added: 0x0000014f98507360
Event: 304.404 Thread 0x0000014f98506cd0 Thread added: 0x0000014f98506640
Event: 304.404 Thread 0x0000014f98506cd0 Thread added: 0x0000014f98504c00
Event: 304.438 Thread 0x0000014f98503ee0 Thread added: 0x0000014f985425e0
Event: 305.052 Thread 0x0000014f98506cd0 Thread added: 0x0000014f98541f50
Event: 305.106 Thread 0x0000014f98506cd0 Thread added: 0x0000014f9853fe80
Event: 305.107 Thread 0x0000014f98506cd0 Thread added: 0x0000014f98540510
Event: 305.107 Thread 0x0000014f98506cd0 Thread added: 0x0000014f985446b0
Event: 305.107 Thread 0x0000014f98506cd0 Thread added: 0x0000014f985418c0
Event: 305.107 Thread 0x0000014f98506cd0 Thread added: 0x0000014f98542c70
Event: 305.107 Thread 0x0000014f98506cd0 Thread added: 0x0000014f98543300
Event: 305.107 Thread 0x0000014f98506cd0 Thread added: 0x0000014f98541230
Event: 305.107 Thread 0x0000014f98506cd0 Thread added: 0x0000014f98546e10
Event: 305.108 Thread 0x0000014f98506cd0 Thread added: 0x0000014f985460f0
Event: 305.108 Thread 0x0000014f98506cd0 Thread added: 0x0000014f98545a60
Event: 305.131 Thread 0x0000014f98506cd0 Thread added: 0x0000014f98543990
Event: 305.133 Thread 0x0000014f98506cd0 Thread added: 0x0000014f985474a0
Event: 305.227 Thread 0x0000014f98506cd0 Thread exited: 0x0000014f98506cd0
Event: 305.233 Thread 0x0000014f98505fb0 Thread exited: 0x0000014f98505fb0
Event: 309.807 Thread 0x0000014f985425e0 Thread exited: 0x0000014f985425e0


Dynamic libraries:
0x00007ff77ed70000 - 0x00007ff77ed7e000 	C:\Users\Glymin Terra Selasi\AppData\Roaming\Trae\User\globalStorage\pleiades.java-extension-pack-jdk\java\21\bin\java.exe
0x00007ffb2a700000 - 0x00007ffb2a968000 	C:\WINDOWS\SYSTEM32\ntdll.dll
0x00007ffb28c20000 - 0x00007ffb28ce9000 	C:\WINDOWS\System32\KERNEL32.DLL
0x00007ffb28020000 - 0x00007ffb28412000 	C:\WINDOWS\System32\KERNELBASE.dll
0x00007ffb27bb0000 - 0x00007ffb27cfb000 	C:\WINDOWS\System32\ucrtbase.dll
0x00007ffb10fa0000 - 0x00007ffb10fb8000 	C:\Users\Glymin Terra Selasi\AppData\Roaming\Trae\User\globalStorage\pleiades.java-extension-pack-jdk\java\21\bin\jli.dll
0x00007ffb10ee0000 - 0x00007ffb10efe000 	C:\Users\Glymin Terra Selasi\AppData\Roaming\Trae\User\globalStorage\pleiades.java-extension-pack-jdk\java\21\bin\VCRUNTIME140.dll
0x00007ffb29430000 - 0x00007ffb295f5000 	C:\WINDOWS\System32\USER32.dll
0x00007ffb27b80000 - 0x00007ffb27ba7000 	C:\WINDOWS\System32\win32u.dll
0x00007ffb0f6a0000 - 0x00007ffb0f933000 	C:\WINDOWS\WinSxS\amd64_microsoft.windows.common-controls_6595b64144ccf1df_6.0.26100.6899_none_3e0efeeae32e88c1\COMCTL32.dll
0x00007ffb29790000 - 0x00007ffb297bb000 	C:\WINDOWS\System32\GDI32.dll
0x00007ffb27ef0000 - 0x00007ffb2801d000 	C:\WINDOWS\System32\gdi32full.dll
0x00007ffb28420000 - 0x00007ffb284c3000 	C:\WINDOWS\System32\msvcp_win.dll
0x00007ffb296e0000 - 0x00007ffb29789000 	C:\WINDOWS\System32\msvcrt.dll
0x00007ffb2a350000 - 0x00007ffb2a37f000 	C:\WINDOWS\System32\IMM32.DLL
0x00007ffb24330000 - 0x00007ffb2433c000 	C:\Users\Glymin Terra Selasi\AppData\Roaming\Trae\User\globalStorage\pleiades.java-extension-pack-jdk\java\21\bin\vcruntime140_1.dll
0x00007ffae54f0000 - 0x00007ffae557d000 	C:\Users\Glymin Terra Selasi\AppData\Roaming\Trae\User\globalStorage\pleiades.java-extension-pack-jdk\java\21\bin\msvcp140.dll
0x00007ffa5c090000 - 0x00007ffa5ce30000 	C:\Users\Glymin Terra Selasi\AppData\Roaming\Trae\User\globalStorage\pleiades.java-extension-pack-jdk\java\21\bin\server\jvm.dll
0x00007ffb299c0000 - 0x00007ffb29a74000 	C:\WINDOWS\System32\ADVAPI32.dll
0x00007ffb28850000 - 0x00007ffb288f6000 	C:\WINDOWS\System32\sechost.dll
0x00007ffb28d90000 - 0x00007ffb28ea8000 	C:\WINDOWS\System32\RPCRT4.dll
0x00007ffb28d10000 - 0x00007ffb28d84000 	C:\WINDOWS\System32\WS2_32.dll
0x00007ffb276f0000 - 0x00007ffb2774e000 	C:\WINDOWS\SYSTEM32\POWRPROF.dll
0x00007ffb1e660000 - 0x00007ffb1e695000 	C:\WINDOWS\SYSTEM32\WINMM.dll
0x00007ffb1e480000 - 0x00007ffb1e48b000 	C:\WINDOWS\SYSTEM32\VERSION.dll
0x00007ffb276d0000 - 0x00007ffb276e4000 	C:\WINDOWS\SYSTEM32\UMPDC.dll
0x00007ffb26660000 - 0x00007ffb2667b000 	C:\WINDOWS\SYSTEM32\kernel.appcore.dll
0x00007ffb175a0000 - 0x00007ffb175aa000 	C:\Users\Glymin Terra Selasi\AppData\Roaming\Trae\User\globalStorage\pleiades.java-extension-pack-jdk\java\21\bin\jimage.dll
0x00007ffb24f00000 - 0x00007ffb25142000 	C:\WINDOWS\SYSTEM32\DBGHELP.DLL
0x00007ffb284d0000 - 0x00007ffb2884b000 	C:\WINDOWS\System32\combase.dll
0x00007ffb29600000 - 0x00007ffb296d7000 	C:\WINDOWS\System32\OLEAUT32.dll
0x00007ffaeafe0000 - 0x00007ffaeb01c000 	C:\WINDOWS\SYSTEM32\dbgcore.DLL
0x00007ffb27e50000 - 0x00007ffb27ee8000 	C:\WINDOWS\System32\bcryptPrimitives.dll
0x00007ffb10e90000 - 0x00007ffb10eb0000 	C:\Users\Glymin Terra Selasi\AppData\Roaming\Trae\User\globalStorage\pleiades.java-extension-pack-jdk\java\21\bin\java.dll
0x00007ffb29a80000 - 0x00007ffb2a1cd000 	C:\WINDOWS\System32\SHELL32.dll
0x00007ffb27a10000 - 0x00007ffb27b7b000 	C:\WINDOWS\System32\wintypes.dll
0x00007ffb254c0000 - 0x00007ffb25d1d000 	C:\WINDOWS\SYSTEM32\windows.storage.dll
0x00007ffb28900000 - 0x00007ffb289f2000 	C:\WINDOWS\System32\SHCORE.dll
0x00007ffb2a390000 - 0x00007ffb2a3f2000 	C:\WINDOWS\System32\shlwapi.dll
0x00007ffb277b0000 - 0x00007ffb277d9000 	C:\WINDOWS\SYSTEM32\profapi.dll
0x00007ffb174e0000 - 0x00007ffb174f0000 	C:\Users\Glymin Terra Selasi\AppData\Roaming\Trae\User\globalStorage\pleiades.java-extension-pack-jdk\java\21\bin\net.dll
0x00007ffb204f0000 - 0x00007ffb2060f000 	C:\WINDOWS\SYSTEM32\WINHTTP.dll
0x00007ffb26bd0000 - 0x00007ffb26c3b000 	C:\WINDOWS\system32\mswsock.dll
0x00007ffaf9650000 - 0x00007ffaf9666000 	C:\Users\Glymin Terra Selasi\AppData\Roaming\Trae\User\globalStorage\pleiades.java-extension-pack-jdk\java\21\bin\nio.dll
0x00007ffaea8c0000 - 0x00007ffaea8d8000 	C:\Users\Glymin Terra Selasi\AppData\Roaming\Trae\User\globalStorage\pleiades.java-extension-pack-jdk\java\21\bin\zip.dll
0x00007ffb16cf0000 - 0x00007ffb16cfa000 	C:\Users\Glymin Terra Selasi\AppData\Roaming\Trae\User\globalStorage\pleiades.java-extension-pack-jdk\java\21\bin\management.dll
0x00007ffb16b70000 - 0x00007ffb16b7c000 	C:\Users\Glymin Terra Selasi\AppData\Roaming\Trae\User\globalStorage\pleiades.java-extension-pack-jdk\java\21\bin\management_ext.dll
0x00007ffb28cf0000 - 0x00007ffb28cf8000 	C:\WINDOWS\System32\PSAPI.DLL
0x00007ffb10ed0000 - 0x00007ffb10ede000 	C:\Users\Glymin Terra Selasi\AppData\Roaming\Trae\User\globalStorage\pleiades.java-extension-pack-jdk\java\21\bin\sunmscapi.dll
0x00007ffb27890000 - 0x00007ffb27a07000 	C:\WINDOWS\System32\CRYPT32.dll
0x00007ffb270a0000 - 0x00007ffb270d0000 	C:\WINDOWS\SYSTEM32\ncrypt.dll
0x00007ffb27050000 - 0x00007ffb2708f000 	C:\WINDOWS\SYSTEM32\NTASN1.dll
0x00007ffb26e80000 - 0x00007ffb26e9b000 	C:\WINDOWS\SYSTEM32\CRYPTSP.dll
0x00007ffb265c0000 - 0x00007ffb265fb000 	C:\WINDOWS\system32\rsaenh.dll
0x00007ffb26c70000 - 0x00007ffb26c9b000 	C:\WINDOWS\SYSTEM32\USERENV.dll
0x00007ffb27780000 - 0x00007ffb277a6000 	C:\WINDOWS\SYSTEM32\bcrypt.dll
0x00007ffb26ea0000 - 0x00007ffb26eac000 	C:\WINDOWS\SYSTEM32\CRYPTBASE.dll
0x00007ffb26040000 - 0x00007ffb26074000 	C:\WINDOWS\SYSTEM32\IPHLPAPI.DLL
0x00007ffb28d00000 - 0x00007ffb28d0a000 	C:\WINDOWS\System32\NSI.dll
0x00007ffb10e80000 - 0x00007ffb10e89000 	C:\Users\Glymin Terra Selasi\AppData\Roaming\Trae\User\globalStorage\pleiades.java-extension-pack-jdk\java\21\bin\extnet.dll
0x00007ffae5770000 - 0x00007ffae5778000 	C:\WINDOWS\system32\wshunix.dll

JVMTI agents: none

dbghelp: loaded successfully - version: 4.0.5 - missing functions: none
symbol engine: initialized successfully - sym options: 0x614 - pdb path: .;C:\Users\Glymin Terra Selasi\AppData\Roaming\Trae\User\globalStorage\pleiades.java-extension-pack-jdk\java\21\bin;C:\WINDOWS\SYSTEM32;C:\WINDOWS\WinSxS\amd64_microsoft.windows.common-controls_6595b64144ccf1df_6.0.26100.6899_none_3e0efeeae32e88c1;C:\Users\Glymin Terra Selasi\AppData\Roaming\Trae\User\globalStorage\pleiades.java-extension-pack-jdk\java\21\bin\server

VM Arguments:
jvm_args: -Dstdout.encoding=UTF-8 -Dstderr.encoding=UTF-8 -XX:TieredStopAtLevel=1 
java_command: com.mit.ticket_mgt_app.TicketMgtAppApplication
java_class_path (initial): C:\Users\Glymin Terra Selasi\tickets_main\ticket_mgt\target\classes;C:\Users\Glymin Terra Selasi\.m2\repository\ch\qos\logback\logback-classic\1.4.14\logback-classic-1.4.14.jar;C:\Users\Glymin Terra Selasi\.m2\repository\ch\qos\logback\logback-core\1.4.14\logback-core-1.4.14.jar;C:\Users\Glymin Terra Selasi\.m2\repository\org\apache\logging\log4j\log4j-to-slf4j\2.21.1\log4j-to-slf4j-2.21.1.jar;C:\Users\Glymin Terra Selasi\.m2\repository\org\apache\logging\log4j\log4j-api\2.21.1\log4j-api-2.21.1.jar;C:\Users\Glymin Terra Selasi\.m2\repository\org\slf4j\jul-to-slf4j\2.0.11\jul-to-slf4j-2.0.11.jar;C:\Users\Glymin Terra Selasi\.m2\repository\jakarta\annotation\jakarta.annotation-api\2.1.1\jakarta.annotation-api-2.1.1.jar;C:\Users\Glymin Terra Selasi\.m2\repository\org\yaml\snakeyaml\2.2\snakeyaml-2.2.jar;C:\Users\Glymin Terra Selasi\.m2\repository\org\apache\tomcat\embed\tomcat-embed-websocket\10.1.18\tomcat-embed-websocket-10.1.18.jar;C:\Users\Glymin Terra Selasi\.m2\repository\org\springframework\spring-web\6.1.3\spring-web-6.1.3.jar;C:\Users\Glymin Terra Selasi\.m2\repository\org\springframework\spring-beans\6.1.3\spring-beans-6.1.3.jar;C:\Users\Glymin Terra Selasi\.m2\repository\io\micrometer\micrometer-observation\1.12.2\micrometer-observation-1.12.2.jar;C:\Users\Glymin Terra Selasi\.m2\repository\io\micrometer\micrometer-commons\1.12.2\micrometer-commons-1.12.2.jar;C:\Users\Glymin Terra Selasi\.m2\repository\org\springframework\spring-webmvc\6.1.3\spring-webmvc-6.1.3.jar;C:\Users\Glymin Terra Selasi\.m2\repository\org\springframework\spring-aop\6.1.3\spring-aop-6.1.3.jar;C:\Users\Glymin Terra Selasi\.m2\repository\org\springframework\spring-context\6.1.3\spring-context-6.1.3.jar;C:\Users\Glymin Terra Selasi\.m2\repository\org\springframework\spring-expression\6.1.3\spring-expression-6.1.3.jar;C:\Users\Glymin Terra Selasi\.m2\repository\jakarta\activation\jakarta.activation-api\2.1.2\jakarta.activation-api-2.1.2.jar;C:\Users\Glymin Terra Selasi\.m2\repository\org\springframework\spring-core\6.1.3\spring-core-6.1.3.jar;C:\Users\Glymin Terra Selasi\.m2\repository\org\springframework\spring-jcl\6.1.3\spring-jcl-6.1.3.jar;C:\Users\Glymin Terra Selasi\.m2\repository\org\springframework\boot\spring-boot-devtools\3.2.2\spring-boot-devtools-3.2.2.jar;C:\Users\Glymin Terra Selasi\.m2\repository\org\springframework\boot\spring-boot\3.2.2\spring-boot-3.2.2.jar;C:\Users\Glymin Terra Selasi\.m2\repository\org\springframework\boot\spring-boot-autoconfigure\3.2.2\spring-boot-autoconfigure-3.2.2.jar;C:\Users\Glymin Terra Selasi\.m2\repository\com\fasterxml\jackson\datatype\jackson-datatype-jdk8\2.15.3\jackson-datatype-jdk8-2.15.3.jar;C:\Users\Glymin Terra Selasi\.m2\repository\com\fasterxml\jackson\datatype\jackson-datatype-jsr310\2.15.3\jackson-datatype-jsr310-2.15.3.jar;C:\Users\Glymin Terra Selasi\.m2\repository\com\fasterxml\jackson\module\jackson-module-parameter-names\2.15.3\jackson-module-parameter-names-2.15.3.jar;C:\Users\Glymin Terra Selasi\.m2\repository\com\fasterxml\jackson\core\jackson-databind\2.15.3\jackson-databind-2.15.3.jar;C:\Users\Glymin Terra Selasi\.m2\repository\com\fasterxml\jackson\core\jackson-annotations\2.15.3\jackson-annotations-2.15.3.jar;C:\Users\Glymin Terra Selasi\.m2\repository\com\fasterxml\jackson\core\jackson-core\2.15.3\jackson-core-2.15.3.jar;C:\Users\Glymin Terra Selasi\.m2\repository\jakarta\servlet\jsp\jstl\jakarta.servlet.jsp.jstl-api\3.0.0\jakarta.servlet.jsp.jstl-api-3.0.0.jar;C:\Users\Glymin Terra Selasi\.m2\repository\jakarta\servlet\jakarta.servlet-api\6.0.0\jakarta.servlet-api-6.0.0.jar;C:\Users\Glymin Terra Selasi\.m2\repository\jakarta\el\jakarta.el-api\5.0.0\jakarta.el-api-5.0.0.jar;C:\Users\Glymin Terra Selasi\.m2\repository\org\glassfish\web\jakarta.servlet.jsp.jstl\3.0.1\jakarta.servlet.jsp.jstl-3.0.1.jar;C:\Users\Glymin Terra Selasi\.m2\repository\org\apache\tomcat\embed\tomcat-embed-jasper\10.1.18\tomcat-embed-jasper-10.1.18.jar;C:\Users\Glymin Terra Selasi\.m2\repository\org\apache\tomcat\embed\tomcat-embed-core\10.1.18\tomcat-embed-core-10.1.18.jar;C:\Users\Glymin Terra Selasi\.m2\repository\org\apache\tomcat\tomcat-annotations-api\10.1.18\tomcat-annotations-api-10.1.18.jar;C:\Users\Glymin Terra Selasi\.m2\repository\org\apache\tomcat\embed\tomcat-embed-el\10.1.18\tomcat-embed-el-10.1.18.jar;C:\Users\Glymin Terra Selasi\.m2\repository\org\eclipse\jdt\ecj\3.33.0\ecj-3.33.0.jar;C:\Users\Glymin Terra Selasi\.m2\repository\org\codehaus\jettison\jettison\1.5.4\jettison-1.5.4.jar;C:\Users\Glymin Terra Selasi\.m2\repository\com\sun\jersey\jersey-client\1.19.4\jersey-client-1.19.4.jar;C:\Users\Glymin Terra Selasi\.m2\repository\com\sun\jersey\jersey-core\1.19.4\jersey-core-1.19.4.jar;C:\Users\Glymin Terra Selasi\.m2\repository\javax\ws\rs\jsr311-api\1.1.1\jsr311-api-1.1.1.jar;C:\Users\Glymin Terra Selasi\.m2\repository\org\apache\httpcomponents\httpclient\4.5.13\httpclient-4.5.13.jar;C:\Users\Glymin Terra Selasi\.m2\repository\org\apache\httpcomponents\httpcore\4.4.16\httpcore-4.4.16.jar;C:\Users\Glymin Terra Selasi\.m2\repository\commons-logging\commons-logging\1.2\commons-logging-1.2.jar;C:\Users\Glymin Terra Selasi\.m2\repository\commons-codec\commons-codec\1.16.0\commons-codec-1.16.0.jar;C:\Users\Glymin Terra Selasi\.m2\repository\org\apache\httpcomponents\httpmime\4.5.13\httpmime-4.5.13.jar;C:\Users\Glymin Terra Selasi\.m2\repository\com\google\code\gson\gson\2.10.1\gson-2.10.1.jar;C:\Users\Glymin Terra Selasi\.m2\repository\com\vividsolutions\jts-core\1.14.0\jts-core-1.14.0.jar;C:\Users\Glymin Terra Selasi\.m2\repository\com\vividsolutions\jts-io\1.14.0\jts-io-1.14.0.jar;C:\Users\Glymin Terra Selasi\.m2\repository\com\googlecode\json-simple\json-simple\1.1\json-simple-1.1.jar;C:\Users\Glymin Terra Selasi\.m2\repository\org\slf4j\slf4j-api\2.0.7\slf4j-api-2.0.7.jar;C:\Users\Glymin Terra Selasi\.m2\repository\io\github\cdimascio\dotenv-java\3.0.0\dotenv-java-3.0.0.jar;C:\Users\Glymin Terra Selasi\.m2\repository\org\springframework\spring-context-support\6.1.3\spring-context-support-6.1.3.jar;C:\Users\Glymin Terra Selasi\.m2\repository\org\eclipse\angus\jakarta.mail\2.0.2\jakarta.mail-2.0.2.jar;C:\Users\Glymin Terra Selasi\.m2\repository\org\eclipse\angus\angus-activation\2.0.1\angus-activation-2.0.1.jar;C:\Users\Glymin Terra Selasi\.m2\repository\com\zaxxer\HikariCP\5.0.1\HikariCP-5.0.1.jar;C:\Users\Glymin Terra Selasi\.m2\repository\org\springframework\spring-jdbc\6.1.3\spring-jdbc-6.1.3.jar;C:\Users\Glymin Terra Selasi\.m2\repository\org\springframework\spring-tx\6.1.3\spring-tx-6.1.3.jar;C:\Users\Glymin Terra Selasi\.m2\repository\com\h2database\h2\2.2.224\h2-2.2.224.jar
Launcher Type: SUN_STANDARD

[Global flags]
     intx CICompilerCount                          = 4                                         {product} {ergonomic}
     uint ConcGCThreads                            = 2                                         {product} {ergonomic}
     uint G1ConcRefinementThreads                  = 8                                         {product} {ergonomic}
   size_t G1HeapRegionSize                         = 1048576                                   {product} {ergonomic}
    uintx GCDrainStackTargetSize                   = 64                                        {product} {ergonomic}
   size_t InitialHeapSize                          = 130023424                                 {product} {ergonomic}
   size_t MarkStackSize                            = 4194304                                   {product} {ergonomic}
   size_t MaxHeapSize                              = 2080374784                                {product} {ergonomic}
   size_t MaxNewSize                               = 1247805440                                {product} {ergonomic}
   size_t MinHeapDeltaBytes                        = 1048576                                   {product} {ergonomic}
   size_t MinHeapSize                              = 8388608                                   {product} {ergonomic}
    uintx NonNMethodCodeHeapSize                   = 4096                                   {pd product} {ergonomic}
    uintx NonProfiledCodeHeapSize                  = 0                                      {pd product} {ergonomic}
     bool ProfileInterpreter                       = false                                  {pd product} {command line}
    uintx ProfiledCodeHeapSize                     = 0                                      {pd product} {ergonomic}
   size_t SoftMaxHeapSize                          = 2080374784                             {manageable} {ergonomic}
     intx TieredStopAtLevel                        = 1                                         {product} {command line}
     bool UseCompressedOops                        = true                           {product lp64_product} {ergonomic}
     bool UseG1GC                                  = true                                      {product} {ergonomic}
     bool UseLargePagesIndividualAllocation        = false                                  {pd product} {ergonomic}

Logging:
Log output configuration:
 #0: stdout all=warning uptime,level,tags foldmultilines=false
 #1: stderr all=off uptime,level,tags foldmultilines=false

Release file:
IMPLEMENTOR="Eclipse Adoptium" 
IMPLEMENTOR_VERSION="Temurin-21.0.10+7" 
JAVA_RUNTIME_VERSION="21.0.10+7-LTS" 
JAVA_VERSION="21.0.10" 
JAVA_VERSION_DATE="2026-01-20" 
LIBC="default" 
MODULES="java.base java.compiler java.datatransfer java.xml java.prefs java.desktop java.instrument java.logging java.management java.security.sasl java.naming java.rmi java.management.rmi java.net.http java.scripting java.security.jgss java.transaction.xa java.sql java.sql.rowset java.xml.crypto java.se java.smartcardio jdk.accessibility jdk.internal.jvmstat jdk.attach jdk.charsets jdk.internal.opt jdk.zipfs jdk.compiler jdk.crypto.ec jdk.crypto.cryptoki jdk.crypto.mscapi jdk.dynalink jdk.internal.ed jdk.editpad jdk.hotspot.agent jdk.httpserver jdk.incubator.vector jdk.internal.le jdk.internal.vm.ci jdk.internal.vm.compiler jdk.internal.vm.compiler.management jdk.jartool jdk.javadoc jdk.jcmd jdk.management jdk.management.agent jdk.jconsole jdk.jdeps jdk.jdwp.agent jdk.jdi jdk.jfr jdk.jlink jdk.jpackage jdk.jshell jdk.jsobject jdk.jstatd jdk.localedata jdk.management.jfr jdk.naming.dns jdk.naming.rmi jdk.net jdk.nio.mapmode jdk.random jdk.sctp jdk.security.auth jdk.security.jgss jdk.unsupported jdk.unsupported.desktop jdk.xml.dom" 
OS_ARCH="x86_64" 
OS_NAME="Windows" 
SOURCE=".:git:a633eafe0fcc" 
BUILD_SOURCE="git:458965074606f027bd5afce2cfd5c1055dea0438"
BUILD_SOURCE_REPO="https://github.com/adoptium/temurin-build.git"
SOURCE_REPO="https://github.com/adoptium/jdk21u.git"
FULL_VERSION="21.0.10+7-LTS"
SEMANTIC_VERSION="21.0.10+7"
BUILD_INFO="OS: Windows Server 2022 Version: 10.0"
JVM_VARIANT="Hotspot"
JVM_VERSION="21.0.10+7-LTS"
IMAGE_TYPE="JDK"

Environment Variables:
JAVA_HOME=C:\Users\Glymin Terra Selasi\AppData\Roaming\Trae\User\globalStorage\pleiades.java-extension-pack-jdk\java\21
JAVA_TOOL_OPTIONS=-Dstdout.encoding=UTF-8 -Dstderr.encoding=UTF-8
PATH=C:\Users\Glymin Terra Selasi\AppData\Roaming\Trae\User\globalStorage\pleiades.java-extension-pack-jdk\gradle\latest\bin;C:\Users\Glymin Terra Selasi\AppData\Roaming\Trae\User\globalStorage\pleiades.java-extension-pack-jdk\maven\latest\bin;C:\Users\Glymin Terra Selasi\AppData\Roaming\Trae\User\globalStorage\pleiades.java-extension-pack-jdk\java\21\bin;C:\Python312\Scripts\;C:\Python312\;C:\WINDOWS\system32;C:\WINDOWS;C:\WINDOWS\System32\Wbem;C:\WINDOWS\System32\WindowsPowerShell\v1.0\;C:\WINDOWS\System32\OpenSSH\;C:\Program Files\dotnet\;C:\ProgramData\chocolatey\bin;C:\Program Files (x86)\Microsoft SQL Server\160\Tools\Binn\;C:\Program Files\Microsoft SQL Server\160\Tools\Binn\;C:\Program Files\Microsoft SQL Server\Client SDK\ODBC\170\Tools\Binn\;C:\Program Files\Microsoft SQL Server\160\DTS\Binn\;C:\Program Files\php-8.3.12;C:\Program Files\php-8.3.12\php;C:\xampp\php;C:\Users\Glymin Terra Selasi\AppData\Local\Yarn\bin;C:\Program Files\PostgreSQL\15\bin;C:\Program Files\Git\cmd;C:\Program Files\jdk-23.0.1\bin;C:\Program Files\PostgreSQL\12\bin;C:\Program Files (x86)\cloudflared\;C:\Windows\System32;C:\composer;C:\Users\Glymin Terra Selasi\AppData\Roaming\npm;C:\Users\Glymin Terra Selasi\AppData\Roaming\nvm;C:\Program Files\nodejs;C:\xampp\mysql\bin;C:\Program Files\apache-maven-3.9.11\bin;C:\Python312\Scripts\;C:\Python312\;C:\WINDOWS\system32;C:\WINDOWS;C:\WINDOWS\System32\Wbem;C:\WINDOWS\System32\WindowsPowerShell\v1.0\;C:\WINDOWS\System32\OpenSSH\;C:\Program Files\dotnet\;C:\ProgramData\chocolatey\bin;C:\Program Files (x86)\Microsoft SQL Server\160\Tools\Binn\;C:\Program Files\Microsoft SQL Server\160\Tools\Binn\;C:\Program Files\Microsoft SQL Server\Client SDK\ODBC\170\Tools\Binn\;C:\Program Files\Microsoft SQL Server\160\DTS\Binn\;C:\Program Files (x86)\Microsoft SQL Server\160\DTS\Binn\;C:\Program Files\php-8.3.12;C:\Program Files\php-8.3.12\php;C:\xampp\php;C:\Users\Glymin Terra Selasi\AppData\Local\Yarn\bin;C:\Program Files\PostgreSQL\15\bin;C:\Program Files\Git\cmd;C:\Program Files\jdk-23.0.1\bin;C:\Program Files\PostgreSQL\12\bin;C:\Program Files (x86)\cloudflared\;C:\Windows\System32;C:\composer;C:\Users\Glymin Terra Selasi\AppData\Local\Microsoft\WindowsApps;C:\Users\Glymin Terra Selasi\AppData\Local\Programs\Microsoft VS Code\bin;C:\Users\Glymin Terra Sela;C:\Users\Glymin Terra Selasi\AppData\Roaming\npm;C:\Users\Glymin Terra Selasi\AppData\Roaming\nvm;C:\Program Files\nodejs;C:\Users\Glymin Terra Selasi\AppData\Local\Microsoft\WindowsApps;C:\Users\Glymin Terra Selasi\AppData\Local\Programs\Antigravity\bin;c:\Users\Glymin Terra Selasi\.trae\extensions\vscjava.vscode-java-debug-0.58.5-universal\bundled\scripts\noConfigScripts
USERNAME=Glymin Terra Selasi
LANG=en_US.UTF-8
OS=Windows_NT
PROCESSOR_IDENTIFIER=Intel64 Family 6 Model 140 Stepping 1, GenuineIntel
TMP=C:\Users\GLYMIN~1\AppData\Local\Temp
TEMP=C:\Users\GLYMIN~1\AppData\Local\Temp




Periodic native trim disabled

---------------  S Y S T E M  ---------------

OS:
 Windows 11 , 64 bit Build 26100 (10.0.26100.6725)
OS uptime: 0 days 4:26 hours
Hyper-V role detected

CPU: total 8 (initial active 8) (4 cores per cpu, 2 threads per core) family 6 model 140 stepping 1 microcode 0xbc, cx8, cmov, fxsr, ht, mmx, 3dnowpref, sse, sse2, sse3, ssse3, sse4.1, sse4.2, popcnt, lzcnt, tsc, tscinvbit, avx, avx2, aes, erms, clmul, bmi1, bmi2, adx, avx512f, avx512dq, avx512cd, avx512bw, avx512vl, sha, fma, vzeroupper, avx512_vpopcntdq, avx512_vpclmulqdq, avx512_vaes, avx512_vnni, clflush, clflushopt, clwb, avx512_vbmi2, avx512_vbmi, hv, rdtscp, rdpid, fsrm, gfni, avx512_bitalg, f16c, cet_ibt, cet_ss, avx512_ifma
Processor Information for the first 8 processors :
  Max Mhz: 2419, Current Mhz: 2419, Mhz Limit: 2419

Memory: 4k page, system-wide physical 7934M (277M free)
TotalPageFile size 29229M (AvailPageFile size 89M)
current process WorkingSet (physical memory assigned to process): 79M, peak: 245M
current process commit charge ("private bytes"): 547M, peak: 866M

vm_info: OpenJDK 64-Bit Server VM (21.0.9+10-LTS) for windows-amd64 JRE (21.0.9+10-LTS), built on 2025-10-21T00:00:00Z by "admin" with unknown MS VC++:1942

END.
