#
# There is insufficient memory for the Java Runtime Environment to continue.
# Native memory allocation (mmap) failed to map 655360000 bytes. Error detail: G1 virtual space
# Possible reasons:
#   The system is out of physical RAM or swap space
#   This process is running with CompressedOops enabled, and the Java Heap may be blocking the growth of the native heap
# Possible solutions:
#   Reduce memory load on the system
#   Increase physical memory or swap space
#   Check if swap backing store is full
#   Decrease Java heap size (-Xmx/-Xms)
#   Decrease number of Java threads
#   Decrease Java thread stack sizes (-Xss)
#   Set larger code cache with -XX:ReservedCodeCacheSize=
#   JVM is running with Unscaled Compressed Oops mode in which the Java heap is
#     placed in the first 4GB address space. The Java Heap base address is the
#     maximum limit for the native heap growth. Please use -XX:HeapBaseMinAddress
#     to set the Java Heap base and to place the Java Heap above 4GB virtual address.
# This output file may be truncated or incomplete.
#
#  Out of Memory Error (os_windows.cpp:3713), pid=21044, tid=22764
#
# JRE version: OpenJDK Runtime Environment Temurin-21.0.9+10 (21.0.9+10) (build 21.0.9+10-LTS)
# Java VM: OpenJDK 64-Bit Server VM Temurin-21.0.9+10 (21.0.9+10-LTS, mixed mode, emulated-client, sharing, tiered, compressed oops, compressed class ptrs, g1 gc, windows-amd64)
# No core dump will be written. Minidumps are not enabled by default on client versions of Windows
#

---------------  S U M M A R Y ------------

Command Line: -Dsts.lsp.client=vscode -Dsts.log.file=/dev/null -XX:TieredStopAtLevel=1 -Xlog:jni+resolve=off -Dspring.config.location=file:c:\Users\Glymin Terra Selasi\.trae\extensions\pivotal.vscode-spring-boot-1.43.0-universal\language-server\BOOT-INF\classes\application.properties org.springframework.ide.vscode.boot.app.BootLanguageServerBootApp

Host: 11th Gen Intel(R) Core(TM) i5-1135G7 @ 2.40GHz, 8 cores, 7G,  Windows 11 , 64 bit Build 26100 (10.0.26100.6725)
Time: Sat Feb 14 13:41:41 2026 Greenwich Standard Time elapsed time: 43.780920 seconds (0d 0h 0m 43s)

---------------  T H R E A D  ---------------

Current thread (0x0000017b5a305240):  VMThread "VM Thread"          [id=22764, stack(0x0000000280200000,0x0000000280300000) (1024K)]

Stack: [0x0000000280200000,0x0000000280300000]
Native frames: (J=compiled Java code, j=interpreted, Vv=VM code, C=native code)
V  [jvm.dll+0x6d6e29]
V  [jvm.dll+0x8b4b76]
V  [jvm.dll+0x8b712e]
V  [jvm.dll+0x8b7813]
V  [jvm.dll+0x283d86]
V  [jvm.dll+0x6d3745]
V  [jvm.dll+0x6c747a]
V  [jvm.dll+0x35e7e8]
V  [jvm.dll+0x366426]
V  [jvm.dll+0x3b73fe]
V  [jvm.dll+0x3b76a8]
V  [jvm.dll+0x3329ec]
V  [jvm.dll+0x332a77]
V  [jvm.dll+0x37684c]
V  [jvm.dll+0x374fee]
V  [jvm.dll+0x332131]
V  [jvm.dll+0x37465a]
V  [jvm.dll+0x8bd500]
V  [jvm.dll+0x8be8a4]
V  [jvm.dll+0x8bede0]
V  [jvm.dll+0x8bf083]
V  [jvm.dll+0x85e9ad]
V  [jvm.dll+0x6d565d]
C  [ucrtbase.dll+0x37b0]
C  [KERNEL32.DLL+0x2e8d7]
C  [ntdll.dll+0x8c53c]

VM_Operation (0x00000002826fdc00): G1CollectForAllocation, mode: safepoint, requested by thread 0x0000017b5fbb09e0


---------------  P R O C E S S  ---------------

Threads class SMR info:
_java_thread_list=0x0000017b5f354ac0, length=41, elements={
0x0000017b5a3211d0, 0x0000017b5a321c20, 0x0000017b5a328320, 0x0000017b5a32ae70,
0x0000017b5a32cfa0, 0x0000017b5a331950, 0x0000017b5a337c50, 0x0000017b5a4cb240,
0x0000017b5a4e1f90, 0x0000017b5a4e1270, 0x0000017b5a4dfec0, 0x0000017b5a4e1900,
0x0000017b5a4e0550, 0x0000017b5a4e0be0, 0x0000017b5a4deb10, 0x0000017b5a4df1a0,
0x0000017b5a4df830, 0x0000017b5fbb3140, 0x0000017b5fbb1700, 0x0000017b5fbb1070,
0x0000017b5fbb1d90, 0x0000017b5fbb2420, 0x0000017b5fbb37d0, 0x0000017b5fba4bd0,
0x0000017b5fb7f5f0, 0x0000017b5fb7fc90, 0x0000017b5fbb0350, 0x0000017b5fbb3e60,
0x0000017b5fbb09e0, 0x0000017b5fbb58a0, 0x0000017b5fbb4b80, 0x0000017b5fbb2ab0,
0x0000017b5fbb5210, 0x0000017b5fbb5f30, 0x0000017b5fbb65c0, 0x0000017b5fbb6c50,
0x0000017b5fbb72e0, 0x0000017b5fbb7970, 0x0000017b5fbb44f0, 0x0000017b5fd8a660,
0x0000017b5fd8acf0
}

Java Threads: ( => current thread )
  0x0000017b5a3211d0 JavaThread "Reference Handler"          daemon [_thread_blocked, id=21588, stack(0x0000000280300000,0x0000000280400000) (1024K)]
  0x0000017b5a321c20 JavaThread "Finalizer"                  daemon [_thread_blocked, id=17744, stack(0x0000000280400000,0x0000000280500000) (1024K)]
  0x0000017b5a328320 JavaThread "Signal Dispatcher"          daemon [_thread_blocked, id=20372, stack(0x0000000280500000,0x0000000280600000) (1024K)]
  0x0000017b5a32ae70 JavaThread "Attach Listener"            daemon [_thread_blocked, id=13124, stack(0x0000000280600000,0x0000000280700000) (1024K)]
  0x0000017b5a32cfa0 JavaThread "Service Thread"             daemon [_thread_blocked, id=26168, stack(0x0000000280700000,0x0000000280800000) (1024K)]
  0x0000017b5a331950 JavaThread "Monitor Deflation Thread"   daemon [_thread_blocked, id=27348, stack(0x0000000280800000,0x0000000280900000) (1024K)]
  0x0000017b5a337c50 JavaThread "C1 CompilerThread0"         daemon [_thread_blocked, id=20236, stack(0x0000000280900000,0x0000000280a00000) (1024K)]
  0x0000017b5a4cb240 JavaThread "Notification Thread"        daemon [_thread_blocked, id=1644, stack(0x0000000280b00000,0x0000000280c00000) (1024K)]
  0x0000017b5a4e1f90 JavaThread "Common-Cleaner"             daemon [_thread_blocked, id=16296, stack(0x0000000280c00000,0x0000000280d00000) (1024K)]
  0x0000017b5a4e1270 JavaThread "boundedElastic-evictor-1"   daemon [_thread_blocked, id=27884, stack(0x0000000281600000,0x0000000281700000) (1024K)]
  0x0000017b5a4dfec0 JavaThread "pool-11-thread-1"                  [_thread_blocked, id=16984, stack(0x0000000280a00000,0x0000000280b00000) (1024K)]
  0x0000017b5a4e1900 JavaThread "LanguageServerApp-lifecycle"        [_thread_blocked, id=28440, stack(0x0000000280d00000,0x0000000280e00000) (1024K)]
  0x0000017b5a4e0550 JavaThread "DestroyJavaVM"                     [_thread_blocked, id=27104, stack(0x00000002ffb00000,0x00000002ffc00000) (1024K)]
  0x0000017b5a4e0be0 JavaThread "pool-12-thread-1"                  [_thread_in_native, id=25964, stack(0x0000000280e00000,0x0000000280f00000) (1024K)]
  0x0000017b5a4deb10 JavaThread "Simple-Language-Server main thread" daemon [_thread_blocked, id=8248, stack(0x0000000281800000,0x0000000281900000) (1024K)]
  0x0000017b5a4df1a0 JavaThread "parallel-1"                 daemon [_thread_blocked, id=16776, stack(0x0000000281900000,0x0000000281a00000) (1024K)]
  0x0000017b5a4df830 JavaThread "pool-8-thread-1"                   [_thread_blocked, id=26900, stack(0x0000000281a00000,0x0000000281b00000) (1024K)]
  0x0000017b5fbb3140 JavaThread "parallel-2"                 daemon [_thread_blocked, id=27740, stack(0x0000000281b00000,0x0000000281c00000) (1024K)]
  0x0000017b5fbb1700 JavaThread "parallel-3"                 daemon [_thread_blocked, id=1296, stack(0x0000000281c00000,0x0000000281d00000) (1024K)]
  0x0000017b5fbb1070 JavaThread "ForkJoinPool.commonPool-worker-1" daemon [_thread_blocked, id=24844, stack(0x0000000281d00000,0x0000000281e00000) (1024K)]
  0x0000017b5fbb1d90 JavaThread "pool-5-thread-1"                   [_thread_blocked, id=28640, stack(0x0000000281e00000,0x0000000281f00000) (1024K)]
  0x0000017b5fbb2420 JavaThread "ForkJoinPool.commonPool-worker-2" daemon [_thread_blocked, id=6968, stack(0x0000000281f00000,0x0000000282000000) (1024K)]
  0x0000017b5fbb37d0 JavaThread "parallel-4"                 daemon [_thread_blocked, id=21060, stack(0x0000000282000000,0x0000000282100000) (1024K)]
  0x0000017b5fba4bd0 JavaThread "C1 CompilerThread1"         daemon [_thread_blocked, id=28216, stack(0x0000000282100000,0x0000000282200000) (1024K)]
  0x0000017b5fb7f5f0 JavaThread "C1 CompilerThread2"         daemon [_thread_blocked, id=14160, stack(0x0000000282200000,0x0000000282300000) (1024K)]
  0x0000017b5fb7fc90 JavaThread "C1 CompilerThread3"         daemon [_thread_blocked, id=27168, stack(0x0000000282300000,0x0000000282400000) (1024K)]
  0x0000017b5fbb0350 JavaThread "Reconciler-1"               daemon [_thread_blocked, id=11136, stack(0x0000000282400000,0x0000000282500000) (1024K)]
  0x0000017b5fbb3e60 JavaThread "ClassGraph-worker-0"        daemon [_thread_blocked, id=24212, stack(0x0000000282500000,0x0000000282600000) (1024K)]
  0x0000017b5fbb09e0 JavaThread "ClassGraph-worker-1"        daemon [_thread_blocked, id=27400, stack(0x0000000282600000,0x0000000282700000) (1024K)]
  0x0000017b5fbb58a0 JavaThread "ClassGraph-worker-2"        daemon [_thread_blocked, id=26236, stack(0x0000000282700000,0x0000000282800000) (1024K)]
  0x0000017b5fbb4b80 JavaThread "ClassGraph-worker-3"        daemon [_thread_blocked, id=1020, stack(0x0000000282800000,0x0000000282900000) (1024K)]
  0x0000017b5fbb2ab0 JavaThread "ClassGraph-worker-4"        daemon [_thread_blocked, id=28008, stack(0x0000000282900000,0x0000000282a00000) (1024K)]
  0x0000017b5fbb5210 JavaThread "ClassGraph-worker-5"        daemon [_thread_blocked, id=1520, stack(0x0000000282a00000,0x0000000282b00000) (1024K)]
  0x0000017b5fbb5f30 JavaThread "ClassGraph-worker-6"        daemon [_thread_blocked, id=28080, stack(0x0000000282b00000,0x0000000282c00000) (1024K)]
  0x0000017b5fbb65c0 JavaThread "ClassGraph-worker-7"        daemon [_thread_blocked, id=16956, stack(0x0000000282c00000,0x0000000282d00000) (1024K)]
  0x0000017b5fbb6c50 JavaThread "ClassGraph-worker-8"        daemon [_thread_blocked, id=22920, stack(0x0000000282d00000,0x0000000282e00000) (1024K)]
  0x0000017b5fbb72e0 JavaThread "ClassGraph-worker-9"        daemon [_thread_blocked, id=19872, stack(0x0000000282e00000,0x0000000282f00000) (1024K)]
  0x0000017b5fbb7970 JavaThread "ClassGraph-worker-10"       daemon [_thread_blocked, id=24776, stack(0x0000000282f00000,0x0000000283000000) (1024K)]
  0x0000017b5fbb44f0 JavaThread "ClassGraph-worker-11"       daemon [_thread_blocked, id=11448, stack(0x0000000283000000,0x0000000283100000) (1024K)]
  0x0000017b5fd8a660 JavaThread "ClassGraph-worker-12"       daemon [_thread_blocked, id=25800, stack(0x0000000283100000,0x0000000283200000) (1024K)]
  0x0000017b5fd8acf0 JavaThread "ClassGraph-worker-13"       daemon [_thread_blocked, id=26872, stack(0x0000000283200000,0x0000000283300000) (1024K)]
Total: 41

Other Threads:
=>0x0000017b5a305240 VMThread "VM Thread"                           [id=22764, stack(0x0000000280200000,0x0000000280300000) (1024K)]
  0x0000017b5a2f1410 WatcherThread "VM Periodic Task Thread"        [id=28096, stack(0x0000000280100000,0x0000000280200000) (1024K)]
  0x0000017b4e5e2830 WorkerThread "GC Thread#0"                     [id=7688, stack(0x00000002ffc00000,0x00000002ffd00000) (1024K)]
  0x0000017b5aced060 WorkerThread "GC Thread#1"                     [id=3464, stack(0x0000000280f00000,0x0000000281000000) (1024K)]
  0x0000017b5af2eea0 WorkerThread "GC Thread#2"                     [id=20240, stack(0x0000000281000000,0x0000000281100000) (1024K)]
  0x0000017b5af30250 WorkerThread "GC Thread#3"                     [id=14804, stack(0x0000000281100000,0x0000000281200000) (1024K)]
  0x0000017b5af305f0 WorkerThread "GC Thread#4"                     [id=26980, stack(0x0000000281200000,0x0000000281300000) (1024K)]
  0x0000017b5f3a2a10 WorkerThread "GC Thread#5"                     [id=15636, stack(0x0000000281300000,0x0000000281400000) (1024K)]
  0x0000017b5f3a2db0 WorkerThread "GC Thread#6"                     [id=28148, stack(0x0000000281400000,0x0000000281500000) (1024K)]
  0x0000017b5f3b3560 WorkerThread "GC Thread#7"                     [id=17196, stack(0x0000000281500000,0x0000000281600000) (1024K)]
  0x0000017b4e5f3da0 ConcurrentGCThread "G1 Main Marker"            [id=19960, stack(0x00000002ffd00000,0x00000002ffe00000) (1024K)]
  0x0000017b4e5f47b0 WorkerThread "G1 Conc#0"                       [id=696, stack(0x00000002ffe00000,0x00000002fff00000) (1024K)]
  0x0000017b5f3e8670 WorkerThread "G1 Conc#1"                       [id=22776, stack(0x0000000281700000,0x0000000281800000) (1024K)]
  0x0000017b5a1bc140 ConcurrentGCThread "G1 Refine#0"               [id=23104, stack(0x00000002fff00000,0x0000000300000000) (1024K)]
  0x0000017b5a1be7e0 ConcurrentGCThread "G1 Service"                [id=6560, stack(0x0000000280000000,0x0000000280100000) (1024K)]
Total: 15

Threads with active compile tasks:
Total: 0

VM state: at safepoint (normal execution)

VM Mutex/Monitor currently owned by a thread:  ([mutex/lock_event])
[0x00007ffcf6f1d570] Threads_lock - owner thread: 0x0000017b5a305240
[0x00007ffcf6f1d670] Heap_lock - owner thread: 0x0000017b5fbb09e0

Heap address: 0x0000000084000000, size: 1984 MB, Compressed Oops mode: 32-bit

CDS archive(s) mapped at: [0x0000017b00000000-0x0000017b00ba0000-0x0000017b00ba0000), size 12189696, SharedBaseAddress: 0x0000017b00000000, ArchiveRelocationMode: 1.
Compressed class space mapped at: 0x0000017b01000000-0x0000017b41000000, reserved size: 1073741824
Narrow klass base: 0x0000017b00000000, Narrow klass shift: 0, Narrow klass range: 0x100000000

GC Precious Log:
 CardTable entry size: 512
 Card Set container configuration: InlinePtr #cards 5 size 8 Array Of Cards #cards 12 size 40 Howl #buckets 4 coarsen threshold 1843 Howl Bitmap #cards 512 size 80 coarsen threshold 460 Card regions per heap region 1 cards per card region 2048
 CPUs: 8 total, 8 available
 Memory: 7934M
 Large Page Support: Disabled
 NUMA Support: Disabled
 Compressed Oops: Enabled (32-bit)
 Heap Region Size: 1M
 Heap Min Capacity: 8M
 Heap Initial Capacity: 124M
 Heap Max Capacity: 1984M
 Pre-touch: Disabled
 Parallel Workers: 8
 Concurrent Workers: 2
 Concurrent Refinement Workers: 8
 Periodic GC: Disabled

Heap:
 garbage-first heap   total 333824K, used 134804K [0x0000000084000000, 0x0000000100000000)
  region size 1024K, 21 young (21504K), 21 survivors (21504K)
 Metaspace       used 31581K, committed 32064K, reserved 1114112K
  class space    used 4260K, committed 4480K, reserved 1048576K

Heap Regions: E=young(eden), S=young(survivor), O=old, HS=humongous(starts), HC=humongous(continues), CS=collection set, F=free, TAMS=top-at-mark-start, PB=parsable bottom
|   0|0x0000000084000000, 0x0000000084100000, 0x0000000084100000|100%| O|  |TAMS 0x0000000084000000| PB 0x0000000084000000| Untracked 
|   1|0x0000000084100000, 0x0000000084200000, 0x0000000084200000|100%| O|  |TAMS 0x0000000084100000| PB 0x0000000084100000| Untracked 
|   2|0x0000000084200000, 0x0000000084300000, 0x0000000084300000|100%| O|  |TAMS 0x0000000084200000| PB 0x0000000084200000| Untracked 
|   3|0x0000000084300000, 0x0000000084400000, 0x0000000084400000|100%| O|  |TAMS 0x0000000084300000| PB 0x0000000084300000| Untracked 
|   4|0x0000000084400000, 0x0000000084500000, 0x0000000084500000|100%| O|  |TAMS 0x0000000084400000| PB 0x0000000084400000| Untracked 
|   5|0x0000000084500000, 0x0000000084600000, 0x0000000084600000|100%| O|  |TAMS 0x0000000084500000| PB 0x0000000084500000| Untracked 
|   6|0x0000000084600000, 0x0000000084700000, 0x0000000084700000|100%| O|  |TAMS 0x0000000084600000| PB 0x0000000084600000| Untracked 
|   7|0x0000000084700000, 0x0000000084800000, 0x0000000084800000|100%| O|  |TAMS 0x0000000084700000| PB 0x0000000084700000| Untracked 
|   8|0x0000000084800000, 0x0000000084900000, 0x0000000084900000|100%| O|  |TAMS 0x0000000084800000| PB 0x0000000084800000| Untracked 
|   9|0x0000000084900000, 0x0000000084a00000, 0x0000000084a00000|100%| O|  |TAMS 0x0000000084900000| PB 0x0000000084900000| Untracked 
|  10|0x0000000084a00000, 0x0000000084af0480, 0x0000000084b00000| 93%| O|  |TAMS 0x0000000084a00000| PB 0x0000000084a00000| Untracked 
|  11|0x0000000084b00000, 0x0000000084c00000, 0x0000000084c00000|100%| O|  |TAMS 0x0000000084b00000| PB 0x0000000084b00000| Untracked 
|  12|0x0000000084c00000, 0x0000000084d00000, 0x0000000084d00000|100%| O|  |TAMS 0x0000000084c00000| PB 0x0000000084c00000| Untracked 
|  13|0x0000000084d00000, 0x0000000084e00000, 0x0000000084e00000|100%| O|  |TAMS 0x0000000084d00000| PB 0x0000000084d00000| Untracked 
|  14|0x0000000084e00000, 0x0000000084f00000, 0x0000000084f00000|100%| O|  |TAMS 0x0000000084e00000| PB 0x0000000084e00000| Untracked 
|  15|0x0000000084f00000, 0x0000000085000000, 0x0000000085000000|100%| O|  |TAMS 0x0000000084f00000| PB 0x0000000084f00000| Untracked 
|  16|0x0000000085000000, 0x0000000085100000, 0x0000000085100000|100%| O|  |TAMS 0x0000000085000000| PB 0x0000000085000000| Untracked 
|  17|0x0000000085100000, 0x0000000085200000, 0x0000000085200000|100%| O|  |TAMS 0x0000000085100000| PB 0x0000000085100000| Untracked 
|  18|0x0000000085200000, 0x0000000085300000, 0x0000000085300000|100%| O|  |TAMS 0x0000000085200000| PB 0x0000000085200000| Untracked 
|  19|0x0000000085300000, 0x0000000085400000, 0x0000000085400000|100%| O|  |TAMS 0x0000000085300000| PB 0x0000000085300000| Untracked 
|  20|0x0000000085400000, 0x0000000085500000, 0x0000000085500000|100%| O|  |TAMS 0x0000000085400000| PB 0x0000000085400000| Untracked 
|  21|0x0000000085500000, 0x0000000085600000, 0x0000000085600000|100%| O|  |TAMS 0x0000000085500000| PB 0x0000000085500000| Untracked 
|  22|0x0000000085600000, 0x0000000085700000, 0x0000000085700000|100%| O|  |TAMS 0x0000000085600000| PB 0x0000000085600000| Untracked 
|  23|0x0000000085700000, 0x0000000085800000, 0x0000000085800000|100%| O|  |TAMS 0x0000000085700000| PB 0x0000000085700000| Untracked 
|  24|0x0000000085800000, 0x0000000085900000, 0x0000000085900000|100%| O|  |TAMS 0x0000000085800000| PB 0x0000000085800000| Untracked 
|  25|0x0000000085900000, 0x0000000085a00000, 0x0000000085a00000|100%| O|  |TAMS 0x0000000085900000| PB 0x0000000085900000| Untracked 
|  26|0x0000000085a00000, 0x0000000085b00000, 0x0000000085b00000|100%| O|  |TAMS 0x0000000085a00000| PB 0x0000000085a00000| Untracked 
|  27|0x0000000085b00000, 0x0000000085c00000, 0x0000000085c00000|100%| O|  |TAMS 0x0000000085b00000| PB 0x0000000085b00000| Untracked 
|  28|0x0000000085c00000, 0x0000000085d00000, 0x0000000085d00000|100%| O|  |TAMS 0x0000000085c00000| PB 0x0000000085c00000| Untracked 
|  29|0x0000000085d00000, 0x0000000085e00000, 0x0000000085e00000|100%| O|  |TAMS 0x0000000085d00000| PB 0x0000000085d00000| Untracked 
|  30|0x0000000085e00000, 0x0000000085f00000, 0x0000000085f00000|100%| O|  |TAMS 0x0000000085e00000| PB 0x0000000085e00000| Untracked 
|  31|0x0000000085f00000, 0x0000000086000000, 0x0000000086000000|100%| O|  |TAMS 0x0000000085f00000| PB 0x0000000085f00000| Untracked 
|  32|0x0000000086000000, 0x0000000086100000, 0x0000000086100000|100%| O|  |TAMS 0x0000000086000000| PB 0x0000000086000000| Untracked 
|  33|0x0000000086100000, 0x0000000086200000, 0x0000000086200000|100%| O|  |TAMS 0x0000000086100000| PB 0x0000000086100000| Untracked 
|  34|0x0000000086200000, 0x0000000086300000, 0x0000000086300000|100%| O|  |TAMS 0x0000000086200000| PB 0x0000000086200000| Untracked 
|  35|0x0000000086300000, 0x0000000086400000, 0x0000000086400000|100%| O|  |TAMS 0x0000000086300000| PB 0x0000000086300000| Untracked 
|  36|0x0000000086400000, 0x0000000086500000, 0x0000000086500000|100%| O|  |TAMS 0x0000000086400000| PB 0x0000000086400000| Untracked 
|  37|0x0000000086500000, 0x0000000086600000, 0x0000000086600000|100%| O|  |TAMS 0x0000000086500000| PB 0x0000000086500000| Untracked 
|  38|0x0000000086600000, 0x0000000086700000, 0x0000000086700000|100%| O|  |TAMS 0x0000000086600000| PB 0x0000000086600000| Untracked 
|  39|0x0000000086700000, 0x0000000086800000, 0x0000000086800000|100%| O|  |TAMS 0x0000000086700000| PB 0x0000000086700000| Untracked 
|  40|0x0000000086800000, 0x0000000086900000, 0x0000000086900000|100%| O|  |TAMS 0x0000000086800000| PB 0x0000000086800000| Untracked 
|  41|0x0000000086900000, 0x0000000086a00000, 0x0000000086a00000|100%| O|  |TAMS 0x0000000086900000| PB 0x0000000086900000| Untracked 
|  42|0x0000000086a00000, 0x0000000086b00000, 0x0000000086b00000|100%| O|  |TAMS 0x0000000086a00000| PB 0x0000000086a00000| Untracked 
|  43|0x0000000086b00000, 0x0000000086c00000, 0x0000000086c00000|100%| O|  |TAMS 0x0000000086b00000| PB 0x0000000086b00000| Untracked 
|  44|0x0000000086c00000, 0x0000000086d00000, 0x0000000086d00000|100%| O|  |TAMS 0x0000000086c00000| PB 0x0000000086c00000| Untracked 
|  45|0x0000000086d00000, 0x0000000086e00000, 0x0000000086e00000|100%| O|  |TAMS 0x0000000086d00000| PB 0x0000000086d00000| Untracked 
|  46|0x0000000086e00000, 0x0000000086f00000, 0x0000000086f00000|100%| O|  |TAMS 0x0000000086e00000| PB 0x0000000086e00000| Untracked 
|  47|0x0000000086f00000, 0x0000000087000000, 0x0000000087000000|100%|HS|  |TAMS 0x0000000086f00000| PB 0x0000000086f00000| Complete 
|  48|0x0000000087000000, 0x0000000087100000, 0x0000000087100000|100%| O|  |TAMS 0x0000000087000000| PB 0x0000000087000000| Untracked 
|  49|0x0000000087100000, 0x0000000087200000, 0x0000000087200000|100%| O|  |TAMS 0x0000000087100000| PB 0x0000000087100000| Untracked 
|  50|0x0000000087200000, 0x0000000087300000, 0x0000000087300000|100%| O|  |TAMS 0x0000000087200000| PB 0x0000000087200000| Untracked 
|  51|0x0000000087300000, 0x0000000087400000, 0x0000000087400000|100%| O|  |TAMS 0x0000000087300000| PB 0x0000000087300000| Untracked 
|  52|0x0000000087400000, 0x0000000087500000, 0x0000000087500000|100%| O|  |TAMS 0x0000000087400000| PB 0x0000000087400000| Untracked 
|  53|0x0000000087500000, 0x0000000087600000, 0x0000000087600000|100%| O|  |TAMS 0x0000000087500000| PB 0x0000000087500000| Untracked 
|  54|0x0000000087600000, 0x0000000087700000, 0x0000000087700000|100%| O|  |TAMS 0x0000000087600000| PB 0x0000000087600000| Untracked 
|  55|0x0000000087700000, 0x0000000087800000, 0x0000000087800000|100%| O|  |TAMS 0x0000000087700000| PB 0x0000000087700000| Untracked 
|  56|0x0000000087800000, 0x0000000087900000, 0x0000000087900000|100%| O|  |TAMS 0x0000000087800000| PB 0x0000000087800000| Untracked 
|  57|0x0000000087900000, 0x0000000087a00000, 0x0000000087a00000|100%| O|  |TAMS 0x0000000087900000| PB 0x0000000087900000| Untracked 
|  58|0x0000000087a00000, 0x0000000087b00000, 0x0000000087b00000|100%| O|  |TAMS 0x0000000087a00000| PB 0x0000000087a00000| Untracked 
|  59|0x0000000087b00000, 0x0000000087c00000, 0x0000000087c00000|100%| O|  |TAMS 0x0000000087b00000| PB 0x0000000087b00000| Untracked 
|  60|0x0000000087c00000, 0x0000000087d00000, 0x0000000087d00000|100%| O|  |TAMS 0x0000000087c00000| PB 0x0000000087c00000| Untracked 
|  61|0x0000000087d00000, 0x0000000087e00000, 0x0000000087e00000|100%| O|  |TAMS 0x0000000087d00000| PB 0x0000000087d00000| Untracked 
|  62|0x0000000087e00000, 0x0000000087f00000, 0x0000000087f00000|100%| O|  |TAMS 0x0000000087e00000| PB 0x0000000087e00000| Untracked 
|  63|0x0000000087f00000, 0x0000000087f00000, 0x0000000088000000|  0%| F|  |TAMS 0x0000000087f00000| PB 0x0000000087f00000| Untracked 
|  64|0x0000000088000000, 0x0000000088100000, 0x0000000088100000|100%| O|  |TAMS 0x0000000088000000| PB 0x0000000088000000| Untracked 
|  65|0x0000000088100000, 0x0000000088200000, 0x0000000088200000|100%| O|  |TAMS 0x0000000088100000| PB 0x0000000088100000| Untracked 
|  66|0x0000000088200000, 0x0000000088300000, 0x0000000088300000|100%| O|  |TAMS 0x0000000088200000| PB 0x0000000088200000| Untracked 
|  67|0x0000000088300000, 0x0000000088300000, 0x0000000088400000|  0%| F|  |TAMS 0x0000000088300000| PB 0x0000000088300000| Untracked 
|  68|0x0000000088400000, 0x0000000088500000, 0x0000000088500000|100%| O|  |TAMS 0x0000000088400000| PB 0x0000000088400000| Untracked 
|  69|0x0000000088500000, 0x0000000088600000, 0x0000000088600000|100%| O|  |TAMS 0x0000000088500000| PB 0x0000000088500000| Untracked 
|  70|0x0000000088600000, 0x0000000088700000, 0x0000000088700000|100%| O|  |TAMS 0x0000000088600000| PB 0x0000000088600000| Untracked 
|  71|0x0000000088700000, 0x0000000088800000, 0x0000000088800000|100%| O|  |TAMS 0x0000000088700000| PB 0x0000000088700000| Untracked 
|  72|0x0000000088800000, 0x0000000088900000, 0x0000000088900000|100%| O|  |TAMS 0x0000000088800000| PB 0x0000000088800000| Untracked 
|  73|0x0000000088900000, 0x0000000088a00000, 0x0000000088a00000|100%| O|  |TAMS 0x0000000088900000| PB 0x0000000088900000| Untracked 
|  74|0x0000000088a00000, 0x0000000088b00000, 0x0000000088b00000|100%| O|  |TAMS 0x0000000088a00000| PB 0x0000000088a00000| Untracked 
|  75|0x0000000088b00000, 0x0000000088c00000, 0x0000000088c00000|100%| O|  |TAMS 0x0000000088b00000| PB 0x0000000088b00000| Untracked 
|  76|0x0000000088c00000, 0x0000000088d00000, 0x0000000088d00000|100%| O|  |TAMS 0x0000000088c00000| PB 0x0000000088c00000| Untracked 
|  77|0x0000000088d00000, 0x0000000088e00000, 0x0000000088e00000|100%| O|  |TAMS 0x0000000088d00000| PB 0x0000000088d00000| Untracked 
|  78|0x0000000088e00000, 0x0000000088f00000, 0x0000000088f00000|100%| O|  |TAMS 0x0000000088e00000| PB 0x0000000088e00000| Untracked 
|  79|0x0000000088f00000, 0x0000000089000000, 0x0000000089000000|100%| O|  |TAMS 0x0000000088f00000| PB 0x0000000088f00000| Untracked 
|  80|0x0000000089000000, 0x0000000089100000, 0x0000000089100000|100%| O|  |TAMS 0x0000000089000000| PB 0x0000000089000000| Untracked 
|  81|0x0000000089100000, 0x0000000089200000, 0x0000000089200000|100%| O|  |TAMS 0x0000000089100000| PB 0x0000000089100000| Untracked 
|  82|0x0000000089200000, 0x0000000089300000, 0x0000000089300000|100%| O|  |TAMS 0x0000000089200000| PB 0x0000000089200000| Untracked 
|  83|0x0000000089300000, 0x0000000089400000, 0x0000000089400000|100%| O|  |TAMS 0x0000000089300000| PB 0x0000000089300000| Untracked 
|  84|0x0000000089400000, 0x0000000089500000, 0x0000000089500000|100%| O|  |TAMS 0x0000000089400000| PB 0x0000000089400000| Untracked 
|  85|0x0000000089500000, 0x0000000089600000, 0x0000000089600000|100%| O|  |TAMS 0x0000000089500000| PB 0x0000000089500000| Untracked 
|  86|0x0000000089600000, 0x0000000089700000, 0x0000000089700000|100%| O|  |TAMS 0x0000000089600000| PB 0x0000000089600000| Untracked 
|  87|0x0000000089700000, 0x0000000089800000, 0x0000000089800000|100%| O|  |TAMS 0x0000000089700000| PB 0x0000000089700000| Untracked 
|  88|0x0000000089800000, 0x0000000089900000, 0x0000000089900000|100%| O|  |TAMS 0x0000000089800000| PB 0x0000000089800000| Untracked 
|  89|0x0000000089900000, 0x0000000089a00000, 0x0000000089a00000|100%| O|  |TAMS 0x0000000089900000| PB 0x0000000089900000| Untracked 
|  90|0x0000000089a00000, 0x0000000089b00000, 0x0000000089b00000|100%| O|  |TAMS 0x0000000089a00000| PB 0x0000000089a00000| Untracked 
|  91|0x0000000089b00000, 0x0000000089c00000, 0x0000000089c00000|100%| O|  |TAMS 0x0000000089b00000| PB 0x0000000089b00000| Untracked 
|  92|0x0000000089c00000, 0x0000000089c00000, 0x0000000089d00000|  0%| F|  |TAMS 0x0000000089c00000| PB 0x0000000089c00000| Untracked 
|  93|0x0000000089d00000, 0x0000000089d00000, 0x0000000089e00000|  0%| F|  |TAMS 0x0000000089d00000| PB 0x0000000089d00000| Untracked 
|  94|0x0000000089e00000, 0x0000000089f00000, 0x0000000089f00000|100%| O|  |TAMS 0x0000000089e00000| PB 0x0000000089e00000| Untracked 
|  95|0x0000000089f00000, 0x000000008a000000, 0x000000008a000000|100%| O|  |TAMS 0x0000000089f00000| PB 0x0000000089f00000| Untracked 
|  96|0x000000008a000000, 0x000000008a100000, 0x000000008a100000|100%| O|  |TAMS 0x000000008a000000| PB 0x000000008a000000| Untracked 
|  97|0x000000008a100000, 0x000000008a200000, 0x000000008a200000|100%| O|  |TAMS 0x000000008a100000| PB 0x000000008a100000| Untracked 
|  98|0x000000008a200000, 0x000000008a300000, 0x000000008a300000|100%| O|  |TAMS 0x000000008a200000| PB 0x000000008a200000| Untracked 
|  99|0x000000008a300000, 0x000000008a400000, 0x000000008a400000|100%| O|  |TAMS 0x000000008a300000| PB 0x000000008a300000| Untracked 
| 100|0x000000008a400000, 0x000000008a500000, 0x000000008a500000|100%| O|  |TAMS 0x000000008a400000| PB 0x000000008a400000| Untracked 
| 101|0x000000008a500000, 0x000000008a600000, 0x000000008a600000|100%| O|  |TAMS 0x000000008a500000| PB 0x000000008a500000| Untracked 
| 102|0x000000008a600000, 0x000000008a700000, 0x000000008a700000|100%| O|  |TAMS 0x000000008a600000| PB 0x000000008a600000| Untracked 
| 103|0x000000008a700000, 0x000000008a800000, 0x000000008a800000|100%| O|  |TAMS 0x000000008a700000| PB 0x000000008a700000| Untracked 
| 104|0x000000008a800000, 0x000000008a900000, 0x000000008a900000|100%| O|  |TAMS 0x000000008a800000| PB 0x000000008a800000| Untracked 
| 105|0x000000008a900000, 0x000000008aa00000, 0x000000008aa00000|100%| O|  |TAMS 0x000000008a900000| PB 0x000000008a900000| Untracked 
| 106|0x000000008aa00000, 0x000000008ab00000, 0x000000008ab00000|100%| O|  |TAMS 0x000000008aa00000| PB 0x000000008aa00000| Untracked 
| 107|0x000000008ab00000, 0x000000008ac00000, 0x000000008ac00000|100%| O|  |TAMS 0x000000008ab00000| PB 0x000000008ab00000| Untracked 
| 108|0x000000008ac00000, 0x000000008ac00000, 0x000000008ad00000|  0%| F|  |TAMS 0x000000008ac00000| PB 0x000000008ac00000| Untracked 
| 109|0x000000008ad00000, 0x000000008ae00000, 0x000000008ae00000|100%| O|  |TAMS 0x000000008ad00000| PB 0x000000008ad00000| Untracked 
| 110|0x000000008ae00000, 0x000000008af00000, 0x000000008af00000|100%| O|  |TAMS 0x000000008ae00000| PB 0x000000008ae00000| Untracked 
| 111|0x000000008af00000, 0x000000008b000000, 0x000000008b000000|100%| O|  |TAMS 0x000000008af00000| PB 0x000000008af00000| Untracked 
| 112|0x000000008b000000, 0x000000008b100000, 0x000000008b100000|100%| O|  |TAMS 0x000000008b000000| PB 0x000000008b000000| Untracked 
| 113|0x000000008b100000, 0x000000008b200000, 0x000000008b200000|100%| O|  |TAMS 0x000000008b100000| PB 0x000000008b100000| Untracked 
| 114|0x000000008b200000, 0x000000008b300000, 0x000000008b300000|100%| O|  |TAMS 0x000000008b200000| PB 0x000000008b200000| Untracked 
| 115|0x000000008b300000, 0x000000008b3b4d80, 0x000000008b400000| 70%| O|  |TAMS 0x000000008b300000| PB 0x000000008b300000| Untracked 
| 116|0x000000008b400000, 0x000000008b500000, 0x000000008b500000|100%| S|CS|TAMS 0x000000008b400000| PB 0x000000008b400000| Complete 
| 117|0x000000008b500000, 0x000000008b600000, 0x000000008b600000|100%| S|CS|TAMS 0x000000008b500000| PB 0x000000008b500000| Complete 
| 118|0x000000008b600000, 0x000000008b700000, 0x000000008b700000|100%| S|CS|TAMS 0x000000008b600000| PB 0x000000008b600000| Complete 
| 119|0x000000008b700000, 0x000000008b800000, 0x000000008b800000|100%| S|CS|TAMS 0x000000008b700000| PB 0x000000008b700000| Complete 
| 120|0x000000008b800000, 0x000000008b900000, 0x000000008b900000|100%| S|CS|TAMS 0x000000008b800000| PB 0x000000008b800000| Complete 
| 121|0x000000008b900000, 0x000000008ba00000, 0x000000008ba00000|100%| S|CS|TAMS 0x000000008b900000| PB 0x000000008b900000| Complete 
| 122|0x000000008ba00000, 0x000000008bb00000, 0x000000008bb00000|100%| S|CS|TAMS 0x000000008ba00000| PB 0x000000008ba00000| Complete 
| 123|0x000000008bb00000, 0x000000008bb00000, 0x000000008bc00000|  0%| F|  |TAMS 0x000000008bb00000| PB 0x000000008bb00000| Untracked 
| 124|0x000000008bc00000, 0x000000008bc00000, 0x000000008bd00000|  0%| F|  |TAMS 0x000000008bc00000| PB 0x000000008bc00000| Untracked 
| 125|0x000000008bd00000, 0x000000008bd00000, 0x000000008be00000|  0%| F|  |TAMS 0x000000008bd00000| PB 0x000000008bd00000| Untracked 
| 126|0x000000008be00000, 0x000000008be00000, 0x000000008bf00000|  0%| F|  |TAMS 0x000000008be00000| PB 0x000000008be00000| Untracked 
| 127|0x000000008bf00000, 0x000000008bf00000, 0x000000008c000000|  0%| F|  |TAMS 0x000000008bf00000| PB 0x000000008bf00000| Untracked 
| 128|0x000000008c000000, 0x000000008c000000, 0x000000008c100000|  0%| F|  |TAMS 0x000000008c000000| PB 0x000000008c000000| Untracked 
| 129|0x000000008c100000, 0x000000008c100000, 0x000000008c200000|  0%| F|  |TAMS 0x000000008c100000| PB 0x000000008c100000| Untracked 
| 130|0x000000008c200000, 0x000000008c200000, 0x000000008c300000|  0%| F|  |TAMS 0x000000008c200000| PB 0x000000008c200000| Untracked 
| 131|0x000000008c300000, 0x000000008c300000, 0x000000008c400000|  0%| F|  |TAMS 0x000000008c300000| PB 0x000000008c300000| Untracked 
| 132|0x000000008c400000, 0x000000008c400000, 0x000000008c500000|  0%| F|  |TAMS 0x000000008c400000| PB 0x000000008c400000| Untracked 
| 133|0x000000008c500000, 0x000000008c500000, 0x000000008c600000|  0%| F|  |TAMS 0x000000008c500000| PB 0x000000008c500000| Untracked 
| 134|0x000000008c600000, 0x000000008c600000, 0x000000008c700000|  0%| F|  |TAMS 0x000000008c600000| PB 0x000000008c600000| Untracked 
| 135|0x000000008c700000, 0x000000008c700000, 0x000000008c800000|  0%| F|  |TAMS 0x000000008c700000| PB 0x000000008c700000| Untracked 
| 136|0x000000008c800000, 0x000000008c800000, 0x000000008c900000|  0%| F|  |TAMS 0x000000008c800000| PB 0x000000008c800000| Untracked 
| 137|0x000000008c900000, 0x000000008ca00000, 0x000000008ca00000|100%| S|CS|TAMS 0x000000008c900000| PB 0x000000008c900000| Complete 
| 138|0x000000008ca00000, 0x000000008cb00000, 0x000000008cb00000|100%| S|CS|TAMS 0x000000008ca00000| PB 0x000000008ca00000| Complete 
| 139|0x000000008cb00000, 0x000000008cc00000, 0x000000008cc00000|100%| S|CS|TAMS 0x000000008cb00000| PB 0x000000008cb00000| Complete 
| 140|0x000000008cc00000, 0x000000008cd00000, 0x000000008cd00000|100%| S|CS|TAMS 0x000000008cc00000| PB 0x000000008cc00000| Complete 
| 141|0x000000008cd00000, 0x000000008cd00000, 0x000000008ce00000|  0%| F|  |TAMS 0x000000008cd00000| PB 0x000000008cd00000| Untracked 
| 142|0x000000008ce00000, 0x000000008ce00000, 0x000000008cf00000|  0%| F|  |TAMS 0x000000008ce00000| PB 0x000000008ce00000| Untracked 
| 143|0x000000008cf00000, 0x000000008cf00000, 0x000000008d000000|  0%| F|  |TAMS 0x000000008cf00000| PB 0x000000008cf00000| Untracked 
| 144|0x000000008d000000, 0x000000008d000000, 0x000000008d100000|  0%| F|  |TAMS 0x000000008d000000| PB 0x000000008d000000| Untracked 
| 145|0x000000008d100000, 0x000000008d100000, 0x000000008d200000|  0%| F|  |TAMS 0x000000008d100000| PB 0x000000008d100000| Untracked 
| 146|0x000000008d200000, 0x000000008d200000, 0x000000008d300000|  0%| F|  |TAMS 0x000000008d200000| PB 0x000000008d200000| Untracked 
| 147|0x000000008d300000, 0x000000008d300000, 0x000000008d400000|  0%| F|  |TAMS 0x000000008d300000| PB 0x000000008d300000| Untracked 
| 148|0x000000008d400000, 0x000000008d400000, 0x000000008d500000|  0%| F|  |TAMS 0x000000008d400000| PB 0x000000008d400000| Untracked 
| 149|0x000000008d500000, 0x000000008d500000, 0x000000008d600000|  0%| F|  |TAMS 0x000000008d500000| PB 0x000000008d500000| Untracked 
| 150|0x000000008d600000, 0x000000008d600000, 0x000000008d700000|  0%| F|  |TAMS 0x000000008d600000| PB 0x000000008d600000| Untracked 
| 151|0x000000008d700000, 0x000000008d700000, 0x000000008d800000|  0%| F|  |TAMS 0x000000008d700000| PB 0x000000008d700000| Untracked 
| 152|0x000000008d800000, 0x000000008d800000, 0x000000008d900000|  0%| F|  |TAMS 0x000000008d800000| PB 0x000000008d800000| Untracked 
| 153|0x000000008d900000, 0x000000008d900000, 0x000000008da00000|  0%| F|  |TAMS 0x000000008d900000| PB 0x000000008d900000| Untracked 
| 154|0x000000008da00000, 0x000000008da00000, 0x000000008db00000|  0%| F|  |TAMS 0x000000008da00000| PB 0x000000008da00000| Untracked 
| 155|0x000000008db00000, 0x000000008db00000, 0x000000008dc00000|  0%| F|  |TAMS 0x000000008db00000| PB 0x000000008db00000| Untracked 
| 156|0x000000008dc00000, 0x000000008dc00000, 0x000000008dd00000|  0%| F|  |TAMS 0x000000008dc00000| PB 0x000000008dc00000| Untracked 
| 157|0x000000008dd00000, 0x000000008dd00000, 0x000000008de00000|  0%| F|  |TAMS 0x000000008dd00000| PB 0x000000008dd00000| Untracked 
| 158|0x000000008de00000, 0x000000008de00000, 0x000000008df00000|  0%| F|  |TAMS 0x000000008de00000| PB 0x000000008de00000| Untracked 
| 159|0x000000008df00000, 0x000000008df00000, 0x000000008e000000|  0%| F|  |TAMS 0x000000008df00000| PB 0x000000008df00000| Untracked 
| 160|0x000000008e000000, 0x000000008e000000, 0x000000008e100000|  0%| F|  |TAMS 0x000000008e000000| PB 0x000000008e000000| Untracked 
| 161|0x000000008e100000, 0x000000008e100000, 0x000000008e200000|  0%| F|  |TAMS 0x000000008e100000| PB 0x000000008e100000| Untracked 
| 162|0x000000008e200000, 0x000000008e200000, 0x000000008e300000|  0%| F|  |TAMS 0x000000008e200000| PB 0x000000008e200000| Untracked 
| 163|0x000000008e300000, 0x000000008e300000, 0x000000008e400000|  0%| F|  |TAMS 0x000000008e300000| PB 0x000000008e300000| Untracked 
| 164|0x000000008e400000, 0x000000008e400000, 0x000000008e500000|  0%| F|  |TAMS 0x000000008e400000| PB 0x000000008e400000| Untracked 
| 165|0x000000008e500000, 0x000000008e500000, 0x000000008e600000|  0%| F|  |TAMS 0x000000008e500000| PB 0x000000008e500000| Untracked 
| 166|0x000000008e600000, 0x000000008e600000, 0x000000008e700000|  0%| F|  |TAMS 0x000000008e600000| PB 0x000000008e600000| Untracked 
| 167|0x000000008e700000, 0x000000008e700000, 0x000000008e800000|  0%| F|  |TAMS 0x000000008e700000| PB 0x000000008e700000| Untracked 
| 168|0x000000008e800000, 0x000000008e800000, 0x000000008e900000|  0%| F|  |TAMS 0x000000008e800000| PB 0x000000008e800000| Untracked 
| 169|0x000000008e900000, 0x000000008e900000, 0x000000008ea00000|  0%| F|  |TAMS 0x000000008e900000| PB 0x000000008e900000| Untracked 
| 170|0x000000008ea00000, 0x000000008ea00000, 0x000000008eb00000|  0%| F|  |TAMS 0x000000008ea00000| PB 0x000000008ea00000| Untracked 
| 171|0x000000008eb00000, 0x000000008eb00000, 0x000000008ec00000|  0%| F|  |TAMS 0x000000008eb00000| PB 0x000000008eb00000| Untracked 
| 172|0x000000008ec00000, 0x000000008ec00000, 0x000000008ed00000|  0%| F|  |TAMS 0x000000008ec00000| PB 0x000000008ec00000| Untracked 
| 173|0x000000008ed00000, 0x000000008ed00000, 0x000000008ee00000|  0%| F|  |TAMS 0x000000008ed00000| PB 0x000000008ed00000| Untracked 
| 174|0x000000008ee00000, 0x000000008ee00000, 0x000000008ef00000|  0%| F|  |TAMS 0x000000008ee00000| PB 0x000000008ee00000| Untracked 
| 175|0x000000008ef00000, 0x000000008ef00000, 0x000000008f000000|  0%| F|  |TAMS 0x000000008ef00000| PB 0x000000008ef00000| Untracked 
| 176|0x000000008f000000, 0x000000008f000000, 0x000000008f100000|  0%| F|  |TAMS 0x000000008f000000| PB 0x000000008f000000| Untracked 
| 177|0x000000008f100000, 0x000000008f100000, 0x000000008f200000|  0%| F|  |TAMS 0x000000008f100000| PB 0x000000008f100000| Untracked 
| 178|0x000000008f200000, 0x000000008f200000, 0x000000008f300000|  0%| F|  |TAMS 0x000000008f200000| PB 0x000000008f200000| Untracked 
| 179|0x000000008f300000, 0x000000008f300000, 0x000000008f400000|  0%| F|  |TAMS 0x000000008f300000| PB 0x000000008f300000| Untracked 
| 180|0x000000008f400000, 0x000000008f400000, 0x000000008f500000|  0%| F|  |TAMS 0x000000008f400000| PB 0x000000008f400000| Untracked 
| 181|0x000000008f500000, 0x000000008f500000, 0x000000008f600000|  0%| F|  |TAMS 0x000000008f500000| PB 0x000000008f500000| Untracked 
| 182|0x000000008f600000, 0x000000008f600000, 0x000000008f700000|  0%| F|  |TAMS 0x000000008f600000| PB 0x000000008f600000| Untracked 
| 183|0x000000008f700000, 0x000000008f800000, 0x000000008f800000|100%| S|CS|TAMS 0x000000008f700000| PB 0x000000008f700000| Complete 
| 184|0x000000008f800000, 0x000000008f900000, 0x000000008f900000|100%| S|CS|TAMS 0x000000008f800000| PB 0x000000008f800000| Complete 
| 185|0x000000008f900000, 0x000000008fa00000, 0x000000008fa00000|100%| S|CS|TAMS 0x000000008f900000| PB 0x000000008f900000| Complete 
| 186|0x000000008fa00000, 0x000000008fb00000, 0x000000008fb00000|100%| S|CS|TAMS 0x000000008fa00000| PB 0x000000008fa00000| Complete 
| 187|0x000000008fb00000, 0x000000008fc00000, 0x000000008fc00000|100%| S|CS|TAMS 0x000000008fb00000| PB 0x000000008fb00000| Complete 
| 188|0x000000008fc00000, 0x000000008fd00000, 0x000000008fd00000|100%| S|CS|TAMS 0x000000008fc00000| PB 0x000000008fc00000| Complete 
| 189|0x000000008fd00000, 0x000000008fe00000, 0x000000008fe00000|100%| S|CS|TAMS 0x000000008fd00000| PB 0x000000008fd00000| Complete 
| 190|0x000000008fe00000, 0x000000008ff00000, 0x000000008ff00000|100%| S|CS|TAMS 0x000000008fe00000| PB 0x000000008fe00000| Complete 
| 191|0x000000008ff00000, 0x0000000090000000, 0x0000000090000000|100%| S|CS|TAMS 0x000000008ff00000| PB 0x000000008ff00000| Complete 
| 192|0x0000000090000000, 0x0000000090100000, 0x0000000090100000|100%| S|CS|TAMS 0x0000000090000000| PB 0x0000000090000000| Complete 
| 193|0x0000000090100000, 0x0000000090100000, 0x0000000090200000|  0%| F|  |TAMS 0x0000000090100000| PB 0x0000000090100000| Untracked 
| 194|0x0000000090200000, 0x0000000090200000, 0x0000000090300000|  0%| F|  |TAMS 0x0000000090200000| PB 0x0000000090200000| Untracked 
| 195|0x0000000090300000, 0x0000000090300000, 0x0000000090400000|  0%| F|  |TAMS 0x0000000090300000| PB 0x0000000090300000| Untracked 
| 196|0x0000000090400000, 0x0000000090400000, 0x0000000090500000|  0%| F|  |TAMS 0x0000000090400000| PB 0x0000000090400000| Untracked 
| 197|0x0000000090500000, 0x0000000090500000, 0x0000000090600000|  0%| F|  |TAMS 0x0000000090500000| PB 0x0000000090500000| Untracked 
| 198|0x0000000090600000, 0x0000000090600000, 0x0000000090700000|  0%| F|  |TAMS 0x0000000090600000| PB 0x0000000090600000| Untracked 
| 199|0x0000000090700000, 0x0000000090700000, 0x0000000090800000|  0%| F|  |TAMS 0x0000000090700000| PB 0x0000000090700000| Untracked 
| 200|0x0000000090800000, 0x0000000090800000, 0x0000000090900000|  0%| F|  |TAMS 0x0000000090800000| PB 0x0000000090800000| Untracked 
| 201|0x0000000090900000, 0x0000000090900000, 0x0000000090a00000|  0%| F|  |TAMS 0x0000000090900000| PB 0x0000000090900000| Untracked 
| 202|0x0000000090a00000, 0x0000000090a00000, 0x0000000090b00000|  0%| F|  |TAMS 0x0000000090a00000| PB 0x0000000090a00000| Untracked 
| 203|0x0000000090b00000, 0x0000000090b00000, 0x0000000090c00000|  0%| F|  |TAMS 0x0000000090b00000| PB 0x0000000090b00000| Untracked 
| 204|0x0000000090c00000, 0x0000000090c00000, 0x0000000090d00000|  0%| F|  |TAMS 0x0000000090c00000| PB 0x0000000090c00000| Untracked 
| 205|0x0000000090d00000, 0x0000000090d00000, 0x0000000090e00000|  0%| F|  |TAMS 0x0000000090d00000| PB 0x0000000090d00000| Untracked 
| 206|0x0000000090e00000, 0x0000000090e00000, 0x0000000090f00000|  0%| F|  |TAMS 0x0000000090e00000| PB 0x0000000090e00000| Untracked 
| 207|0x0000000090f00000, 0x0000000090f00000, 0x0000000091000000|  0%| F|  |TAMS 0x0000000090f00000| PB 0x0000000090f00000| Untracked 
| 208|0x0000000091000000, 0x0000000091000000, 0x0000000091100000|  0%| F|  |TAMS 0x0000000091000000| PB 0x0000000091000000| Untracked 
| 209|0x0000000091100000, 0x0000000091100000, 0x0000000091200000|  0%| F|  |TAMS 0x0000000091100000| PB 0x0000000091100000| Untracked 
| 210|0x0000000091200000, 0x0000000091200000, 0x0000000091300000|  0%| F|  |TAMS 0x0000000091200000| PB 0x0000000091200000| Untracked 
| 211|0x0000000091300000, 0x0000000091300000, 0x0000000091400000|  0%| F|  |TAMS 0x0000000091300000| PB 0x0000000091300000| Untracked 
| 212|0x0000000091400000, 0x0000000091400000, 0x0000000091500000|  0%| F|  |TAMS 0x0000000091400000| PB 0x0000000091400000| Untracked 
| 213|0x0000000091500000, 0x0000000091500000, 0x0000000091600000|  0%| F|  |TAMS 0x0000000091500000| PB 0x0000000091500000| Untracked 
| 214|0x0000000091600000, 0x0000000091600000, 0x0000000091700000|  0%| F|  |TAMS 0x0000000091600000| PB 0x0000000091600000| Untracked 
| 215|0x0000000091700000, 0x0000000091700000, 0x0000000091800000|  0%| F|  |TAMS 0x0000000091700000| PB 0x0000000091700000| Untracked 
| 216|0x0000000091800000, 0x0000000091800000, 0x0000000091900000|  0%| F|  |TAMS 0x0000000091800000| PB 0x0000000091800000| Untracked 
| 217|0x0000000091900000, 0x0000000091900000, 0x0000000091a00000|  0%| F|  |TAMS 0x0000000091900000| PB 0x0000000091900000| Untracked 
| 218|0x0000000091a00000, 0x0000000091a00000, 0x0000000091b00000|  0%| F|  |TAMS 0x0000000091a00000| PB 0x0000000091a00000| Untracked 
| 219|0x0000000091b00000, 0x0000000091b00000, 0x0000000091c00000|  0%| F|  |TAMS 0x0000000091b00000| PB 0x0000000091b00000| Untracked 
| 220|0x0000000091c00000, 0x0000000091c00000, 0x0000000091d00000|  0%| F|  |TAMS 0x0000000091c00000| PB 0x0000000091c00000| Untracked 
| 221|0x0000000091d00000, 0x0000000091d00000, 0x0000000091e00000|  0%| F|  |TAMS 0x0000000091d00000| PB 0x0000000091d00000| Untracked 
| 222|0x0000000091e00000, 0x0000000091e00000, 0x0000000091f00000|  0%| F|  |TAMS 0x0000000091e00000| PB 0x0000000091e00000| Untracked 
| 223|0x0000000091f00000, 0x0000000091f00000, 0x0000000092000000|  0%| F|  |TAMS 0x0000000091f00000| PB 0x0000000091f00000| Untracked 
| 224|0x0000000092000000, 0x0000000092000000, 0x0000000092100000|  0%| F|  |TAMS 0x0000000092000000| PB 0x0000000092000000| Untracked 
| 225|0x0000000092100000, 0x0000000092100000, 0x0000000092200000|  0%| F|  |TAMS 0x0000000092100000| PB 0x0000000092100000| Untracked 
| 226|0x0000000092200000, 0x0000000092200000, 0x0000000092300000|  0%| F|  |TAMS 0x0000000092200000| PB 0x0000000092200000| Untracked 
| 227|0x0000000092300000, 0x0000000092300000, 0x0000000092400000|  0%| F|  |TAMS 0x0000000092300000| PB 0x0000000092300000| Untracked 
| 228|0x0000000092400000, 0x0000000092400000, 0x0000000092500000|  0%| F|  |TAMS 0x0000000092400000| PB 0x0000000092400000| Untracked 
| 229|0x0000000092500000, 0x0000000092500000, 0x0000000092600000|  0%| F|  |TAMS 0x0000000092500000| PB 0x0000000092500000| Untracked 
| 230|0x0000000092600000, 0x0000000092600000, 0x0000000092700000|  0%| F|  |TAMS 0x0000000092600000| PB 0x0000000092600000| Untracked 
| 231|0x0000000092700000, 0x0000000092700000, 0x0000000092800000|  0%| F|  |TAMS 0x0000000092700000| PB 0x0000000092700000| Untracked 
| 232|0x0000000092800000, 0x0000000092800000, 0x0000000092900000|  0%| F|  |TAMS 0x0000000092800000| PB 0x0000000092800000| Untracked 
| 233|0x0000000092900000, 0x0000000092900000, 0x0000000092a00000|  0%| F|  |TAMS 0x0000000092900000| PB 0x0000000092900000| Untracked 
| 234|0x0000000092a00000, 0x0000000092a00000, 0x0000000092b00000|  0%| F|  |TAMS 0x0000000092a00000| PB 0x0000000092a00000| Untracked 
| 235|0x0000000092b00000, 0x0000000092b00000, 0x0000000092c00000|  0%| F|  |TAMS 0x0000000092b00000| PB 0x0000000092b00000| Untracked 
| 236|0x0000000092c00000, 0x0000000092c00000, 0x0000000092d00000|  0%| F|  |TAMS 0x0000000092c00000| PB 0x0000000092c00000| Untracked 
| 237|0x0000000092d00000, 0x0000000092d00000, 0x0000000092e00000|  0%| F|  |TAMS 0x0000000092d00000| PB 0x0000000092d00000| Untracked 
| 238|0x0000000092e00000, 0x0000000092e00000, 0x0000000092f00000|  0%| F|  |TAMS 0x0000000092e00000| PB 0x0000000092e00000| Untracked 
| 239|0x0000000092f00000, 0x0000000092f00000, 0x0000000093000000|  0%| F|  |TAMS 0x0000000092f00000| PB 0x0000000092f00000| Untracked 
| 240|0x0000000093000000, 0x0000000093000000, 0x0000000093100000|  0%| F|  |TAMS 0x0000000093000000| PB 0x0000000093000000| Untracked 
| 241|0x0000000093100000, 0x0000000093100000, 0x0000000093200000|  0%| F|  |TAMS 0x0000000093100000| PB 0x0000000093100000| Untracked 
| 242|0x0000000093200000, 0x0000000093200000, 0x0000000093300000|  0%| F|  |TAMS 0x0000000093200000| PB 0x0000000093200000| Untracked 
| 243|0x0000000093300000, 0x0000000093300000, 0x0000000093400000|  0%| F|  |TAMS 0x0000000093300000| PB 0x0000000093300000| Untracked 
| 244|0x0000000093400000, 0x0000000093400000, 0x0000000093500000|  0%| F|  |TAMS 0x0000000093400000| PB 0x0000000093400000| Untracked 
| 245|0x0000000093500000, 0x0000000093500000, 0x0000000093600000|  0%| F|  |TAMS 0x0000000093500000| PB 0x0000000093500000| Untracked 
| 246|0x0000000093600000, 0x0000000093600000, 0x0000000093700000|  0%| F|  |TAMS 0x0000000093600000| PB 0x0000000093600000| Untracked 
| 247|0x0000000093700000, 0x0000000093700000, 0x0000000093800000|  0%| F|  |TAMS 0x0000000093700000| PB 0x0000000093700000| Untracked 
| 248|0x0000000093800000, 0x0000000093800000, 0x0000000093900000|  0%| F|  |TAMS 0x0000000093800000| PB 0x0000000093800000| Untracked 
| 249|0x0000000093900000, 0x0000000093900000, 0x0000000093a00000|  0%| F|  |TAMS 0x0000000093900000| PB 0x0000000093900000| Untracked 
| 250|0x0000000093a00000, 0x0000000093a00000, 0x0000000093b00000|  0%| F|  |TAMS 0x0000000093a00000| PB 0x0000000093a00000| Untracked 
| 251|0x0000000093b00000, 0x0000000093b00000, 0x0000000093c00000|  0%| F|  |TAMS 0x0000000093b00000| PB 0x0000000093b00000| Untracked 
| 252|0x0000000093c00000, 0x0000000093c00000, 0x0000000093d00000|  0%| F|  |TAMS 0x0000000093c00000| PB 0x0000000093c00000| Untracked 
| 253|0x0000000093d00000, 0x0000000093d00000, 0x0000000093e00000|  0%| F|  |TAMS 0x0000000093d00000| PB 0x0000000093d00000| Untracked 
| 254|0x0000000093e00000, 0x0000000093e00000, 0x0000000093f00000|  0%| F|  |TAMS 0x0000000093e00000| PB 0x0000000093e00000| Untracked 
| 255|0x0000000093f00000, 0x0000000093f00000, 0x0000000094000000|  0%| F|  |TAMS 0x0000000093f00000| PB 0x0000000093f00000| Untracked 
| 256|0x0000000094000000, 0x0000000094000000, 0x0000000094100000|  0%| F|  |TAMS 0x0000000094000000| PB 0x0000000094000000| Untracked 
| 257|0x0000000094100000, 0x0000000094100000, 0x0000000094200000|  0%| F|  |TAMS 0x0000000094100000| PB 0x0000000094100000| Untracked 
| 258|0x0000000094200000, 0x0000000094200000, 0x0000000094300000|  0%| F|  |TAMS 0x0000000094200000| PB 0x0000000094200000| Untracked 
| 259|0x0000000094300000, 0x0000000094300000, 0x0000000094400000|  0%| F|  |TAMS 0x0000000094300000| PB 0x0000000094300000| Untracked 
| 260|0x0000000094400000, 0x0000000094400000, 0x0000000094500000|  0%| F|  |TAMS 0x0000000094400000| PB 0x0000000094400000| Untracked 
| 261|0x0000000094500000, 0x0000000094500000, 0x0000000094600000|  0%| F|  |TAMS 0x0000000094500000| PB 0x0000000094500000| Untracked 
| 262|0x0000000094600000, 0x0000000094600000, 0x0000000094700000|  0%| F|  |TAMS 0x0000000094600000| PB 0x0000000094600000| Untracked 
| 263|0x0000000094700000, 0x0000000094700000, 0x0000000094800000|  0%| F|  |TAMS 0x0000000094700000| PB 0x0000000094700000| Untracked 
| 264|0x0000000094800000, 0x0000000094800000, 0x0000000094900000|  0%| F|  |TAMS 0x0000000094800000| PB 0x0000000094800000| Untracked 
| 265|0x0000000094900000, 0x0000000094900000, 0x0000000094a00000|  0%| F|  |TAMS 0x0000000094900000| PB 0x0000000094900000| Untracked 
| 266|0x0000000094a00000, 0x0000000094a00000, 0x0000000094b00000|  0%| F|  |TAMS 0x0000000094a00000| PB 0x0000000094a00000| Untracked 
| 267|0x0000000094b00000, 0x0000000094b00000, 0x0000000094c00000|  0%| F|  |TAMS 0x0000000094b00000| PB 0x0000000094b00000| Untracked 
| 268|0x0000000094c00000, 0x0000000094c00000, 0x0000000094d00000|  0%| F|  |TAMS 0x0000000094c00000| PB 0x0000000094c00000| Untracked 
| 269|0x0000000094d00000, 0x0000000094d00000, 0x0000000094e00000|  0%| F|  |TAMS 0x0000000094d00000| PB 0x0000000094d00000| Untracked 
| 270|0x0000000094e00000, 0x0000000094e00000, 0x0000000094f00000|  0%| F|  |TAMS 0x0000000094e00000| PB 0x0000000094e00000| Untracked 
| 271|0x0000000094f00000, 0x0000000094f00000, 0x0000000095000000|  0%| F|  |TAMS 0x0000000094f00000| PB 0x0000000094f00000| Untracked 
| 272|0x0000000095000000, 0x0000000095000000, 0x0000000095100000|  0%| F|  |TAMS 0x0000000095000000| PB 0x0000000095000000| Untracked 
| 273|0x0000000095100000, 0x0000000095100000, 0x0000000095200000|  0%| F|  |TAMS 0x0000000095100000| PB 0x0000000095100000| Untracked 
| 274|0x0000000095200000, 0x0000000095200000, 0x0000000095300000|  0%| F|  |TAMS 0x0000000095200000| PB 0x0000000095200000| Untracked 
| 275|0x0000000095300000, 0x0000000095300000, 0x0000000095400000|  0%| F|  |TAMS 0x0000000095300000| PB 0x0000000095300000| Untracked 
| 276|0x0000000095400000, 0x0000000095400000, 0x0000000095500000|  0%| F|  |TAMS 0x0000000095400000| PB 0x0000000095400000| Untracked 
| 277|0x0000000095500000, 0x0000000095500000, 0x0000000095600000|  0%| F|  |TAMS 0x0000000095500000| PB 0x0000000095500000| Untracked 
| 278|0x0000000095600000, 0x0000000095600000, 0x0000000095700000|  0%| F|  |TAMS 0x0000000095600000| PB 0x0000000095600000| Untracked 
| 279|0x0000000095700000, 0x0000000095700000, 0x0000000095800000|  0%| F|  |TAMS 0x0000000095700000| PB 0x0000000095700000| Untracked 
| 280|0x0000000095800000, 0x0000000095800000, 0x0000000095900000|  0%| F|  |TAMS 0x0000000095800000| PB 0x0000000095800000| Untracked 
| 281|0x0000000095900000, 0x0000000095900000, 0x0000000095a00000|  0%| F|  |TAMS 0x0000000095900000| PB 0x0000000095900000| Untracked 
| 282|0x0000000095a00000, 0x0000000095a00000, 0x0000000095b00000|  0%| F|  |TAMS 0x0000000095a00000| PB 0x0000000095a00000| Untracked 
| 283|0x0000000095b00000, 0x0000000095b00000, 0x0000000095c00000|  0%| F|  |TAMS 0x0000000095b00000| PB 0x0000000095b00000| Untracked 
| 284|0x0000000095c00000, 0x0000000095c00000, 0x0000000095d00000|  0%| F|  |TAMS 0x0000000095c00000| PB 0x0000000095c00000| Untracked 
| 285|0x0000000095d00000, 0x0000000095d00000, 0x0000000095e00000|  0%| F|  |TAMS 0x0000000095d00000| PB 0x0000000095d00000| Untracked 
| 286|0x0000000095e00000, 0x0000000095e00000, 0x0000000095f00000|  0%| F|  |TAMS 0x0000000095e00000| PB 0x0000000095e00000| Untracked 
| 287|0x0000000095f00000, 0x0000000095f00000, 0x0000000096000000|  0%| F|  |TAMS 0x0000000095f00000| PB 0x0000000095f00000| Untracked 
| 288|0x0000000096000000, 0x0000000096000000, 0x0000000096100000|  0%| F|  |TAMS 0x0000000096000000| PB 0x0000000096000000| Untracked 
| 289|0x0000000096100000, 0x0000000096100000, 0x0000000096200000|  0%| F|  |TAMS 0x0000000096100000| PB 0x0000000096100000| Untracked 
| 290|0x0000000096200000, 0x0000000096200000, 0x0000000096300000|  0%| F|  |TAMS 0x0000000096200000| PB 0x0000000096200000| Untracked 
| 291|0x0000000096300000, 0x0000000096300000, 0x0000000096400000|  0%| F|  |TAMS 0x0000000096300000| PB 0x0000000096300000| Untracked 
| 292|0x0000000096400000, 0x0000000096400000, 0x0000000096500000|  0%| F|  |TAMS 0x0000000096400000| PB 0x0000000096400000| Untracked 
| 293|0x0000000096500000, 0x0000000096500000, 0x0000000096600000|  0%| F|  |TAMS 0x0000000096500000| PB 0x0000000096500000| Untracked 
| 294|0x0000000096600000, 0x0000000096600000, 0x0000000096700000|  0%| F|  |TAMS 0x0000000096600000| PB 0x0000000096600000| Untracked 
| 295|0x0000000096700000, 0x0000000096700000, 0x0000000096800000|  0%| F|  |TAMS 0x0000000096700000| PB 0x0000000096700000| Untracked 
| 296|0x0000000096800000, 0x0000000096800000, 0x0000000096900000|  0%| F|  |TAMS 0x0000000096800000| PB 0x0000000096800000| Untracked 
| 297|0x0000000096900000, 0x0000000096900000, 0x0000000096a00000|  0%| F|  |TAMS 0x0000000096900000| PB 0x0000000096900000| Untracked 
| 298|0x0000000096a00000, 0x0000000096a00000, 0x0000000096b00000|  0%| F|  |TAMS 0x0000000096a00000| PB 0x0000000096a00000| Untracked 
| 299|0x0000000096b00000, 0x0000000096b00000, 0x0000000096c00000|  0%| F|  |TAMS 0x0000000096b00000| PB 0x0000000096b00000| Untracked 
| 300|0x0000000096c00000, 0x0000000096c00000, 0x0000000096d00000|  0%| F|  |TAMS 0x0000000096c00000| PB 0x0000000096c00000| Untracked 
| 301|0x0000000096d00000, 0x0000000096d00000, 0x0000000096e00000|  0%| F|  |TAMS 0x0000000096d00000| PB 0x0000000096d00000| Untracked 
| 302|0x0000000096e00000, 0x0000000096e00000, 0x0000000096f00000|  0%| F|  |TAMS 0x0000000096e00000| PB 0x0000000096e00000| Untracked 
| 303|0x0000000096f00000, 0x0000000096f00000, 0x0000000097000000|  0%| F|  |TAMS 0x0000000096f00000| PB 0x0000000096f00000| Untracked 
| 304|0x0000000097000000, 0x0000000097000000, 0x0000000097100000|  0%| F|  |TAMS 0x0000000097000000| PB 0x0000000097000000| Untracked 
| 305|0x0000000097100000, 0x0000000097100000, 0x0000000097200000|  0%| F|  |TAMS 0x0000000097100000| PB 0x0000000097100000| Untracked 
| 306|0x0000000097200000, 0x0000000097200000, 0x0000000097300000|  0%| F|  |TAMS 0x0000000097200000| PB 0x0000000097200000| Untracked 
| 307|0x0000000097300000, 0x0000000097300000, 0x0000000097400000|  0%| F|  |TAMS 0x0000000097300000| PB 0x0000000097300000| Untracked 
| 308|0x0000000097400000, 0x0000000097400000, 0x0000000097500000|  0%| F|  |TAMS 0x0000000097400000| PB 0x0000000097400000| Untracked 
| 309|0x0000000097500000, 0x0000000097500000, 0x0000000097600000|  0%| F|  |TAMS 0x0000000097500000| PB 0x0000000097500000| Untracked 
| 310|0x0000000097600000, 0x0000000097600000, 0x0000000097700000|  0%| F|  |TAMS 0x0000000097600000| PB 0x0000000097600000| Untracked 
| 311|0x0000000097700000, 0x0000000097700000, 0x0000000097800000|  0%| F|  |TAMS 0x0000000097700000| PB 0x0000000097700000| Untracked 
| 312|0x0000000097800000, 0x0000000097800000, 0x0000000097900000|  0%| F|  |TAMS 0x0000000097800000| PB 0x0000000097800000| Untracked 
| 313|0x0000000097900000, 0x0000000097900000, 0x0000000097a00000|  0%| F|  |TAMS 0x0000000097900000| PB 0x0000000097900000| Untracked 
| 314|0x0000000097a00000, 0x0000000097a00000, 0x0000000097b00000|  0%| F|  |TAMS 0x0000000097a00000| PB 0x0000000097a00000| Untracked 
| 315|0x0000000097b00000, 0x0000000097b00000, 0x0000000097c00000|  0%| F|  |TAMS 0x0000000097b00000| PB 0x0000000097b00000| Untracked 
| 316|0x0000000097c00000, 0x0000000097c00000, 0x0000000097d00000|  0%| F|  |TAMS 0x0000000097c00000| PB 0x0000000097c00000| Untracked 
| 317|0x0000000097d00000, 0x0000000097d00000, 0x0000000097e00000|  0%| F|  |TAMS 0x0000000097d00000| PB 0x0000000097d00000| Untracked 
| 318|0x0000000097e00000, 0x0000000097e00000, 0x0000000097f00000|  0%| F|  |TAMS 0x0000000097e00000| PB 0x0000000097e00000| Untracked 
| 319|0x0000000097f00000, 0x0000000097f00000, 0x0000000098000000|  0%| F|  |TAMS 0x0000000097f00000| PB 0x0000000097f00000| Untracked 
| 320|0x0000000098000000, 0x0000000098000000, 0x0000000098100000|  0%| F|  |TAMS 0x0000000098000000| PB 0x0000000098000000| Untracked 
| 321|0x0000000098100000, 0x0000000098100000, 0x0000000098200000|  0%| F|  |TAMS 0x0000000098100000| PB 0x0000000098100000| Untracked 
| 322|0x0000000098200000, 0x0000000098200000, 0x0000000098300000|  0%| F|  |TAMS 0x0000000098200000| PB 0x0000000098200000| Untracked 
| 323|0x0000000098300000, 0x0000000098300000, 0x0000000098400000|  0%| F|  |TAMS 0x0000000098300000| PB 0x0000000098300000| Untracked 
| 324|0x0000000098400000, 0x0000000098400000, 0x0000000098500000|  0%| F|  |TAMS 0x0000000098400000| PB 0x0000000098400000| Untracked 
| 325|0x0000000098500000, 0x0000000098500000, 0x0000000098600000|  0%| F|  |TAMS 0x0000000098500000| PB 0x0000000098500000| Untracked 

Card table byte_map: [0x0000017b55590000,0x0000017b55970000] _byte_map_base: 0x0000017b55170000

Marking Bits: (CMBitMap*) 0x0000017b4e5e2e40
 Bits: [0x0000017b55970000, 0x0000017b57870000)

Polling page: 0x0000017b518a0000

Metaspace:

Usage:
  Non-class:     26.68 MB used.
      Class:      4.16 MB used.
       Both:     30.84 MB used.

Virtual space:
  Non-class space:       64.00 MB reserved,      26.94 MB ( 42%) committed,  1 nodes.
      Class space:        1.00 GB reserved,       4.38 MB ( <1%) committed,  1 nodes.
             Both:        1.06 GB reserved,      31.31 MB (  3%) committed. 

Chunk freelists:
   Non-Class:  4.89 MB
       Class:  11.59 MB
        Both:  16.48 MB

MaxMetaspaceSize: unlimited
CompressedClassSpaceSize: 1.00 GB
Initial GC threshold: 21.00 MB
Current GC threshold: 52.12 MB
CDS: on
 - commit_granule_bytes: 65536.
 - commit_granule_words: 8192.
 - virtual_space_node_default_size: 8388608.
 - enlarge_chunks_in_place: 1.
 - use_allocation_guard: 0.


Internal statistics:

num_allocs_failed_limit: 0.
num_arena_births: 728.
num_arena_deaths: 192.
num_vsnodes_births: 2.
num_vsnodes_deaths: 0.
num_space_committed: 501.
num_space_uncommitted: 0.
num_chunks_returned_to_freelist: 209.
num_chunks_taken_from_freelist: 2022.
num_chunk_merges: 57.
num_chunk_splits: 1315.
num_chunks_enlarged: 950.
num_inconsistent_stats: 0.

CodeCache: size=49152Kb used=9900Kb max_used=9900Kb free=39251Kb
 bounds [0x0000017b518c0000, 0x0000017b52270000, 0x0000017b548c0000]
 total_blobs=4741, nmethods=4174, adapters=488, full_count=0
Compilation: enabled, stopped_count=0, restarted_count=0

Compilation events (20 events):
Event: 43.549 Thread 0x0000017b5fb7f5f0 nmethod 4230 0x0000017b52267690 code [0x0000017b52267840, 0x0000017b52267920]
Event: 43.549 Thread 0x0000017b5fb7fc90 nmethod 4229 0x0000017b52267990 code [0x0000017b52267c20, 0x0000017b522682f0]
Event: 43.580 Thread 0x0000017b5fba4bd0 4231       1       java.lang.invoke.LambdaForm$MH/0x0000017b01354400::invoke (42 bytes)
Event: 43.581 Thread 0x0000017b5fba4bd0 nmethod 4231 0x0000017b52268710 code [0x0000017b522688e0, 0x0000017b52268ae0]
Event: 43.605 Thread 0x0000017b5fba4bd0 4232       1       java.lang.invoke.DirectMethodHandle$Holder::getInt (26 bytes)
Event: 43.606 Thread 0x0000017b5fba4bd0 nmethod 4232 0x0000017b52268c10 code [0x0000017b52268da0, 0x0000017b52268ed8]
Event: 43.620 Thread 0x0000017b5fb7f5f0 4233       1       java.util.concurrent.locks.AbstractQueuedSynchronizer::acquireInterruptibly (36 bytes)
Event: 43.620 Thread 0x0000017b5fb7f5f0 nmethod 4233 0x0000017b52269010 code [0x0000017b522691e0, 0x0000017b52269470]
Event: 43.627 Thread 0x0000017b5fb7f5f0 4234       1       org.eclipse.jdt.internal.compiler.impl.IrritantSet::isSet (23 bytes)
Event: 43.628 Thread 0x0000017b5fb7f5f0 nmethod 4234 0x0000017b52269610 code [0x0000017b522697c0, 0x0000017b522698f8]
Event: 43.680 Thread 0x0000017b5fb7f5f0 4235       1       java.util.LinkedHashMap::<init> (21 bytes)
Event: 43.680 Thread 0x0000017b5fba4bd0 4236       1       java.util.jar.Attributes::clone (9 bytes)
Event: 43.680 Thread 0x0000017b5fb7fc90 4237       1       java.util.jar.Attributes::<init> (17 bytes)
Event: 43.680 Thread 0x0000017b5fb7f5f0 nmethod 4235 0x0000017b52269a10 code [0x0000017b52269bc0, 0x0000017b52269cb8]
Event: 43.680 Thread 0x0000017b5fb7fc90 nmethod 4237 0x0000017b52269d90 code [0x0000017b52269f40, 0x0000017b5226a108]
Event: 43.680 Thread 0x0000017b5fba4bd0 nmethod 4236 0x0000017b5226a210 code [0x0000017b5226a3c0, 0x0000017b5226a5f0]
Event: 43.696 Thread 0x0000017b5fb7fc90 4238       1       sun.security.rsa.RSAPublicKeyImpl::getModulus (5 bytes)
Event: 43.696 Thread 0x0000017b5fb7fc90 nmethod 4238 0x0000017b5226a710 code [0x0000017b5226a8a0, 0x0000017b5226a968]
Event: 43.728 Thread 0x0000017b5fb7fc90 4239   !   1       sun.security.x509.X500Name::asX500Principal (51 bytes)
Event: 43.729 Thread 0x0000017b5fb7fc90 nmethod 4239 0x0000017b5226aa10 code [0x0000017b5226ac00, 0x0000017b5226b038]

GC Heap History (20 events):
Event: 42.573 GC heap after
{Heap after GC invocations=22 (full 0):
 garbage-first heap   total 166912K, used 74689K [0x0000000084000000, 0x0000000100000000)
  region size 1024K, 7 young (7168K), 7 survivors (7168K)
 Metaspace       used 29332K, committed 29888K, reserved 1114112K
  class space    used 4099K, committed 4352K, reserved 1048576K
}
Event: 42.663 GC heap before
{Heap before GC invocations=22 (full 0):
 garbage-first heap   total 166912K, used 144321K [0x0000000084000000, 0x0000000100000000)
  region size 1024K, 77 young (78848K), 7 survivors (7168K)
 Metaspace       used 29548K, committed 30016K, reserved 1114112K
  class space    used 4112K, committed 4352K, reserved 1048576K
}
Event: 42.671 GC heap after
{Heap after GC invocations=23 (full 0):
 garbage-first heap   total 166912K, used 76420K [0x0000000084000000, 0x0000000100000000)
  region size 1024K, 7 young (7168K), 7 survivors (7168K)
 Metaspace       used 29548K, committed 30016K, reserved 1114112K
  class space    used 4112K, committed 4352K, reserved 1048576K
}
Event: 42.760 GC heap before
{Heap before GC invocations=23 (full 0):
 garbage-first heap   total 166912K, used 147076K [0x0000000084000000, 0x0000000100000000)
  region size 1024K, 77 young (78848K), 7 survivors (7168K)
 Metaspace       used 29566K, committed 30080K, reserved 1114112K
  class space    used 4114K, committed 4352K, reserved 1048576K
}
Event: 42.767 GC heap after
{Heap after GC invocations=24 (full 0):
 garbage-first heap   total 166912K, used 79773K [0x0000000084000000, 0x0000000100000000)
  region size 1024K, 7 young (7168K), 7 survivors (7168K)
 Metaspace       used 29566K, committed 30080K, reserved 1114112K
  class space    used 4114K, committed 4352K, reserved 1048576K
}
Event: 42.912 GC heap before
{Heap before GC invocations=25 (full 0):
 garbage-first heap   total 166912K, used 149405K [0x0000000084000000, 0x0000000100000000)
  region size 1024K, 76 young (77824K), 7 survivors (7168K)
 Metaspace       used 29894K, committed 30336K, reserved 1114112K
  class space    used 4135K, committed 4352K, reserved 1048576K
}
Event: 42.917 GC heap after
{Heap after GC invocations=26 (full 0):
 garbage-first heap   total 166912K, used 83352K [0x0000000084000000, 0x0000000100000000)
  region size 1024K, 7 young (7168K), 7 survivors (7168K)
 Metaspace       used 29894K, committed 30336K, reserved 1114112K
  class space    used 4135K, committed 4352K, reserved 1048576K
}
Event: 42.962 GC heap before
{Heap before GC invocations=26 (full 0):
 garbage-first heap   total 166912K, used 151960K [0x0000000084000000, 0x0000000100000000)
  region size 1024K, 75 young (76800K), 7 survivors (7168K)
 Metaspace       used 30126K, committed 30528K, reserved 1114112K
  class space    used 4155K, committed 4352K, reserved 1048576K
}
Event: 42.971 GC heap after
{Heap after GC invocations=27 (full 0):
 garbage-first heap   total 333824K, used 85631K [0x0000000084000000, 0x0000000100000000)
  region size 1024K, 7 young (7168K), 7 survivors (7168K)
 Metaspace       used 30126K, committed 30528K, reserved 1114112K
  class space    used 4155K, committed 4352K, reserved 1048576K
}
Event: 43.117 GC heap before
{Heap before GC invocations=27 (full 0):
 garbage-first heap   total 333824K, used 277119K [0x0000000084000000, 0x0000000100000000)
  region size 1024K, 195 young (199680K), 7 survivors (7168K)
 Metaspace       used 30583K, committed 31104K, reserved 1114112K
  class space    used 4203K, committed 4480K, reserved 1048576K
}
Event: 43.125 GC heap after
{Heap after GC invocations=28 (full 0):
 garbage-first heap   total 333824K, used 93834K [0x0000000084000000, 0x0000000100000000)
  region size 1024K, 15 young (15360K), 15 survivors (15360K)
 Metaspace       used 30583K, committed 31104K, reserved 1114112K
  class space    used 4203K, committed 4480K, reserved 1048576K
}
Event: 43.278 GC heap before
{Heap before GC invocations=29 (full 0):
 garbage-first heap   total 314368K, used 265866K [0x0000000084000000, 0x0000000100000000)
  region size 1024K, 184 young (188416K), 15 survivors (15360K)
 Metaspace       used 30822K, committed 31360K, reserved 1114112K
  class space    used 4222K, committed 4480K, reserved 1048576K
}
Event: 43.289 GC heap after
{Heap after GC invocations=30 (full 0):
 garbage-first heap   total 314368K, used 102045K [0x0000000084000000, 0x0000000100000000)
  region size 1024K, 20 young (20480K), 20 survivors (20480K)
 Metaspace       used 30822K, committed 31360K, reserved 1114112K
  class space    used 4222K, committed 4480K, reserved 1048576K
}
Event: 43.412 GC heap before
{Heap before GC invocations=30 (full 0):
 garbage-first heap   total 314368K, used 268957K [0x0000000084000000, 0x0000000100000000)
  region size 1024K, 185 young (189440K), 20 survivors (20480K)
 Metaspace       used 31298K, committed 31808K, reserved 1114112K
  class space    used 4233K, committed 4480K, reserved 1048576K
}
Event: 43.426 GC heap after
{Heap after GC invocations=31 (full 0):
 garbage-first heap   total 314368K, used 107984K [0x0000000084000000, 0x0000000100000000)
  region size 1024K, 16 young (16384K), 16 survivors (16384K)
 Metaspace       used 31298K, committed 31808K, reserved 1114112K
  class space    used 4233K, committed 4480K, reserved 1048576K
}
Event: 43.484 GC heap before
{Heap before GC invocations=31 (full 0):
 garbage-first heap   total 314368K, used 278992K [0x0000000084000000, 0x0000000100000000)
  region size 1024K, 184 young (188416K), 16 survivors (16384K)
 Metaspace       used 31462K, committed 31936K, reserved 1114112K
  class space    used 4249K, committed 4480K, reserved 1048576K
}
Event: 43.495 GC heap after
{Heap after GC invocations=32 (full 0):
 garbage-first heap   total 314368K, used 114883K [0x0000000084000000, 0x0000000100000000)
  region size 1024K, 14 young (14336K), 14 survivors (14336K)
 Metaspace       used 31462K, committed 31936K, reserved 1114112K
  class space    used 4249K, committed 4480K, reserved 1048576K
}
Event: 43.662 GC heap before
{Heap before GC invocations=33 (full 0):
 garbage-first heap   total 314368K, used 287939K [0x0000000084000000, 0x0000000100000000)
  region size 1024K, 184 young (188416K), 14 survivors (14336K)
 Metaspace       used 31581K, committed 32064K, reserved 1114112K
  class space    used 4260K, committed 4480K, reserved 1048576K
}
Event: 43.674 GC heap after
{Heap after GC invocations=34 (full 0):
 garbage-first heap   total 314368K, used 123639K [0x0000000084000000, 0x0000000100000000)
  region size 1024K, 15 young (15360K), 15 survivors (15360K)
 Metaspace       used 31581K, committed 32064K, reserved 1114112K
  class space    used 4260K, committed 4480K, reserved 1048576K
}
Event: 43.757 GC heap before
{Heap before GC invocations=34 (full 0):
 garbage-first heap   total 314368K, used 292599K [0x0000000084000000, 0x0000000100000000)
  region size 1024K, 181 young (185344K), 15 survivors (15360K)
 Metaspace       used 31581K, committed 32064K, reserved 1114112K
  class space    used 4260K, committed 4480K, reserved 1048576K
}

Dll operation events (9 events):
Event: 0.011 Loaded shared library c:\Users\Glymin Terra Selasi\.trae\extensions\redhat.java-1.52.0-win32-x64\jre\21.0.9-win32-x86_64\bin\java.dll
Event: 0.177 Loaded shared library c:\Users\Glymin Terra Selasi\.trae\extensions\redhat.java-1.52.0-win32-x64\jre\21.0.9-win32-x86_64\bin\zip.dll
Event: 0.186 Loaded shared library C:\Users\Glymin Terra Selasi\.trae\extensions\redhat.java-1.52.0-win32-x64\jre\21.0.9-win32-x86_64\bin\net.dll
Event: 0.189 Loaded shared library C:\Users\Glymin Terra Selasi\.trae\extensions\redhat.java-1.52.0-win32-x64\jre\21.0.9-win32-x86_64\bin\nio.dll
Event: 0.275 Loaded shared library C:\Users\Glymin Terra Selasi\.trae\extensions\redhat.java-1.52.0-win32-x64\jre\21.0.9-win32-x86_64\bin\zip.dll
Event: 19.022 Loaded shared library C:\Users\Glymin Terra Selasi\.trae\extensions\redhat.java-1.52.0-win32-x64\jre\21.0.9-win32-x86_64\bin\jimage.dll
Event: 21.603 Loaded shared library c:\Users\Glymin Terra Selasi\.trae\extensions\redhat.java-1.52.0-win32-x64\jre\21.0.9-win32-x86_64\bin\verify.dll
Event: 36.948 Loaded shared library C:\Users\Glymin Terra Selasi\.trae\extensions\redhat.java-1.52.0-win32-x64\jre\21.0.9-win32-x86_64\bin\management.dll
Event: 37.032 Loaded shared library C:\Users\Glymin Terra Selasi\.trae\extensions\redhat.java-1.52.0-win32-x64\jre\21.0.9-win32-x86_64\bin\management_ext.dll

Deoptimization events (0 events):
No events

Classes loaded (20 events):
Event: 43.501 Loading class java/io/PrintWriter
Event: 43.501 Loading class java/io/PrintWriter done
Event: 43.501 Loading class java/io/PrintWriter$1
Event: 43.501 Loading class jdk/internal/access/JavaIOPrintWriterAccess
Event: 43.501 Loading class jdk/internal/access/JavaIOPrintWriterAccess done
Event: 43.501 Loading class java/io/PrintWriter$1 done
Event: 43.629 Loading class java/util/ResourceBundle$ResourceBundleControlProviderHolder
Event: 43.629 Loading class java/util/ResourceBundle$ResourceBundleControlProviderHolder done
Event: 43.630 Loading class java/util/spi/ResourceBundleControlProvider
Event: 43.630 Loading class java/util/spi/ResourceBundleControlProvider done
Event: 43.630 Loading class java/util/ServiceLoader$ProviderSpliterator
Event: 43.631 Loading class java/util/ServiceLoader$ProviderSpliterator done
Event: 43.633 Loading class java/util/ResourceBundle$CacheKey
Event: 43.633 Loading class java/util/ResourceBundle$CacheKey done
Event: 43.633 Loading class java/util/ResourceBundle$KeyElementReference
Event: 43.633 Loading class java/util/ResourceBundle$CacheKeyReference
Event: 43.633 Loading class java/util/ResourceBundle$CacheKeyReference done
Event: 43.633 Loading class java/util/ResourceBundle$KeyElementReference done
Event: 43.634 Loading class java/util/ResourceBundle$Control$2
Event: 43.634 Loading class java/util/ResourceBundle$Control$2 done

Classes unloaded (20 events):
Event: 42.296 Thread 0x0000017b5a305240 Unloading class 0x0000017b0127c000 'java/lang/invoke/LambdaForm$DMH+0x0000017b0127c000'
Event: 42.296 Thread 0x0000017b5a305240 Unloading class 0x0000017b01196400 'java/lang/invoke/LambdaForm$MH+0x0000017b01196400'
Event: 42.296 Thread 0x0000017b5a305240 Unloading class 0x0000017b01195800 'java/lang/invoke/LambdaForm$MH+0x0000017b01195800'
Event: 42.296 Thread 0x0000017b5a305240 Unloading class 0x0000017b01181400 'java/lang/invoke/LambdaForm$DMH+0x0000017b01181400'
Event: 42.296 Thread 0x0000017b5a305240 Unloading class 0x0000017b01136400 'java/lang/invoke/LambdaForm$MH+0x0000017b01136400'
Event: 42.296 Thread 0x0000017b5a305240 Unloading class 0x0000017b01135c00 'java/lang/invoke/LambdaForm$MH+0x0000017b01135c00'
Event: 42.296 Thread 0x0000017b5a305240 Unloading class 0x0000017b01135800 'java/lang/invoke/LambdaForm$MH+0x0000017b01135800'
Event: 42.296 Thread 0x0000017b5a305240 Unloading class 0x0000017b01135400 'java/lang/invoke/LambdaForm$MH+0x0000017b01135400'
Event: 42.296 Thread 0x0000017b5a305240 Unloading class 0x0000017b01135000 'java/lang/invoke/LambdaForm$MH+0x0000017b01135000'
Event: 42.296 Thread 0x0000017b5a305240 Unloading class 0x0000017b01134800 'java/lang/invoke/LambdaForm$MH+0x0000017b01134800'
Event: 42.296 Thread 0x0000017b5a305240 Unloading class 0x0000017b01134400 'java/lang/invoke/LambdaForm$MH+0x0000017b01134400'
Event: 42.296 Thread 0x0000017b5a305240 Unloading class 0x0000017b01134000 'java/lang/invoke/LambdaForm$MH+0x0000017b01134000'
Event: 42.296 Thread 0x0000017b5a305240 Unloading class 0x0000017b01120000 'java/lang/invoke/LambdaForm$MH+0x0000017b01120000'
Event: 42.296 Thread 0x0000017b5a305240 Unloading class 0x0000017b0111cc00 'java/lang/invoke/LambdaForm$MH+0x0000017b0111cc00'
Event: 42.296 Thread 0x0000017b5a305240 Unloading class 0x0000017b01015000 'java/lang/invoke/LambdaForm$MH+0x0000017b01015000'
Event: 42.296 Thread 0x0000017b5a305240 Unloading class 0x0000017b01014400 'java/lang/invoke/LambdaForm$MH+0x0000017b01014400'
Event: 42.296 Thread 0x0000017b5a305240 Unloading class 0x0000017b01014000 'java/lang/invoke/LambdaForm$MH+0x0000017b01014000'
Event: 42.296 Thread 0x0000017b5a305240 Unloading class 0x0000017b01013c00 'java/lang/invoke/LambdaForm$MH+0x0000017b01013c00'
Event: 42.296 Thread 0x0000017b5a305240 Unloading class 0x0000017b01013400 'java/lang/invoke/LambdaForm$MH+0x0000017b01013400'
Event: 42.296 Thread 0x0000017b5a305240 Unloading class 0x0000017b01012800 'java/lang/invoke/LambdaForm$MH+0x0000017b01012800'

Classes redefined (0 events):
No events

Internal exceptions (20 events):
Event: 40.482 Thread 0x0000017b5fbb09e0 Exception <a 'sun/nio/fs/WindowsException'{0x000000008bb44cf0}> (0x000000008bb44cf0) 
thrown [s\src\hotspot\share\prims\jni.cpp, line 520]
Event: 40.482 Thread 0x0000017b5fbb09e0 Exception <a 'sun/nio/fs/WindowsException'{0x000000008bb457a0}> (0x000000008bb457a0) 
thrown [s\src\hotspot\share\prims\jni.cpp, line 520]
Event: 40.483 Thread 0x0000017b5fbb09e0 Exception <a 'sun/nio/fs/WindowsException'{0x000000008bb45c00}> (0x000000008bb45c00) 
thrown [s\src\hotspot\share\prims\jni.cpp, line 520]
Event: 40.483 Thread 0x0000017b5fbb09e0 Exception <a 'sun/nio/fs/WindowsException'{0x000000008bb46688}> (0x000000008bb46688) 
thrown [s\src\hotspot\share\prims\jni.cpp, line 520]
Event: 40.483 Thread 0x0000017b5fbb09e0 Exception <a 'sun/nio/fs/WindowsException'{0x000000008bb46aa8}> (0x000000008bb46aa8) 
thrown [s\src\hotspot\share\prims\jni.cpp, line 520]
Event: 40.483 Thread 0x0000017b5fbb09e0 Exception <a 'sun/nio/fs/WindowsException'{0x000000008bb47540}> (0x000000008bb47540) 
thrown [s\src\hotspot\share\prims\jni.cpp, line 520]
Event: 40.483 Thread 0x0000017b5fbb09e0 Exception <a 'sun/nio/fs/WindowsException'{0x000000008bb47980}> (0x000000008bb47980) 
thrown [s\src\hotspot\share\prims\jni.cpp, line 520]
Event: 40.483 Thread 0x0000017b5fbb09e0 Exception <a 'sun/nio/fs/WindowsException'{0x000000008bb48408}> (0x000000008bb48408) 
thrown [s\src\hotspot\share\prims\jni.cpp, line 520]
Event: 40.483 Thread 0x0000017b5fbb09e0 Exception <a 'sun/nio/fs/WindowsException'{0x000000008bb48838}> (0x000000008bb48838) 
thrown [s\src\hotspot\share\prims\jni.cpp, line 520]
Event: 40.483 Thread 0x0000017b5fbb09e0 Exception <a 'sun/nio/fs/WindowsException'{0x000000008bb492d0}> (0x000000008bb492d0) 
thrown [s\src\hotspot\share\prims\jni.cpp, line 520]
Event: 40.484 Thread 0x0000017b5fbb09e0 Exception <a 'sun/nio/fs/WindowsException'{0x000000008bb49710}> (0x000000008bb49710) 
thrown [s\src\hotspot\share\prims\jni.cpp, line 520]
Event: 40.484 Thread 0x0000017b5fbb09e0 Exception <a 'sun/nio/fs/WindowsException'{0x000000008bb4a1c0}> (0x000000008bb4a1c0) 
thrown [s\src\hotspot\share\prims\jni.cpp, line 520]
Event: 40.484 Thread 0x0000017b5fbb09e0 Exception <a 'sun/nio/fs/WindowsException'{0x000000008bb4a620}> (0x000000008bb4a620) 
thrown [s\src\hotspot\share\prims\jni.cpp, line 520]
Event: 40.484 Thread 0x0000017b5fbb09e0 Exception <a 'sun/nio/fs/WindowsException'{0x000000008bb4b0e8}> (0x000000008bb4b0e8) 
thrown [s\src\hotspot\share\prims\jni.cpp, line 520]
Event: 40.485 Thread 0x0000017b5fbb09e0 Exception <a 'sun/nio/fs/WindowsException'{0x000000008bb4b560}> (0x000000008bb4b560) 
thrown [s\src\hotspot\share\prims\jni.cpp, line 520]
Event: 40.486 Thread 0x0000017b5fbb09e0 Exception <a 'sun/nio/fs/WindowsException'{0x000000008a7300a8}> (0x000000008a7300a8) 
thrown [s\src\hotspot\share\prims\jni.cpp, line 520]
Event: 40.486 Thread 0x0000017b5fbb09e0 Exception <a 'sun/nio/fs/WindowsException'{0x000000008a730518}> (0x000000008a730518) 
thrown [s\src\hotspot\share\prims\jni.cpp, line 520]
Event: 42.125 Thread 0x0000017b5a4e0be0 Exception <a 'java/lang/IncompatibleClassChangeError'{0x000000008a6ef410}: Found class java.lang.Object, but interface was expected> (0x000000008a6ef410) 
thrown [s\src\hotspot\share\interpreter\linkResolver.cpp, line 840]
Event: 42.146 Thread 0x0000017b5fbb44f0 Exception <a 'java/lang/IncompatibleClassChangeError'{0x0000000088ec01d8}: Found class java.lang.Object, but interface was expected> (0x0000000088ec01d8) 
thrown [s\src\hotspot\share\interpreter\linkResolver.cpp, line 840]
Event: 42.146 Thread 0x0000017b5fbb7970 Exception <a 'java/lang/IncompatibleClassChangeError'{0x0000000088e55020}: Found class java.lang.Object, but interface was expected> (0x0000000088e55020) 
thrown [s\src\hotspot\share\interpreter\linkResolver.cpp, line 840]

ZGC Phase Switch (0 events):
No events

VM Operations (20 events):
Event: 43.277 Executing VM operation: G1CollectForAllocation (G1 Evacuation Pause) done
Event: 43.277 Executing VM operation: G1CollectForAllocation (GCLocker Initiated GC)
Event: 43.289 Executing VM operation: G1CollectForAllocation (GCLocker Initiated GC) done
Event: 43.375 Executing VM operation: G1CollectForAllocation (G1 Evacuation Pause)
Event: 43.381 Executing VM operation: G1CollectForAllocation (G1 Evacuation Pause) done
Event: 43.382 Executing VM operation: G1CollectForAllocation (GCLocker Initiated GC)
Event: 43.426 Executing VM operation: G1CollectForAllocation (GCLocker Initiated GC) done
Event: 43.483 Executing VM operation: G1CollectForAllocation (G1 Evacuation Pause)
Event: 43.495 Executing VM operation: G1CollectForAllocation (G1 Evacuation Pause) done
Event: 43.589 Executing VM operation: G1PauseRemark
Event: 43.605 Executing VM operation: G1PauseRemark done
Event: 43.654 Executing VM operation: G1PauseCleanup
Event: 43.655 Executing VM operation: G1PauseCleanup done
Event: 43.662 Executing VM operation: G1CollectForAllocation (G1 Evacuation Pause)
Event: 43.662 Executing VM operation: G1CollectForAllocation (G1 Evacuation Pause) done
Event: 43.662 Executing VM operation: G1CollectForAllocation (GCLocker Initiated GC)
Event: 43.674 Executing VM operation: G1CollectForAllocation (GCLocker Initiated GC) done
Event: 43.741 Executing VM operation: G1CollectForAllocation (G1 Evacuation Pause)
Event: 43.756 Executing VM operation: G1CollectForAllocation (G1 Evacuation Pause) done
Event: 43.757 Executing VM operation: G1CollectForAllocation (GCLocker Initiated GC)

Memory protections (0 events):
No events

Nmethod flushes (20 events):
Event: 40.915 Thread 0x0000017b5a305240 flushing  nmethod 0x0000017b51b46210
Event: 40.915 Thread 0x0000017b5a305240 flushing  nmethod 0x0000017b51b46810
Event: 40.915 Thread 0x0000017b5a305240 flushing  nmethod 0x0000017b51edb510
Event: 41.667 Thread 0x0000017b5a305240 flushing  nmethod 0x0000017b51d64510
Event: 41.667 Thread 0x0000017b5a305240 flushing  nmethod 0x0000017b51fe9f90
Event: 41.667 Thread 0x0000017b5a305240 flushing  nmethod 0x0000017b51e79c90
Event: 41.667 Thread 0x0000017b5a305240 flushing  nmethod 0x0000017b51f0e190
Event: 41.667 Thread 0x0000017b5a305240 flushing  nmethod 0x0000017b51cf4d10
Event: 41.667 Thread 0x0000017b5a305240 flushing  nmethod 0x0000017b51f30810
Event: 41.667 Thread 0x0000017b5a305240 flushing  nmethod 0x0000017b51d29310
Event: 41.667 Thread 0x0000017b5a305240 flushing  nmethod 0x0000017b51bcf190
Event: 42.305 Thread 0x0000017b5a305240 flushing  nmethod 0x0000017b51adf990
Event: 42.305 Thread 0x0000017b5a305240 flushing  nmethod 0x0000017b51def210
Event: 42.305 Thread 0x0000017b5a305240 flushing  nmethod 0x0000017b521c1210
Event: 42.305 Thread 0x0000017b5a305240 flushing  nmethod 0x0000017b51a35490
Event: 42.305 Thread 0x0000017b5a305240 flushing  nmethod 0x0000017b521c8310
Event: 42.305 Thread 0x0000017b5a305240 flushing  nmethod 0x0000017b51adcf10
Event: 42.305 Thread 0x0000017b5a305240 flushing  nmethod 0x0000017b52031290
Event: 43.229 Thread 0x0000017b5a305240 flushing  nmethod 0x0000017b51bd5e10
Event: 43.229 Thread 0x0000017b5a305240 flushing  nmethod 0x0000017b51ee4890

Events (20 events):
Event: 39.914 Thread 0x0000017b5a4e0be0 Thread added: 0x0000017b5fbb2420
Event: 40.038 Thread 0x0000017b5a4deb10 Thread added: 0x0000017b5fbb37d0
Event: 40.041 Thread 0x0000017b5a337c50 Thread added: 0x0000017b5fba4bd0
Event: 40.041 Thread 0x0000017b5a337c50 Thread added: 0x0000017b5fb7f5f0
Event: 40.041 Thread 0x0000017b5a337c50 Thread added: 0x0000017b5fb7fc90
Event: 40.283 Thread 0x0000017b5fbb3140 Thread added: 0x0000017b5fbb0350
Event: 40.372 Thread 0x0000017b5fbb1070 Thread added: 0x0000017b5fbb3e60
Event: 40.382 Thread 0x0000017b5fbb3e60 Thread added: 0x0000017b5fbb09e0
Event: 40.385 Thread 0x0000017b5fbb3e60 Thread added: 0x0000017b5fbb58a0
Event: 40.396 Thread 0x0000017b5fbb3e60 Thread added: 0x0000017b5fbb4b80
Event: 40.399 Thread 0x0000017b5fbb3e60 Thread added: 0x0000017b5fbb2ab0
Event: 40.399 Thread 0x0000017b5fbb3e60 Thread added: 0x0000017b5fbb5210
Event: 40.400 Thread 0x0000017b5fbb3e60 Thread added: 0x0000017b5fbb5f30
Event: 40.401 Thread 0x0000017b5fbb3e60 Thread added: 0x0000017b5fbb65c0
Event: 40.401 Thread 0x0000017b5fbb3e60 Thread added: 0x0000017b5fbb6c50
Event: 40.402 Thread 0x0000017b5fbb3e60 Thread added: 0x0000017b5fbb72e0
Event: 40.402 Thread 0x0000017b5fbb3e60 Thread added: 0x0000017b5fbb7970
Event: 40.402 Thread 0x0000017b5fbb3e60 Thread added: 0x0000017b5fbb44f0
Event: 40.406 Thread 0x0000017b5fbb3e60 Thread added: 0x0000017b5fd8a660
Event: 40.406 Thread 0x0000017b5fbb3e60 Thread added: 0x0000017b5fd8acf0


Dynamic libraries:
0x00007ff79a8a0000 - 0x00007ff79a8ae000 	c:\Users\Glymin Terra Selasi\.trae\extensions\redhat.java-1.52.0-win32-x64\jre\21.0.9-win32-x86_64\bin\java.exe
0x00007ffdecda0000 - 0x00007ffded008000 	C:\WINDOWS\SYSTEM32\ntdll.dll
0x00007ffdeb4e0000 - 0x00007ffdeb5a9000 	C:\WINDOWS\System32\KERNEL32.DLL
0x00007ffdea770000 - 0x00007ffdeab62000 	C:\WINDOWS\System32\KERNELBASE.dll
0x00007ffdea150000 - 0x00007ffdea29b000 	C:\WINDOWS\System32\ucrtbase.dll
0x00007ffd92310000 - 0x00007ffd92328000 	c:\Users\Glymin Terra Selasi\.trae\extensions\redhat.java-1.52.0-win32-x64\jre\21.0.9-win32-x86_64\bin\jli.dll
0x00007ffd92330000 - 0x00007ffd9234e000 	c:\Users\Glymin Terra Selasi\.trae\extensions\redhat.java-1.52.0-win32-x64\jre\21.0.9-win32-x86_64\bin\VCRUNTIME140.dll
0x00007ffdeab70000 - 0x00007ffdead35000 	C:\WINDOWS\System32\USER32.dll
0x00007ffdea410000 - 0x00007ffdea437000 	C:\WINDOWS\System32\win32u.dll
0x00007ffdd0720000 - 0x00007ffdd09b3000 	C:\WINDOWS\WinSxS\amd64_microsoft.windows.common-controls_6595b64144ccf1df_6.0.26100.6899_none_3e0efeeae32e88c1\COMCTL32.dll
0x00007ffdeb490000 - 0x00007ffdeb4bb000 	C:\WINDOWS\System32\GDI32.dll
0x00007ffdea640000 - 0x00007ffdea76d000 	C:\WINDOWS\System32\gdi32full.dll
0x00007ffdeb200000 - 0x00007ffdeb2a9000 	C:\WINDOWS\System32\msvcrt.dll
0x00007ffdea2a0000 - 0x00007ffdea343000 	C:\WINDOWS\System32\msvcp_win.dll
0x00007ffdeb0c0000 - 0x00007ffdeb0ef000 	C:\WINDOWS\System32\IMM32.DLL
0x00007ffd98250000 - 0x00007ffd9825c000 	c:\Users\Glymin Terra Selasi\.trae\extensions\redhat.java-1.52.0-win32-x64\jre\21.0.9-win32-x86_64\bin\vcruntime140_1.dll
0x00007ffcfa0a0000 - 0x00007ffcfa12d000 	c:\Users\Glymin Terra Selasi\.trae\extensions\redhat.java-1.52.0-win32-x64\jre\21.0.9-win32-x86_64\bin\msvcp140.dll
0x00007ffcf6260000 - 0x00007ffcf7000000 	c:\Users\Glymin Terra Selasi\.trae\extensions\redhat.java-1.52.0-win32-x64\jre\21.0.9-win32-x86_64\bin\server\jvm.dll
0x00007ffdeae50000 - 0x00007ffdeaf04000 	C:\WINDOWS\System32\ADVAPI32.dll
0x00007ffdebe40000 - 0x00007ffdebee6000 	C:\WINDOWS\System32\sechost.dll
0x00007ffdeaf90000 - 0x00007ffdeb0a8000 	C:\WINDOWS\System32\RPCRT4.dll
0x00007ffdeb690000 - 0x00007ffdeb704000 	C:\WINDOWS\System32\WS2_32.dll
0x00007ffde9d90000 - 0x00007ffde9dee000 	C:\WINDOWS\SYSTEM32\POWRPROF.dll
0x00007ffde27c0000 - 0x00007ffde27f5000 	C:\WINDOWS\SYSTEM32\WINMM.dll
0x00007ffde2630000 - 0x00007ffde263b000 	C:\WINDOWS\SYSTEM32\VERSION.dll
0x00007ffde9d70000 - 0x00007ffde9d84000 	C:\WINDOWS\SYSTEM32\UMPDC.dll
0x00007ffde8cd0000 - 0x00007ffde8ceb000 	C:\WINDOWS\SYSTEM32\kernel.appcore.dll
0x00007ffd92300000 - 0x00007ffd9230a000 	c:\Users\Glymin Terra Selasi\.trae\extensions\redhat.java-1.52.0-win32-x64\jre\21.0.9-win32-x86_64\bin\jimage.dll
0x00007ffde7760000 - 0x00007ffde79a2000 	C:\WINDOWS\SYSTEM32\DBGHELP.DLL
0x00007ffdeb8b0000 - 0x00007ffdebc2b000 	C:\WINDOWS\System32\combase.dll
0x00007ffdeb5b0000 - 0x00007ffdeb687000 	C:\WINDOWS\System32\OLEAUT32.dll
0x00007ffdacb40000 - 0x00007ffdacb7c000 	C:\WINDOWS\SYSTEM32\dbgcore.DLL
0x00007ffde9f30000 - 0x00007ffde9fc8000 	C:\WINDOWS\System32\bcryptPrimitives.dll
0x00007ffd18ea0000 - 0x00007ffd18ec0000 	c:\Users\Glymin Terra Selasi\.trae\extensions\redhat.java-1.52.0-win32-x64\jre\21.0.9-win32-x86_64\bin\java.dll
0x00007ffdec5b0000 - 0x00007ffdeccfd000 	C:\WINDOWS\System32\SHELL32.dll
0x00007ffdea440000 - 0x00007ffdea5ab000 	C:\WINDOWS\System32\wintypes.dll
0x00007ffde7b40000 - 0x00007ffde839d000 	C:\WINDOWS\SYSTEM32\windows.storage.dll
0x00007ffdeb100000 - 0x00007ffdeb1f2000 	C:\WINDOWS\System32\SHCORE.dll
0x00007ffdec430000 - 0x00007ffdec492000 	C:\WINDOWS\System32\shlwapi.dll
0x00007ffde9e50000 - 0x00007ffde9e79000 	C:\WINDOWS\SYSTEM32\profapi.dll
0x00007ffd18cf0000 - 0x00007ffd18d08000 	c:\Users\Glymin Terra Selasi\.trae\extensions\redhat.java-1.52.0-win32-x64\jre\21.0.9-win32-x86_64\bin\zip.dll
0x00007ffd75070000 - 0x00007ffd75080000 	C:\Users\Glymin Terra Selasi\.trae\extensions\redhat.java-1.52.0-win32-x64\jre\21.0.9-win32-x86_64\bin\net.dll
0x00007ffddada0000 - 0x00007ffddaebf000 	C:\WINDOWS\SYSTEM32\WINHTTP.dll
0x00007ffde9270000 - 0x00007ffde92db000 	C:\WINDOWS\system32\mswsock.dll
0x00007ffd18cd0000 - 0x00007ffd18ce6000 	C:\Users\Glymin Terra Selasi\.trae\extensions\redhat.java-1.52.0-win32-x64\jre\21.0.9-win32-x86_64\bin\nio.dll
0x00007ffd73f00000 - 0x00007ffd73f10000 	c:\Users\Glymin Terra Selasi\.trae\extensions\redhat.java-1.52.0-win32-x64\jre\21.0.9-win32-x86_64\bin\verify.dll
0x00007ffde9520000 - 0x00007ffde953b000 	C:\WINDOWS\SYSTEM32\CRYPTSP.dll
0x00007ffde8c30000 - 0x00007ffde8c6b000 	C:\WINDOWS\system32\rsaenh.dll
0x00007ffde9310000 - 0x00007ffde933b000 	C:\WINDOWS\SYSTEM32\USERENV.dll
0x00007ffde9e20000 - 0x00007ffde9e46000 	C:\WINDOWS\SYSTEM32\bcrypt.dll
0x00007ffde9540000 - 0x00007ffde954c000 	C:\WINDOWS\SYSTEM32\CRYPTBASE.dll
0x00007ffde8660000 - 0x00007ffde8694000 	C:\WINDOWS\SYSTEM32\IPHLPAPI.DLL
0x00007ffdeb4d0000 - 0x00007ffdeb4da000 	C:\WINDOWS\System32\NSI.dll
0x00007ffdd3540000 - 0x00007ffdd354a000 	C:\Users\Glymin Terra Selasi\.trae\extensions\redhat.java-1.52.0-win32-x64\jre\21.0.9-win32-x86_64\bin\management.dll
0x00007ffdd3530000 - 0x00007ffdd353c000 	C:\Users\Glymin Terra Selasi\.trae\extensions\redhat.java-1.52.0-win32-x64\jre\21.0.9-win32-x86_64\bin\management_ext.dll
0x00007ffdeb4c0000 - 0x00007ffdeb4c8000 	C:\WINDOWS\System32\PSAPI.DLL

JVMTI agents: none

dbghelp: loaded successfully - version: 4.0.5 - missing functions: none
symbol engine: initialized successfully - sym options: 0x614 - pdb path: .;c:\Users\Glymin Terra Selasi\.trae\extensions\redhat.java-1.52.0-win32-x64\jre\21.0.9-win32-x86_64\bin;C:\WINDOWS\SYSTEM32;C:\WINDOWS\WinSxS\amd64_microsoft.windows.common-controls_6595b64144ccf1df_6.0.26100.6899_none_3e0efeeae32e88c1;c:\Users\Glymin Terra Selasi\.trae\extensions\redhat.java-1.52.0-win32-x64\jre\21.0.9-win32-x86_64\bin\server

VM Arguments:
jvm_args: -Dsts.lsp.client=vscode -Dsts.log.file=/dev/null -XX:TieredStopAtLevel=1 -Xlog:jni+resolve=off -Dspring.config.location=file:c:\Users\Glymin Terra Selasi\.trae\extensions\pivotal.vscode-spring-boot-1.43.0-universal\language-server\BOOT-INF\classes\application.properties 
java_command: org.springframework.ide.vscode.boot.app.BootLanguageServerBootApp
java_class_path (initial): c:\Users\Glymin Terra Selasi\.trae\extensions\pivotal.vscode-spring-boot-1.43.0-universal\language-server\BOOT-INF\classes;c:\Users\Glymin Terra Selasi\.trae\extensions\pivotal.vscode-spring-boot-1.43.0-universal\language-server\BOOT-INF\lib\annotations-23.1.0.jar;c:\Users\Glymin Terra Selasi\.trae\extensions\pivotal.vscode-spring-boot-1.43.0-universal\language-server\BOOT-INF\lib\ant-1.10.12.jar;c:\Users\Glymin Terra Selasi\.trae\extensions\pivotal.vscode-spring-boot-1.43.0-universal\language-server\BOOT-INF\lib\ant-launcher-1.10.12.jar;c:\Users\Glymin Terra Selasi\.trae\extensions\pivotal.vscode-spring-boot-1.43.0-universal\language-server\BOOT-INF\lib\antlr-runtime-3.5.2.jar;c:\Users\Glymin Terra Selasi\.trae\extensions\pivotal.vscode-spring-boot-1.43.0-universal\language-server\BOOT-INF\lib\antlr4-4.9.3.jar;c:\Users\Glymin Terra Selasi\.trae\extensions\pivotal.vscode-spring-boot-1.43.0-universal\language-server\BOOT-INF\lib\antlr4-runtime-4.9.3.jar;c:\Users\Glymin Terra Selasi\.trae\extensions\pivotal.vscode-spring-boot-1.43.0-universal\language-server\BOOT-INF\lib\apiguardian-api-1.1.2.jar;c:\Users\Glymin Terra Selasi\.trae\extensions\pivotal.vscode-spring-boot-1.43.0-universal\language-server\BOOT-INF\lib\asm-9.4.jar;c:\Users\Glymin Terra Selasi\.trae\extensions\pivotal.vscode-spring-boot-1.43.0-universal\language-server\BOOT-INF\lib\asm-analysis-9.4.jar;c:\Users\Glymin Terra Selasi\.trae\extensions\pivotal.vscode-spring-boot-1.43.0-universal\language-server\BOOT-INF\lib\asm-tree-9.4.jar;c:\Users\Glymin Terra Selasi\.trae\extensions\pivotal.vscode-spring-boot-1.43.0-universal\language-server\BOOT-INF\lib\asm-util-9.4.jar;c:\Users\Glymin Terra Selasi\.trae\extensions\pivotal.vscode-spring-boot-1.43.0-universal\language-server\BOOT-INF\lib\caffeine-3.1.2.jar;c:\Users\Glymin Terra Selasi\.trae\extensions\pivotal.vscode-spring-boot-1.43.0-universal\language-server\BOOT-INF\lib\checker-qual-3.12.0.jar;c:\Users\Glymin Terra Selasi\.trae\extensions\pivotal.vscode-spring-boot-1.43.0-universal\language-server\BOOT-INF\lib\ci-environment-9.1.0.jar;c:\Users\Glymin Terra Selasi\.trae\extensions\pivotal.vscode-spring-boot-1.43.0-universal\language-server\BOOT-INF\lib\classgraph-4.8.149.jar;c:\Users\Glymin Terra Selasi\.trae\extensions\pivotal.vscode-spring-boot-1.43.0-universal\language-server\BOOT-INF\lib\commons-codec-1.15.jar;c:\Users\Glymin Terra Selasi\.trae\extensions\pivotal.vscode-spring-boot-1.43.0-universal\language-server\BOOT-INF\lib\commons-compress-1.22.jar;c:\Users\Glymin Terra Selasi\.trae\extensions\pivotal.vscode-spring-boot-1.43.0-universal\language-server\BOOT-INF\lib\commons-io-2.4.jar;c:\Users\Glymin Terra Selasi\.trae\extensions\pivotal.vscode-spring-boot-1.43.0-universal\language-server\BOOT-INF\lib\commons-java-1.43.0-SNAPSHOT.jar;c:\Users\Glymin Terra Selasi\.trae\extensions\pivotal.vscode-spring-boot-1.43.0-universal\language-server\BOOT-INF\lib\commons-lang3-3.12.0.jar;c:\Users\Glymin Terra Selasi\.trae\extensions\pivotal.vscode-spring-boot-1.43.0-universal\language-server\BOOT-INF\lib\commons-language-server-1.43.0-SNAPSHOT.jar;c:\Users\Glymin Terra Selasi\.trae\extensions\pivotal.vscode-spring-boot-1.43.0-universal\language-server\BOOT-INF\lib\commons-lsp-extensions-1.43.0-SNAPSHOT.jar;c:\Users\Glymin Terra Selasi\.trae\extensions\pivotal.vscode-spring-boot-1.43.0-universal\language-server\BOOT-INF\lib\commons-rewrite-1.43.0-SNAPSHOT.jar;c:\Users\Glymin Terra Selasi\.trae\extensions\pivotal.vscode-spring-boot-1.43.0-universal\language-server\BOOT-INF\lib\commons-text-1.10.0.jar;c:\Users\Glymin Terra Selasi\.trae\extensions\pivotal.vscode-spring-boot-1.43.0-universal\language-server\BOOT-INF\lib\commons-util-1.43.0-SNAPSHOT.jar;c:\Users\Glymin Terra Selasi\.trae\extensions\pivotal.vscode-spring-boot-1.43.0-universal\language-server\BOOT-INF\lib\commons-yaml-1.43.0-SNAPSHOT.jar;c:\Users\Glymin Terra Selasi\.trae\extensions\pivotal.vscode-spring-boot-1.43.0-universal\language-server\BOOT-INF\lib\cucumber-core-7.9.0.jar;c:\Users\Glymin Terra Selasi\.trae\extensions\pivotal.vscode-spring-boot-1.43.0-universal\language-server\BOOT-INF\lib\cucumber-expressions-16.0.0.jar;c:\Users\Glymin Terra Selasi\.trae\extensions\pivotal.vscode-spring-boot-1.43.0-universal\language-server\BOOT-INF\lib\cucumber-gherkin-7.9.0.jar;c:\Users\Glymin Terra Selasi\.trae\extensions\pivotal.vscode-spring-boot-1.43.0-universal\language-server\BOOT-INF\lib\cucumber-gherkin-messages-7.9.0.jar;c:\Users\Glymin Terra Selasi\.trae\extensions\pivotal.vscode-spring-boot-1.43.0-universal\language-server\BOOT-INF\lib\cucumber-java-7.9.0.jar;c:\Users\Glymin Terra Selasi\.trae\extensions\pivotal.vscode-spring-boot-1.43.0-universal\language-server\BOOT-INF\lib\cucumber-java8-7.9.0.jar;c:\Users\Glymin Terra Selasi\.trae\extensions\pivotal.vscode-spring-boot-1.43.0-universal\language-server\BOOT-INF\lib\cucumber-junit-platform-engine-7.9.0.jar;c:\Users\Glymin Terra Selasi\.trae\extensions\pivotal.vscode-spring-boot-1.43.0-universal\language-server\BOOT-INF\lib\cucumber-plugin-7.9.0.jar;c:\Users\Glymin Terra Selasi\.trae\extensions\pivotal.vscode-spring-boot-1.43.0-universal\language-server\BOOT-INF\lib\datatable-7.9.0.jar;c:\Users\Glymin Terra Selasi\.trae\extensions\pivotal.vscode-spring-boot-1.43.0-universal\language-server\BOOT-INF\lib\docstring-7.9.0.jar;c:\Users\Glymin Terra Selasi\.trae\extensions\pivotal.vscode-spring-boot-1.43.0-universal\language-server\BOOT-INF\lib\error_prone_annotations-2.11.0.jar;c:\Users\Glymin Terra Selasi\.trae\extensions\pivotal.vscode-spring-boot-1.43.0-universal\language-server\BOOT-INF\lib\failureaccess-1.0.1.jar;c:\Users\Glymin Terra Selasi\.trae\extensions\pivotal.vscode-spring-boot-1.43.0-universal\language-server\BOOT-INF\lib\fastfilter-1.0.2.jar;c:\Users\Glymin Terra Selasi\.trae\extensions\pivotal.vscode-spring-boot-1.43.0-universal\language-server\BOOT-INF\lib\gherkin-24.1.0.jar;c:\Users\Glymin Terra Selasi\.trae\extensions\pivotal.vscode-spring-boot-1.43.0-universal\language-server\BOOT-INF\lib\gizmo-1.0.11.Final.jar;c:\Users\Glymin Terra Selasi\.trae\extensions\pivotal.vscode-spring-boot-1.43.0-universal\language-server\BOOT-INF\lib\gson-2.9.1.jar;c:\Users\Glymin Terra Selasi\.trae\extensions\pivotal.vscode-spring-boot-1.43.0-universal\language-server\BOOT-INF\lib\guava-31.1-jre.jar;c:\Users\Glymin Terra Selasi\.trae\extensions\pivotal.vscode-spring-boot-1.43.0-universal\language-server\BOOT-INF\lib\hamcrest-2.2.jar;c:\Users\Glymin Terra Selasi\.trae\extensions\pivotal.vscode-spring-boot-1.43.0-universal\language-server\BOOT-INF\lib\HdrHistogram-2.1.12.jar;c:\Users\Glymin Terra Selasi\.trae\extensions\pivotal.vscode-spring-boot-1.43.0-universal\language-server\BOOT-INF\lib\html-formatter-20.1.0.jar;c:\Users\Glymin Terra Selasi\.trae\extensions\pivotal.vscode-spring-boot-1.43.0-universal\language-server\BOOT-INF\lib\icu4j-69.1.jar;c:\Users\Glymin Terra Selasi\.trae\extensions\pivotal.vscode-spring-boot-1.43.0-universal\language-server\BOOT-INF\lib\j2objc-annotations-1.3.jar;c:\Users\Glymin Terra Selasi\.trae\extensions\pivotal.vscode-spring-boot-1.43.0-universal\language-server\BOOT-INF\lib\jackson-annotations-2.14.1.jar;c:\Users\Glymin Terra Selasi\.trae\extensions\pivotal.vscode-spring-boot-1.43.0-universal\language-server\BOOT-INF\lib\jackson-core-2.14.1.jar;c:\Users\Glymin Terra Selasi\.trae\extensions\pivotal.vscode-spring-boot-1.43.0-universal\language-server\BOOT-INF\lib\jackson-databind-2.14.1.jar;c:\Users\Glymin Terra Selasi\.trae\extensions\pivotal.vscode-spring-boot-1.43.0-universal\language-server\BOOT-INF\lib\jackson-dataformat-smile-2.14.1.jar;c:\Users\Glymin Terra Selasi\.trae\extensions\pivotal.vscode-spring-boot-1.43.0-universal\language-server\BOOT-INF\lib\jackson-dataformat-xml-2.14.1.jar;c:\Users\Glymin Terra Selasi\.trae\extensions\pivotal.vscode-spring-boot-1.43.0-universal\language-server\BOOT-INF\lib\jackson-datatype-jdk8-2.14.1.jar;c:\Users\Glymin Terra Selasi\.trae\extensions\pivotal.vscode-spring-boot-1.43.0-universal\language-server\BOOT-INF\lib\jackson-module-jaxb-annotations-2.14.1.jar;c:\Users\Glymin Terra Selasi\.trae\extensions\pivotal.vscode-spring-boot-1.43.0-universal\language-server\BOOT-INF\lib\jackson-module-parameter-names-2.14.1.jar;c:\Users\Glymin Terra Selasi\.trae\extensions\pivotal.vscode-spring-boot-1.43.0-universal\language-server\BOOT-INF\lib\jakarta.activation-api-2.1.0.jar;c:\Users\Glymin Terra Selasi\.trae\extensions\pivotal.vscode-spring-boot-1.43.0-universal\language-server\BOOT-INF\lib\jakarta.annotation-api-2.1.1.jar;c:\Users\Glymin Terra Selasi\.trae\extensions\pivotal.vscode-spring-boot-1.43.0-universal\language-server\BOOT-INF\lib\jakarta.xml.bind-api-4.0.0.jar;c:\Users\Glymin Terra Selasi\.trae\extensions\pivotal.vscode-spring-boot-1.43.0-universal\language-server\BOOT-INF\lib\jandex-2.0.5.Final.jar;c:\Users\Glymin Terra Selasi\.trae\extensions\pivotal.vscode-spring-boot-1.43.0-universal\language-server\BOOT-INF\lib\java-object-diff-0.95.jar;c:\Users\Glymin Terra Selasi\.trae\extensions\pivotal.vscode-spring-boot-1.43.0-universal\language-server\BOOT-INF\lib\java-properties-1.43.0-SNAPSHOT.jar;c:\Users\Glymin Terra Selasi\.trae\extensions\pivotal.vscode-spring-boot-1.43.0-universal\language-server\BOOT-INF\lib\javax.activation-api-1.2.0.jar;c:\Users\Glymin Terra Selasi\.trae\extensions\pivotal.vscode-spring-boot-1.43.0-universal\language-server\BOOT-INF\lib\javax.inject-1.jar;c:\Users\Glymin Terra Selasi\.trae\extensions\pivotal.vscode-spring-boot-1.43.0-universal\language-server\BOOT-INF\lib\javax.json-1.0.4.jar;c:\Users\Glymin Terra Selasi\.trae\extensions\pivotal.vscode-spring-boot-1.43.0-universal\language-server\BOOT-INF\lib\javolution-core-java-6.0.0.jar;c:\Users\Glymin Terra Selasi\.trae\extensions\pivotal.vscode-spring-boot-1.43.0-universal\language-server\BOOT-INF\lib\jaxb-api-2.3.1.jar;c:\Users\Glymin Terra Selasi\.trae\extensions\pivotal.vscode-spring-boot-1.43.0-universal\language-server\BOOT-INF\lib\jna-5.12.1.jar;c:\Users\Glymin Terra Selasi\.trae\extensions\pivotal.vscode-spring-boot-1.43.0-universal\language-server\BOOT-INF\lib\jna-platform-5.12.1.jar;c:\Users\Glymin Terra Selasi\.trae\extensions\pivotal.vscode-spring-boot-1.43.0-universal\language-server\BOOT-INF\lib\json-20160810.jar;c:\Users\Glymin Terra Selasi\.trae\extensions\pivotal.vscode-spring-boot-1.43.0-universal\language-server\BOOT-INF\lib\jsoup-1.9.2.jar;c:\Users\Glymin Terra Selasi\.trae\extensions\pivotal.vscode-spring-boot-1.43.0-universal\language-server\BOOT-INF\lib\jsr305-3.0.2.jar;c:\Users\Glymin Terra Selasi\.trae\extensions\pivotal.vscode-spring-boot-1.43.0-universal\language-server\BOOT-INF\lib\jul-to-slf4j-2.0.4.jar;c:\Users\Glymin Terra Selasi\.trae\extensions\pivotal.vscode-spring-boot-1.43.0-universal\language-server\BOOT-INF\lib\junit-jupiter-params-5.9.1.jar;c:\Users\Glymin Terra Selasi\.trae\extensions\pivotal.vscode-spring-boot-1.43.0-universal\language-server\BOOT-INF\lib\junit-platform-commons-1.9.1.jar;c:\Users\Glymin Terra Selasi\.trae\extensions\pivotal.vscode-spring-boot-1.43.0-universal\language-server\BOOT-INF\lib\junit-platform-engine-1.9.1.jar;c:\Users\Glymin Terra Selasi\.trae\extensions\pivotal.vscode-spring-boot-1.43.0-universal\language-server\BOOT-INF\lib\junit-platform-suite-api-1.9.1.jar;c:\Users\Glymin Terra Selasi\.trae\extensions\pivotal.vscode-spring-boot-1.43.0-universal\language-server\BOOT-INF\lib\language-server-starter-1.43.0-SNAPSHOT.jar;c:\Users\Glymin Terra Selasi\.trae\extensions\pivotal.vscode-spring-boot-1.43.0-universal\language-server\BOOT-INF\lib\LatencyUtils-2.0.3.jar;c:\Users\Glymin Terra Selasi\.trae\extensions\pivotal.vscode-spring-boot-1.43.0-universal\language-server\BOOT-INF\lib\listenablefuture-9999.0-empty-to-avoid-conflict-with-guava.jar;c:\Users\Glymin Terra Selasi\.trae\extensions\pivotal.vscode-spring-boot-1.43.0-universal\language-server\BOOT-INF\lib\log4j-api-2.19.0.jar;c:\Users\Glymin Terra Selasi\.trae\extensions\pivotal.vscode-spring-boot-1.43.0-universal\language-server\BOOT-INF\lib\log4j-to-slf4j-2.19.0.jar;c:\Users\Glymin Terra Selasi\.trae\extensions\pivotal.vscode-spring-boot-1.43.0-universal\language-server\BOOT-INF\lib\logback-classic-1.4.5.jar;c:\Users\Glymin Terra Selasi\.trae\extensions\pivotal.vscode-spring-boot-1.43.0-universal\language-server\BOOT-INF\lib\logback-core-1.4.5.jar;c:\Users\Glymin Terra Selasi\.trae\extensions\pivotal.vscode-spring-boot-1.43.0-universal\language-server\BOOT-INF\lib\messages-19.1.4.jar;c:\Users\Glymin Terra Selasi\.trae\extensions\pivotal.vscode-spring-boot-1.43.0-universal\language-server\BOOT-INF\lib\micrometer-commons-1.10.2.jar;c:\Users\Glymin Terra Selasi\.trae\extensions\pivotal.vscode-spring-boot-1.43.0-universal\language-server\BOOT-INF\lib\micrometer-core-1.10.2.jar;c:\Users\Glymin Terra Selasi\.trae\extensions\pivotal.vscode-spring-boot-1.43.0-universal\language-server\BOOT-INF\lib\micrometer-observation-1.10.2.jar;c:\Users\Glymin Terra Selasi\.trae\extensions\pivotal.vscode-spring-boot-1.43.0-universal\language-server\BOOT-INF\lib\opentest4j-1.2.0.jar;c:\Users\Glymin Terra Selasi\.trae\extensions\pivotal.vscode-spring-boot-1.43.0-universal\language-server\BOOT-INF\lib\org.abego.treelayout.core-1.0.3.jar;c:\Users\Glymin Terra Selasi\.trae\extensions\pivotal.vscode-spring-boot-1.43.0-universal\language-server\BOOT-INF\lib\org.eclipse.core.commands-3.10.300.jar;c:\Users\Glymin Terra Selasi\.trae\extensions\pivotal.vscode-spring-boot-1.43.0-universal\language-server\BOOT-INF\lib\org.eclipse.core.contenttype-3.8.200.jar;c:\Users\Glymin Terra Selasi\.trae\extensions\pivotal.vscode-spring-boot-1.43.0-universal\language-server\BOOT-INF\lib\org.eclipse.core.expressions-3.8.200.jar;c:\Users\Glymin Terra Selasi\.trae\extensions\pivotal.vscode-spring-boot-1.43.0-universal\language-server\BOOT-INF\lib\org.eclipse.core.filesystem-1.9.500.jar;c:\Users\Glymin Terra Selasi\.trae\extensions\pivotal.vscode-spring-boot-1.43.0-universal\language-server\BOOT-INF\lib\org.eclipse.core.jobs-3.13.200.jar;c:\Users\Glymin Terra Selasi\.trae\extensions\pivotal.vscode-spring-boot-1.43.0-universal\language-server\BOOT-INF\lib\org.eclipse.core.resources-3.18.100.jar;c:\Users\Glymin Terra Selasi\.trae\extensions\pivotal.vscode-spring-boot-1.43.0-universal\language-server\BOOT-INF\lib\org.eclipse.core.runtime-3.26.100.jar;c:\Users\Glymin Terra Selasi\.trae\extensions\pivotal.vscode-spring-boot-1.43.0-universal\language-server\BOOT-INF\lib\org.eclipse.equinox.app-1.6.200.jar;c:\Users\Glymin Terra Selasi\.trae\extensions\pivotal.vscode-spring-boot-1.43.0-universal\language-server\BOOT-INF\lib\org.eclipse.equinox.common-3.17.0.jar;c:\Users\Glymin Terra Selasi\.trae\extensions\pivotal.vscode-spring-boot-1.43.0-universal\language-server\BOOT-INF\lib\org.eclipse.equinox.preferences-3.10.1.jar;c:\Users\Glymin Terra Selasi\.trae\extensions\pivotal.vscode-spring-boot-1.43.0-universal\language-server\BOOT-INF\lib\org.eclipse.equinox.registry-3.11.200.jar;c:\Users\Glymin Terra Selasi\.trae\extensions\pivotal.vscode-spring-boot-1.43.0-universal\language-server\BOOT-INF\lib\org.eclipse.jdt.core-3.32.0.jar;c:\Users\Glymin Terra Selasi\.trae\extensions\pivotal.vscode-spring-boot-1.43.0-universal\language-server\BOOT-INF\lib\org.eclipse.lemminx-0.13.1.jar;c:\Users\Glymin Terra Selasi\.trae\extensions\pivotal.vscode-spring-boot-1.43.0-universal\language-server\BOOT-INF\lib\org.eclipse.lsp4j-0.19.0.jar;c:\Users\Glymin Terra Selasi\.trae\extensions\pivotal.vscode-spring-boot-1.43.0-universal\language-server\BOOT-INF\lib\org.eclipse.lsp4j.generator-0.19.0.jar;c:\Users\Glymin Terra Selasi\.trae\extensions\pivotal.vscode-spring-boot-1.43.0-universal\language-server\BOOT-INF\lib\org.eclipse.lsp4j.jsonrpc-0.19.0.jar;c:\Users\Glymin Terra Selasi\.trae\extensions\pivotal.vscode-spring-boot-1.43.0-universal\language-server\BOOT-INF\lib\org.eclipse.osgi-3.18.200.jar;c:\Users\Glymin Terra Selasi\.trae\extensions\pivotal.vscode-spring-boot-1.43.0-universal\language-server\BOOT-INF\lib\org.eclipse.text-3.12.300.jar;c:\Users\Glymin Terra Selasi\.trae\extensions\pivotal.vscode-spring-boot-1.43.0-universal\language-server\BOOT-INF\lib\org.eclipse.xtend.lib-2.28.0.jar;c:\Users\Glymin Terra Selasi\.trae\extensions\pivotal.vscode-spring-boot-1.43.0-universal\language-server\BOOT-INF\lib\org.eclipse.xtend.lib.macro-2.28.0.jar;c:\Users\Glymin Terra Selasi\.trae\extensions\pivotal.vscode-spring-boot-1.43.0-universal\language-server\BOOT-INF\lib\org.eclipse.xtext.xbase.lib-2.28.0.jar;c:\Users\Glymin Terra Selasi\.trae\extensions\pivotal.vscode-spring-boot-1.43.0-universal\language-server\BOOT-INF\lib\org.json-1.0.0-SNAPSHOT.jar;c:\Users\Glymin Terra Selasi\.trae\extensions\pivotal.vscode-spring-boot-1.43.0-universal\language-server\BOOT-INF\lib\org.osgi.service.prefs-1.1.2.jar;c:\Users\Glymin Terra Selasi\.trae\extensions\pivotal.vscode-spring-boot-1.43.0-universal\language-server\BOOT-INF\lib\osgi.annotation-8.0.1.jar;c:\Users\Glymin Terra Selasi\.trae\extensions\pivotal.vscode-spring-boot-1.43.0-universal\language-server\BOOT-INF\lib\reactive-streams-1.0.4.jar;c:\Users\Glymin Terra Selasi\.trae\extensions\pivotal.vscode-spring-boot-1.43.0-universal\language-server\BOOT-INF\lib\reactor-core-3.5.0.jar;c:\Users\Glymin Terra Selasi\.trae\extensions\pivotal.vscode-spring-boot-1.43.0-universal\language-server\BOOT-INF\lib\remark-1.0.0.jar;c:\Users\Glymin Terra Selasi\.trae\extensions\pivotal.vscode-spring-boot-1.43.0-universal\language-server\BOOT-INF\lib\resilience4j-core-1.7.0.jar;c:\Users\Glymin Terra Selasi\.trae\extensions\pivotal.vscode-spring-boot-1.43.0-universal\language-server\BOOT-INF\lib\resilience4j-retry-1.7.0.jar;c:\Users\Glymin Terra Selasi\.trae\extensions\pivotal.vscode-spring-boot-1.43.0-universal\language-server\BOOT-INF\lib\rewrite-core-7.34.0.jar;c:\Users\Glymin Terra Selasi\.trae\extensions\pivotal.vscode-spring-boot-1.43.0-universal\language-server\BOOT-INF\lib\rewrite-java-11-7.34.0.jar;c:\Users\Glymin Terra Selasi\.trae\extensions\pivotal.vscode-spring-boot-1.43.0-universal\language-server\BOOT-INF\lib\rewrite-java-17-7.34.0.jar;c:\Users\Glymin Terra Selasi\.trae\extensions\pivotal.vscode-spring-boot-1.43.0-universal\language-server\BOOT-INF\lib\rewrite-java-7.34.0.jar;c:\Users\Glymin Terra Selasi\.trae\extensions\pivotal.vscode-spring-boot-1.43.0-universal\language-server\BOOT-INF\lib\rewrite-java-8-7.34.0.jar;c:\Users\Glymin Terra Selasi\.trae\extensions\pivotal.vscode-spring-boot-1.43.0-universal\language-server\BOOT-INF\lib\rewrite-maven-7.34.0.jar;c:\Users\Glymin Terra Selasi\.trae\extensions\pivotal.vscode-spring-boot-1.43.0-universal\language-server\BOOT-INF\lib\rewrite-migrate-java-1.15.0.jar;c:\Users\Glymin Terra Selasi\.trae\extensions\pivotal.vscode-spring-boot-1.43.0-universal\language-server\BOOT-INF\lib\rewrite-properties-7.34.0.jar;c:\Users\Glymin Terra Selasi\.trae\extensions\pivotal.vscode-spring-boot-1.43.0-universal\language-server\BOOT-INF\lib\rewrite-spring-4.31.0.jar;c:\Users\Glymin Terra Selasi\.trae\extensions\pivotal.vscode-spring-boot-1.43.0-universal\language-server\BOOT-INF\lib\rewrite-testing-frameworks-1.32.0.jar;c:\Users\Glymin Terra Selasi\.trae\extensions\pivotal.vscode-spring-boot-1.43.0-universal\language-server\BOOT-INF\lib\rewrite-xml-7.34.0.jar;c:\Users\Glymin Terra Selasi\.trae\extensions\pivotal.vscode-spring-boot-1.43.0-universal\language-server\BOOT-INF\lib\rewrite-yaml-7.34.0.jar;c:\Users\Glymin Terra Selasi\.trae\extensions\pivotal.vscode-spring-boot-1.43.0-universal\language-server\BOOT-INF\lib\slf4j-api-2.0.4.jar;c:\Users\Glymin Terra Selasi\.trae\extensions\pivotal.vscode-spring-boot-1.43.0-universal\language-server\BOOT-INF\lib\snakeyaml-1.33.jar;c:\Users\Glymin Terra Selasi\.trae\extensions\pivotal.vscode-spring-boot-1.43.0-universal\language-server\BOOT-INF\lib\snappy-java-1.1.8.4.jar;c:\Users\Glymin Terra Selasi\.trae\extensions\pivotal.vscode-spring-boot-1.43.0-universal\language-server\BOOT-INF\lib\spring-aop-6.0.2.jar;c:\Users\Glymin Terra Selasi\.trae\extensions\pivotal.vscode-spring-boot-1.43.0-universal\language-server\BOOT-INF\lib\spring-beans-6.0.2.jar;c:\Users\Glymin Terra Selasi\.trae\extensions\pivotal.vscode-spring-boot-1.43.0-universal\language-server\BOOT-INF\lib\spring-boot-3.0.0.jar;c:\Users\Glymin Terra Selasi\.trae\extensions\pivotal.vscode-spring-boot-1.43.0-universal\language-server\BOOT-INF\lib\spring-boot-autoconfigure-3.0.0.jar;c:\Users\Glymin Terra Selasi\.trae\extensions\pivotal.vscode-spring-boot-1.43.0-universal\language-server\BOOT-INF\lib\spring-boot-jarmode-layertools-3.0.0.jar;c:\Users\Glymin Terra Selasi\.trae\extensions\pivotal.vscode-spring-boot-1.43.0-universal\language-server\BOOT-INF\lib\spring-context-6.0.2.jar;c:\Users\Glymin Terra Selasi\.trae\extensions\pivotal.vscode-spring-boot-1.43.0-universal\language-server\BOOT-INF\lib\spring-context-indexer-6.0.2.jar;c:\Users\Glymin Terra Selasi\.trae\extensions\pivotal.vscode-spring-boot-1.43.0-universal\language-server\BOOT-INF\lib\spring-core-6.0.2.jar;c:\Users\Glymin Terra Selasi\.trae\extensions\pivotal.vscode-spring-boot-1.43.0-universal\language-server\BOOT-INF\lib\spring-expression-6.0.2.jar;c:\Users\Glymin Terra Selasi\.trae\extensions\pivotal.vscode-spring-boot-1.43.0-universal\language-server\BOOT-INF\lib\spring-jcl-6.0.2.jar;c:\Users\Glymin Terra Selasi\.trae\extensions\pivotal.vscode-spring-boot-1.43.0-universal\language-server\BOOT-INF\lib\spring-web-6.0.2.jar;c:\Users\Glymin Terra Selasi\.trae\extensions\pivotal.vscode-spring-boot-1.43.0-universal\language-server\BOOT-INF\lib\ST4-4.3.1.jar;c:\Users\Glymin Terra Selasi\.trae\extensions\pivotal.vscode-spring-boot-1.43.0-universal\language-server\BOOT-INF\lib\stax2-api-4.2.1.jar;c:\Users\Glymin Terra Selasi\.trae\extensions\pivotal.vscode-spring-boot-1.43.0-universal\language-server\BOOT-INF\lib\tag-expressions-4.1.0.jar;c:\Users\Glymin Terra Selasi\.trae\extensions\pivotal.vscode-spring-boot-1.43.0-universal\language-server\BOOT-INF\lib\typetools-0.6.3.jar;c:\Users\Glymin Terra Selasi\.trae\extensions\pivotal.vscode-spring-boot-1.43.0-universal\language-server\BOOT-INF\lib\vavr-0.10.2.jar;c:\Users\Glymin Terra Selasi\.trae\extensions\pivotal.vscode-spring-boot-1.43.0-universal\language-server\BOOT-INF\lib\vavr-match-0.10.2.jar;c:\Users\Glymin Terra Selasi\.trae\extensions\pivotal.vscode-spring-boot-1.43.0-universal\language-server\BOOT-INF\lib\woodstox-core-6.4.0.jar;c:\Users\Glymin Terra Selasi\.trae\extensions\pivotal.vscode-spring-boot-1.43.0-universal\language-server\BOOT-INF\lib\xercesImpl-2.12.0.jar;c:\Users\Glymin Terra Selasi\.trae\extensions\pivotal.vscode-spring-boot-1.43.0-universal\language-server\BOOT-INF\lib\xml-apis-1.4.01.jar;c:\Users\Glymin Terra Selasi\.trae\extensions\pivotal.vscode-spring-boot-1.43.0-universal\language-server\BOOT-INF\lib\xml-resolver-1.2.jar
Launcher Type: SUN_STANDARD

[Global flags]
     intx CICompilerCount                          = 4                                         {product} {ergonomic}
     uint ConcGCThreads                            = 2                                         {product} {ergonomic}
     uint G1ConcRefinementThreads                  = 8                                         {product} {ergonomic}
   size_t G1HeapRegionSize                         = 1048576                                   {product} {ergonomic}
    uintx GCDrainStackTargetSize                   = 64                                        {product} {ergonomic}
   size_t InitialHeapSize                          = 130023424                                 {product} {ergonomic}
   size_t MarkStackSize                            = 4194304                                   {product} {ergonomic}
   size_t MaxHeapSize                              = 2080374784                                {product} {ergonomic}
   size_t MaxNewSize                               = 1247805440                                {product} {ergonomic}
   size_t MinHeapDeltaBytes                        = 1048576                                   {product} {ergonomic}
   size_t MinHeapSize                              = 8388608                                   {product} {ergonomic}
    uintx NonNMethodCodeHeapSize                   = 4096                                   {pd product} {ergonomic}
    uintx NonProfiledCodeHeapSize                  = 0                                      {pd product} {ergonomic}
     bool ProfileInterpreter                       = false                                  {pd product} {command line}
    uintx ProfiledCodeHeapSize                     = 0                                      {pd product} {ergonomic}
   size_t SoftMaxHeapSize                          = 2080374784                             {manageable} {ergonomic}
     intx TieredStopAtLevel                        = 1                                         {product} {command line}
     bool UseCompressedOops                        = true                           {product lp64_product} {ergonomic}
     bool UseG1GC                                  = true                                      {product} {ergonomic}
     bool UseLargePagesIndividualAllocation        = false                                  {pd product} {ergonomic}

Logging:
Log output configuration:
 #0: stdout all=warning,jni+resolve=off uptime,level,tags foldmultilines=false
 #1: stderr all=off uptime,level,tags foldmultilines=false

Release file:
JAVA_VERSION="21.0.9" 
MODULES="java.base java.compiler java.datatransfer java.xml java.prefs java.desktop java.instrument java.logging java.management java.security.sasl java.naming java.rmi java.management.rmi java.net.http java.scripting java.security.jgss java.transaction.xa java.sql java.sql.rowset java.xml.crypto java.se java.smartcardio jdk.accessibility jdk.internal.jvmstat jdk.attach jdk.charsets jdk.internal.opt jdk.zipfs jdk.compiler jdk.crypto.ec jdk.crypto.cryptoki jdk.crypto.mscapi jdk.dynalink jdk.internal.ed jdk.editpad jdk.hotspot.agent jdk.httpserver jdk.internal.le jdk.internal.vm.ci jdk.internal.vm.compiler jdk.internal.vm.compiler.management jdk.jartool jdk.javadoc jdk.jcmd jdk.management jdk.management.agent jdk.jconsole jdk.jdeps jdk.jdwp.agent jdk.jdi jdk.jfr jdk.jshell jdk.jsobject jdk.jstatd jdk.localedata jdk.management.jfr jdk.naming.dns jdk.naming.rmi jdk.net jdk.nio.mapmode jdk.random jdk.sctp jdk.security.auth jdk.security.jgss jdk.unsupported jdk.unsupported.desktop jdk.xml.dom" 

Environment Variables:
JAVA_HOME=C:\Program Files\jdk-23.0.1
PATH=c:\Users\Glymin Terra Selasi\.trae\tools\trae-gopls\current;c:\Users\Glymin Terra Selasi\.trae\sdks\workspaces\3ecfd569\versions\node\current;c:\Users\Glymin Terra Selasi\.trae\sdks\versions\node\current;C:\Python312\Scripts\;C:\Python312\;C:\WINDOWS\system32;C:\WINDOWS;C:\WINDOWS\System32\Wbem;C:\WINDOWS\System32\WindowsPowerShell\v1.0\;C:\WINDOWS\System32\OpenSSH\;C:\Program Files\dotnet\;C:\ProgramData\chocolatey\bin;C:\Program Files (x86)\Microsoft SQL Server\160\Tools\Binn\;C:\Program Files\Microsoft SQL Server\160\Tools\Binn\;C:\Program Files\Microsoft SQL Server\Client SDK\ODBC\170\Tools\Binn\;C:\Program Files\Microsoft SQL Server\160\DTS\Binn\;C:\Program Files\php-8.3.12;C:\Program Files\php-8.3.12\php;C:\xampp\php;C:\Users\Glymin Terra Selasi\AppData\Local\Yarn\bin;C:\Program Files\PostgreSQL\15\bin;C:\Program Files\Git\cmd;C:\Program Files\jdk-23.0.1\bin;C:\Program Files\PostgreSQL\12\bin;C:\Program Files (x86)\cloudflared\;C:\Windows\System32;C:\composer;C:\Users\Glymin Terra Selasi\AppData\Roaming\npm;C:\Users\Glymin Terra Selasi\AppData\Roaming\nvm;C:\Program Files\nodejs;C:\xampp\mysql\bin;C:\Program Files\apache-maven-3.9.11\bin;C:\Python312\Scripts\;C:\Python312\;C:\WINDOWS\system32;C:\WINDOWS;C:\WINDOWS\System32\Wbem;C:\WINDOWS\System32\WindowsPowerShell\v1.0\;C:\WINDOWS\System32\OpenSSH\;C:\Program Files\dotnet\;C:\ProgramData\chocolatey\bin;C:\Program Files (x86)\Microsoft SQL Server\160\Tools\Binn\;C:\Program Files\Microsoft SQL Server\160\Tools\Binn\;C:\Program Files\Microsoft SQL Server\Client SDK\ODBC\170\Tools\Binn\;C:\Program Files\Microsoft SQL Server\160\DTS\Binn\;C:\Program Files (x86)\Microsoft SQL Server\160\DTS\Binn\;C:\Program Files\php-8.3.12;C:\Program Files\php-8.3.12\php;C:\xampp\php;C:\Users\Glymin Terra Selasi\AppData\Local\Yarn\bin;C:\Program Files\PostgreSQL\15\bin;C:\Program Files\Git\cmd;C:\Program Files\jdk-23.0.1\bin;C:\Program Files\PostgreSQL\12\bin;C:\Program Files (x86)\cloudflared\;C:\Windows\System32;C:\composer;C:\Users\Glymin Terra Selasi\AppData\Local\Microsoft\WindowsApps;C:\Users\Glymin Terra Selasi\AppData\Local\Programs\Microsoft VS Code\bin;C:\Users\Glymin Terra Sela;C:\Users\Glymin Terra Selasi\AppData\Roaming\npm;C:\Users\Glymin Terra Selasi\AppData\Roaming\nvm;C:\Program Files\nodejs;C:\Users\Glymin Terra Selasi\AppData\Local\Microsoft\WindowsApps;C:\Users\Glymin Terra Selasi\AppData\Local\Programs\Antigravity\bin;c:\Users\Glymin Terra Selasi\AppData\Local\Programs\Trae1\resources\app\bin\lib
USERNAME=Glymin Terra Selasi
OS=Windows_NT
PROCESSOR_IDENTIFIER=Intel64 Family 6 Model 140 Stepping 1, GenuineIntel
TMP=C:\Users\GLYMIN~1\AppData\Local\Temp
TEMP=C:\Users\GLYMIN~1\AppData\Local\Temp




Periodic native trim disabled

---------------  S Y S T E M  ---------------

OS:
 Windows 11 , 64 bit Build 26100 (10.0.26100.6725)
OS uptime: 0 days 2:59 hours
Hyper-V role detected

CPU: total 8 (initial active 8) (4 cores per cpu, 2 threads per core) family 6 model 140 stepping 1 microcode 0xbc, cx8, cmov, fxsr, ht, mmx, 3dnowpref, sse, sse2, sse3, ssse3, sse4.1, sse4.2, popcnt, lzcnt, tsc, tscinvbit, avx, avx2, aes, erms, clmul, bmi1, bmi2, adx, avx512f, avx512dq, avx512cd, avx512bw, avx512vl, sha, fma, vzeroupper, avx512_vpopcntdq, avx512_vpclmulqdq, avx512_vaes, avx512_vnni, clflush, clflushopt, clwb, avx512_vbmi2, avx512_vbmi, hv, rdtscp, rdpid, fsrm, gfni, avx512_bitalg, f16c, cet_ibt, cet_ss, avx512_ifma
Processor Information for the first 8 processors :
  Max Mhz: 2419, Current Mhz: 2419, Mhz Limit: 2419

Memory: 4k page, system-wide physical 7934M (354M free)
TotalPageFile size 24852M (AvailPageFile size 25M)
current process WorkingSet (physical memory assigned to process): 449M, peak: 449M
current process commit charge ("private bytes"): 480M, peak: 1105M

vm_info: OpenJDK 64-Bit Server VM (21.0.9+10-LTS) for windows-amd64 JRE (21.0.9+10-LTS), built on 2025-10-21T00:00:00Z by "admin" with unknown MS VC++:1942

END.
