#
# There is insufficient memory for the Java Runtime Environment to continue.
# Native memory allocation (mmap) failed to map 618659840 bytes. Error detail: G1 virtual space
# Possible reasons:
#   The system is out of physical RAM or swap space
#   This process is running with CompressedOops enabled, and the Java Heap may be blocking the growth of the native heap
# Possible solutions:
#   Reduce memory load on the system
#   Increase physical memory or swap space
#   Check if swap backing store is full
#   Decrease Java heap size (-Xmx/-Xms)
#   Decrease number of Java threads
#   Decrease Java thread stack sizes (-Xss)
#   Set larger code cache with -XX:ReservedCodeCacheSize=
#   JVM is running with Unscaled Compressed Oops mode in which the Java heap is
#     placed in the first 4GB address space. The Java Heap base address is the
#     maximum limit for the native heap growth. Please use -XX:HeapBaseMinAddress
#     to set the Java Heap base and to place the Java Heap above 4GB virtual address.
# This output file may be truncated or incomplete.
#
#  Out of Memory Error (os_windows.cpp:3713), pid=22620, tid=26480
#
# JRE version: OpenJDK Runtime Environment Temurin-21.0.9+10 (21.0.9+10) (build 21.0.9+10-LTS)
# Java VM: OpenJDK 64-Bit Server VM Temurin-21.0.9+10 (21.0.9+10-LTS, mixed mode, emulated-client, sharing, tiered, compressed oops, compressed class ptrs, g1 gc, windows-amd64)
# No core dump will be written. Minidumps are not enabled by default on client versions of Windows
#

---------------  S U M M A R Y ------------

Command Line: -Dstdout.encoding=UTF-8 -Dstderr.encoding=UTF-8 -XX:TieredStopAtLevel=1 com.mit.ticket_mgt_app.TicketMgtAppApplication

Host: 11th Gen Intel(R) Core(TM) i5-1135G7 @ 2.40GHz, 8 cores, 7G,  Windows 11 , 64 bit Build 26100 (10.0.26100.6725)
Time: Sun Feb 15 19:31:51 2026 Greenwich Standard Time elapsed time: 10010.355171 seconds (0d 2h 46m 50s)

---------------  T H R E A D  ---------------

Current thread (0x0000012eb03634e0):  VMThread "VM Thread"          [id=26480, stack(0x0000000b5f900000,0x0000000b5fa00000) (1024K)]

Stack: [0x0000000b5f900000,0x0000000b5fa00000]
Native frames: (J=compiled Java code, j=interpreted, Vv=VM code, C=native code)
V  [jvm.dll+0x6d6e29]
V  [jvm.dll+0x8b4b76]
V  [jvm.dll+0x8b712e]
V  [jvm.dll+0x8b7813]
V  [jvm.dll+0x283d86]
V  [jvm.dll+0x6d3745]
V  [jvm.dll+0x6c747a]
V  [jvm.dll+0x35e7e8]
V  [jvm.dll+0x366426]
V  [jvm.dll+0x3b73fe]
V  [jvm.dll+0x3b76a8]
V  [jvm.dll+0x3329ec]
V  [jvm.dll+0x332a77]
V  [jvm.dll+0x37684c]
V  [jvm.dll+0x374fee]
V  [jvm.dll+0x332131]
V  [jvm.dll+0x37465a]
V  [jvm.dll+0x8bd500]
V  [jvm.dll+0x8be8a4]
V  [jvm.dll+0x8bede0]
V  [jvm.dll+0x8bf083]
V  [jvm.dll+0x85e9ad]
V  [jvm.dll+0x6d565d]
C  [ucrtbase.dll+0x37b0]
C  [KERNEL32.DLL+0x2e8d7]
C  [ntdll.dll+0x8c53c]

VM_Operation (0x0000000b611fde20): G1CollectForAllocation, mode: safepoint, requested by thread 0x0000012ef6d14270


---------------  P R O C E S S  ---------------

Threads class SMR info:
_java_thread_list=0x0000012eb0458030, length=31, elements={
0x0000012eb0384b30, 0x0000012eb03883a0, 0x0000012eb0389c00, 0x0000012eb038a740,
0x0000012eb038b280, 0x0000012eb038bdc0, 0x0000012eb038d820, 0x0000012eb04f1510,
0x0000012eb0501bb0, 0x0000012ef652aaf0, 0x0000012ef6d12830, 0x0000012ef6d14270,
0x0000012ef6d12ec0, 0x0000012ef6d14900, 0x0000012ef7d16910, 0x0000012ef7d14840,
0x0000012ef7d16fa0, 0x0000012ef7d18350, 0x0000012ef7d189e0, 0x0000012ef7d19070,
0x0000012ef7d1b7d0, 0x0000012ef7d1aab0, 0x0000012ef7d1be60, 0x0000012ef6d11480,
0x0000012ef6d13550, 0x0000012ef6d14f90, 0x0000012ef6d11b10, 0x0000012ef6d15620,
0x0000012ef6d18aa0, 0x0000012ef7d14ed0, 0x0000012ef7d17cc0
}

Java Threads: ( => current thread )
  0x0000012eb0384b30 JavaThread "Reference Handler"          daemon [_thread_blocked, id=26360, stack(0x0000000b5fa00000,0x0000000b5fb00000) (1024K)]
  0x0000012eb03883a0 JavaThread "Finalizer"                  daemon [_thread_blocked, id=23108, stack(0x0000000b5fb00000,0x0000000b5fc00000) (1024K)]
  0x0000012eb0389c00 JavaThread "Signal Dispatcher"          daemon [_thread_blocked, id=10944, stack(0x0000000b5fc00000,0x0000000b5fd00000) (1024K)]
  0x0000012eb038a740 JavaThread "Attach Listener"            daemon [_thread_blocked, id=20664, stack(0x0000000b5fd00000,0x0000000b5fe00000) (1024K)]
  0x0000012eb038b280 JavaThread "Service Thread"             daemon [_thread_blocked, id=26128, stack(0x0000000b5fe00000,0x0000000b5ff00000) (1024K)]
  0x0000012eb038bdc0 JavaThread "Monitor Deflation Thread"   daemon [_thread_blocked, id=1736, stack(0x0000000b5ff00000,0x0000000b60000000) (1024K)]
  0x0000012eb038d820 JavaThread "C1 CompilerThread0"         daemon [_thread_blocked, id=21828, stack(0x0000000b60000000,0x0000000b60100000) (1024K)]
  0x0000012eb04f1510 JavaThread "Notification Thread"        daemon [_thread_blocked, id=26212, stack(0x0000000b60400000,0x0000000b60500000) (1024K)]
  0x0000012eb0501bb0 JavaThread "Common-Cleaner"             daemon [_thread_blocked, id=23296, stack(0x0000000b60500000,0x0000000b60600000) (1024K)]
  0x0000012ef652aaf0 JavaThread "Live Reload Server"         daemon [_thread_in_native, id=21756, stack(0x0000000b60d00000,0x0000000b60e00000) (1024K)]
  0x0000012ef6d12830 JavaThread "DestroyJavaVM"                     [_thread_blocked, id=1468, stack(0x0000000b5f200000,0x0000000b5f300000) (1024K)]
  0x0000012ef6d14270 JavaThread "File Watcher"               daemon [_thread_blocked, id=25732, stack(0x0000000b61100000,0x0000000b61200000) (1024K)]
  0x0000012ef6d12ec0 JavaThread "File Watcher"               daemon [_thread_blocked, id=26956, stack(0x0000000b61000000,0x0000000b61100000) (1024K)]
  0x0000012ef6d14900 JavaThread "File Watcher"               daemon [_thread_blocked, id=19964, stack(0x0000000b5f000000,0x0000000b5f100000) (1024K)]
  0x0000012ef7d16910 JavaThread "HikariPool-11 housekeeper"  daemon [_thread_blocked, id=11896, stack(0x0000000b61400000,0x0000000b61500000) (1024K)]
  0x0000012ef7d14840 JavaThread "Catalina-utility-1"                [_thread_blocked, id=3276, stack(0x0000000b61500000,0x0000000b61600000) (1024K)]
  0x0000012ef7d16fa0 JavaThread "Catalina-utility-2"                [_thread_blocked, id=21000, stack(0x0000000b61600000,0x0000000b61700000) (1024K)]
  0x0000012ef7d18350 JavaThread "container-3"                       [_thread_blocked, id=21692, stack(0x0000000b61700000,0x0000000b61800000) (1024K)]
  0x0000012ef7d189e0 JavaThread "File Watcher"               daemon [_thread_blocked, id=23324, stack(0x0000000b61900000,0x0000000b61a00000) (1024K)]
  0x0000012ef7d19070 JavaThread "http-nio-7050-exec-1"       daemon [_thread_blocked, id=22548, stack(0x0000000b61a00000,0x0000000b61b00000) (1024K)]
  0x0000012ef7d1b7d0 JavaThread "http-nio-7050-exec-3"       daemon [_thread_blocked, id=25644, stack(0x0000000b61c00000,0x0000000b61d00000) (1024K)]
  0x0000012ef7d1aab0 JavaThread "http-nio-7050-exec-4"       daemon [_thread_blocked, id=26872, stack(0x0000000b61d00000,0x0000000b61e00000) (1024K)]
  0x0000012ef7d1be60 JavaThread "http-nio-7050-exec-6"       daemon [_thread_blocked, id=15052, stack(0x0000000b61f00000,0x0000000b62000000) (1024K)]
  0x0000012ef6d11480 JavaThread "http-nio-7050-exec-7"       daemon [_thread_blocked, id=27244, stack(0x0000000b62000000,0x0000000b62100000) (1024K)]
  0x0000012ef6d13550 JavaThread "http-nio-7050-exec-8"       daemon [_thread_blocked, id=13100, stack(0x0000000b62100000,0x0000000b62200000) (1024K)]
  0x0000012ef6d14f90 JavaThread "http-nio-7050-exec-10"      daemon [_thread_blocked, id=14280, stack(0x0000000b62300000,0x0000000b62400000) (1024K)]
  0x0000012ef6d11b10 JavaThread "http-nio-7050-Poller"       daemon [_thread_blocked, id=11448, stack(0x0000000b62400000,0x0000000b62500000) (1024K)]
  0x0000012ef6d15620 JavaThread "http-nio-7050-Acceptor"     daemon [_thread_in_native, id=22480, stack(0x0000000b62500000,0x0000000b62600000) (1024K)]
  0x0000012ef6d18aa0 JavaThread "http-nio-7050-exec-11"      daemon [_thread_blocked, id=13572, stack(0x0000000b5f100000,0x0000000b5f200000) (1024K)]
  0x0000012ef7d14ed0 JavaThread "http-nio-7050-exec-12"      daemon [_thread_blocked, id=28148, stack(0x0000000b60100000,0x0000000b60200000) (1024K)]
  0x0000012ef7d17cc0 JavaThread "http-nio-7050-exec-13"      daemon [_thread_blocked, id=27324, stack(0x0000000b60300000,0x0000000b60400000) (1024K)]
Total: 31

Other Threads:
=>0x0000012eb03634e0 VMThread "VM Thread"                           [id=26480, stack(0x0000000b5f900000,0x0000000b5fa00000) (1024K)]
  0x0000012eb0351b90 WatcherThread "VM Periodic Task Thread"        [id=13948, stack(0x0000000b5f800000,0x0000000b5f900000) (1024K)]
  0x0000012e9fad2ae0 WorkerThread "GC Thread#0"                     [id=12868, stack(0x0000000b5f300000,0x0000000b5f400000) (1024K)]
  0x0000012eb0b1d1e0 WorkerThread "GC Thread#1"                     [id=21696, stack(0x0000000b60600000,0x0000000b60700000) (1024K)]
  0x0000012eb0b1d580 WorkerThread "GC Thread#2"                     [id=14620, stack(0x0000000b60700000,0x0000000b60800000) (1024K)]
  0x0000012eb0b1d920 WorkerThread "GC Thread#3"                     [id=22404, stack(0x0000000b60800000,0x0000000b60900000) (1024K)]
  0x0000012eb0b1dcc0 WorkerThread "GC Thread#4"                     [id=25224, stack(0x0000000b60900000,0x0000000b60a00000) (1024K)]
  0x0000012eb0b1e060 WorkerThread "GC Thread#5"                     [id=21336, stack(0x0000000b60a00000,0x0000000b60b00000) (1024K)]
  0x0000012eb0eae3a0 WorkerThread "GC Thread#6"                     [id=19164, stack(0x0000000b60e00000,0x0000000b60f00000) (1024K)]
  0x0000012eb0e69330 WorkerThread "GC Thread#7"                     [id=3844, stack(0x0000000b60f00000,0x0000000b61000000) (1024K)]
  0x0000012e9fae31c0 ConcurrentGCThread "G1 Main Marker"            [id=22248, stack(0x0000000b5f400000,0x0000000b5f500000) (1024K)]
  0x0000012e9fae3bc0 WorkerThread "G1 Conc#0"                       [id=22900, stack(0x0000000b5f500000,0x0000000b5f600000) (1024K)]
  0x0000012ef6280210 WorkerThread "G1 Conc#1"                       [id=2280, stack(0x0000000b60b00000,0x0000000b60c00000) (1024K)]
  0x0000012eb0221220 ConcurrentGCThread "G1 Refine#0"               [id=9436, stack(0x0000000b5f600000,0x0000000b5f700000) (1024K)]
  0x0000012eb0222a50 ConcurrentGCThread "G1 Service"                [id=1084, stack(0x0000000b5f700000,0x0000000b5f800000) (1024K)]
Total: 15

Threads with active compile tasks:
Total: 0

VM state: at safepoint (normal execution)

VM Mutex/Monitor currently owned by a thread:  ([mutex/lock_event])
[0x00007ff87a78d570] Threads_lock - owner thread: 0x0000012eb03634e0
[0x00007ff87a78d670] Heap_lock - owner thread: 0x0000012ef6d14270

Heap address: 0x0000000084000000, size: 1984 MB, Compressed Oops mode: 32-bit

CDS archive(s) mapped at: [0x0000012eb1000000-0x0000012eb1c80000-0x0000012eb1c80000), size 13107200, SharedBaseAddress: 0x0000012eb1000000, ArchiveRelocationMode: 1.
Compressed class space mapped at: 0x0000012eb2000000-0x0000012ef2000000, reserved size: 1073741824
Narrow klass base: 0x0000012eb1000000, Narrow klass shift: 0, Narrow klass range: 0x100000000

GC Precious Log:
 CardTable entry size: 512
 Card Set container configuration: InlinePtr #cards 5 size 8 Array Of Cards #cards 12 size 40 Howl #buckets 4 coarsen threshold 1843 Howl Bitmap #cards 512 size 80 coarsen threshold 460 Card regions per heap region 1 cards per card region 2048
 CPUs: 8 total, 8 available
 Memory: 7934M
 Large Page Support: Disabled
 NUMA Support: Disabled
 Compressed Oops: Enabled (32-bit)
 Heap Region Size: 1M
 Heap Min Capacity: 8M
 Heap Initial Capacity: 124M
 Heap Max Capacity: 1984M
 Pre-touch: Disabled
 Parallel Workers: 8
 Concurrent Workers: 2
 Concurrent Refinement Workers: 8
 Periodic GC: Disabled

Heap:
 garbage-first heap   total 302080K, used 49895K [0x0000000084000000, 0x0000000100000000)
  region size 1024K, 2 young (2048K), 2 survivors (2048K)
 Metaspace       used 50279K, committed 51008K, reserved 1114112K
  class space    used 6369K, committed 6656K, reserved 1048576K

Heap Regions: E=young(eden), S=young(survivor), O=old, HS=humongous(starts), HC=humongous(continues), CS=collection set, F=free, TAMS=top-at-mark-start, PB=parsable bottom
|   0|0x0000000084000000, 0x00000000840fffd0, 0x0000000084100000| 99%| O|  |TAMS 0x0000000084000000| PB 0x0000000084000000| Untracked 
|   1|0x0000000084100000, 0x00000000841fffe0, 0x0000000084200000| 99%| O|  |TAMS 0x0000000084100000| PB 0x0000000084100000| Untracked 
|   2|0x0000000084200000, 0x0000000084300000, 0x0000000084300000|100%| O|  |TAMS 0x0000000084200000| PB 0x0000000084200000| Untracked 
|   3|0x0000000084300000, 0x0000000084400000, 0x0000000084400000|100%| O|  |TAMS 0x0000000084300000| PB 0x0000000084300000| Untracked 
|   4|0x0000000084400000, 0x00000000844fffc0, 0x0000000084500000| 99%| O|  |TAMS 0x0000000084400000| PB 0x0000000084400000| Untracked 
|   5|0x0000000084500000, 0x00000000845ffff0, 0x0000000084600000| 99%| O|  |TAMS 0x0000000084500000| PB 0x0000000084500000| Untracked 
|   6|0x0000000084600000, 0x0000000084700000, 0x0000000084700000|100%| O|  |TAMS 0x0000000084600000| PB 0x0000000084600000| Untracked 
|   7|0x0000000084700000, 0x00000000847fffe8, 0x0000000084800000| 99%| O|  |TAMS 0x0000000084700000| PB 0x0000000084700000| Untracked 
|   8|0x0000000084800000, 0x0000000084900000, 0x0000000084900000|100%| O|  |TAMS 0x0000000084800000| PB 0x0000000084800000| Untracked 
|   9|0x0000000084900000, 0x00000000849fffe0, 0x0000000084a00000| 99%| O|  |TAMS 0x0000000084900000| PB 0x0000000084900000| Untracked 
|  10|0x0000000084a00000, 0x0000000084afffc0, 0x0000000084b00000| 99%| O|  |TAMS 0x0000000084a00000| PB 0x0000000084a00000| Untracked 
|  11|0x0000000084b00000, 0x0000000084bffff8, 0x0000000084c00000| 99%| O|  |TAMS 0x0000000084b00000| PB 0x0000000084b00000| Untracked 
|  12|0x0000000084c00000, 0x0000000084d00000, 0x0000000084d00000|100%| O|  |TAMS 0x0000000084c00000| PB 0x0000000084c00000| Untracked 
|  13|0x0000000084d00000, 0x0000000084e00000, 0x0000000084e00000|100%| O|  |TAMS 0x0000000084d00000| PB 0x0000000084d00000| Untracked 
|  14|0x0000000084e00000, 0x0000000084f00000, 0x0000000084f00000|100%| O|  |TAMS 0x0000000084e00000| PB 0x0000000084e00000| Untracked 
|  15|0x0000000084f00000, 0x0000000084fffff8, 0x0000000085000000| 99%| O|  |TAMS 0x0000000084f00000| PB 0x0000000084f00000| Untracked 
|  16|0x0000000085000000, 0x0000000085100000, 0x0000000085100000|100%| O|  |TAMS 0x0000000085000000| PB 0x0000000085000000| Untracked 
|  17|0x0000000085100000, 0x0000000085200000, 0x0000000085200000|100%| O|  |TAMS 0x0000000085100000| PB 0x0000000085100000| Untracked 
|  18|0x0000000085200000, 0x0000000085300000, 0x0000000085300000|100%| O|  |TAMS 0x0000000085200000| PB 0x0000000085200000| Untracked 
|  19|0x0000000085300000, 0x0000000085400000, 0x0000000085400000|100%| O|  |TAMS 0x0000000085300000| PB 0x0000000085300000| Untracked 
|  20|0x0000000085400000, 0x0000000085500000, 0x0000000085500000|100%| O|  |TAMS 0x0000000085400000| PB 0x0000000085400000| Untracked 
|  21|0x0000000085500000, 0x0000000085600000, 0x0000000085600000|100%| O|  |TAMS 0x0000000085500000| PB 0x0000000085500000| Untracked 
|  22|0x0000000085600000, 0x0000000085700000, 0x0000000085700000|100%| O|  |TAMS 0x0000000085600000| PB 0x0000000085600000| Untracked 
|  23|0x0000000085700000, 0x0000000085800000, 0x0000000085800000|100%| O|  |TAMS 0x0000000085700000| PB 0x0000000085700000| Untracked 
|  24|0x0000000085800000, 0x0000000085900000, 0x0000000085900000|100%| O|  |TAMS 0x0000000085800000| PB 0x0000000085800000| Untracked 
|  25|0x0000000085900000, 0x0000000085a00000, 0x0000000085a00000|100%| O|  |TAMS 0x0000000085900000| PB 0x0000000085900000| Untracked 
|  26|0x0000000085a00000, 0x0000000085b00000, 0x0000000085b00000|100%| O|  |TAMS 0x0000000085a00000| PB 0x0000000085a00000| Untracked 
|  27|0x0000000085b00000, 0x0000000085c00000, 0x0000000085c00000|100%| O|  |TAMS 0x0000000085b00000| PB 0x0000000085b00000| Untracked 
|  28|0x0000000085c00000, 0x0000000085d00000, 0x0000000085d00000|100%| O|  |TAMS 0x0000000085c00000| PB 0x0000000085c00000| Untracked 
|  29|0x0000000085d00000, 0x0000000085e00000, 0x0000000085e00000|100%| O|  |TAMS 0x0000000085d00000| PB 0x0000000085d00000| Untracked 
|  30|0x0000000085e00000, 0x0000000085f00000, 0x0000000085f00000|100%| O|  |TAMS 0x0000000085e00000| PB 0x0000000085e00000| Untracked 
|  31|0x0000000085f00000, 0x0000000086000000, 0x0000000086000000|100%| O|  |TAMS 0x0000000085f00000| PB 0x0000000085f00000| Untracked 
|  32|0x0000000086000000, 0x0000000086100000, 0x0000000086100000|100%| O|  |TAMS 0x0000000086000000| PB 0x0000000086000000| Untracked 
|  33|0x0000000086100000, 0x0000000086200000, 0x0000000086200000|100%| O|  |TAMS 0x0000000086100000| PB 0x0000000086100000| Untracked 
|  34|0x0000000086200000, 0x0000000086300000, 0x0000000086300000|100%| O|  |TAMS 0x0000000086200000| PB 0x0000000086200000| Untracked 
|  35|0x0000000086300000, 0x0000000086400000, 0x0000000086400000|100%| O|  |TAMS 0x0000000086300000| PB 0x0000000086300000| Untracked 
|  36|0x0000000086400000, 0x0000000086500000, 0x0000000086500000|100%| O|  |TAMS 0x0000000086400000| PB 0x0000000086400000| Untracked 
|  37|0x0000000086500000, 0x0000000086600000, 0x0000000086600000|100%| O|  |TAMS 0x0000000086500000| PB 0x0000000086500000| Untracked 
|  38|0x0000000086600000, 0x0000000086700000, 0x0000000086700000|100%| O|  |TAMS 0x0000000086600000| PB 0x0000000086600000| Untracked 
|  39|0x0000000086700000, 0x0000000086800000, 0x0000000086800000|100%| O|  |TAMS 0x0000000086700000| PB 0x0000000086700000| Untracked 
|  40|0x0000000086800000, 0x0000000086900000, 0x0000000086900000|100%| O|  |TAMS 0x0000000086800000| PB 0x0000000086800000| Untracked 
|  41|0x0000000086900000, 0x0000000086a00000, 0x0000000086a00000|100%| O|  |TAMS 0x0000000086900000| PB 0x0000000086900000| Untracked 
|  42|0x0000000086a00000, 0x0000000086b00000, 0x0000000086b00000|100%| O|  |TAMS 0x0000000086a00000| PB 0x0000000086a00000| Untracked 
|  43|0x0000000086b00000, 0x0000000086c00000, 0x0000000086c00000|100%| O|  |TAMS 0x0000000086b00000| PB 0x0000000086b00000| Untracked 
|  44|0x0000000086c00000, 0x0000000086d00000, 0x0000000086d00000|100%| O|  |TAMS 0x0000000086c00000| PB 0x0000000086c00000| Untracked 
|  45|0x0000000086d00000, 0x0000000086e00000, 0x0000000086e00000|100%| O|  |TAMS 0x0000000086d00000| PB 0x0000000086d00000| Untracked 
|  46|0x0000000086e00000, 0x0000000086eb9d58, 0x0000000086f00000| 72%| O|  |TAMS 0x0000000086e00000| PB 0x0000000086e00000| Untracked 
|  47|0x0000000086f00000, 0x0000000086f00000, 0x0000000087000000|  0%| F|  |TAMS 0x0000000086f00000| PB 0x0000000086f00000| Untracked 
|  48|0x0000000087000000, 0x0000000087000000, 0x0000000087100000|  0%| F|  |TAMS 0x0000000087000000| PB 0x0000000087000000| Untracked 
|  49|0x0000000087100000, 0x0000000087100000, 0x0000000087200000|  0%| F|  |TAMS 0x0000000087100000| PB 0x0000000087100000| Untracked 
|  50|0x0000000087200000, 0x0000000087200000, 0x0000000087300000|  0%| F|  |TAMS 0x0000000087200000| PB 0x0000000087200000| Untracked 
|  51|0x0000000087300000, 0x0000000087300000, 0x0000000087400000|  0%| F|  |TAMS 0x0000000087300000| PB 0x0000000087300000| Untracked 
|  52|0x0000000087400000, 0x0000000087400000, 0x0000000087500000|  0%| F|  |TAMS 0x0000000087400000| PB 0x0000000087400000| Untracked 
|  53|0x0000000087500000, 0x0000000087500000, 0x0000000087600000|  0%| F|  |TAMS 0x0000000087500000| PB 0x0000000087500000| Untracked 
|  54|0x0000000087600000, 0x0000000087600000, 0x0000000087700000|  0%| F|  |TAMS 0x0000000087600000| PB 0x0000000087600000| Untracked 
|  55|0x0000000087700000, 0x0000000087700000, 0x0000000087800000|  0%| F|  |TAMS 0x0000000087700000| PB 0x0000000087700000| Untracked 
|  56|0x0000000087800000, 0x0000000087800000, 0x0000000087900000|  0%| F|  |TAMS 0x0000000087800000| PB 0x0000000087800000| Untracked 
|  57|0x0000000087900000, 0x0000000087900000, 0x0000000087a00000|  0%| F|  |TAMS 0x0000000087900000| PB 0x0000000087900000| Untracked 
|  58|0x0000000087a00000, 0x0000000087a00000, 0x0000000087b00000|  0%| F|  |TAMS 0x0000000087a00000| PB 0x0000000087a00000| Untracked 
|  59|0x0000000087b00000, 0x0000000087b00000, 0x0000000087c00000|  0%| F|  |TAMS 0x0000000087b00000| PB 0x0000000087b00000| Untracked 
|  60|0x0000000087c00000, 0x0000000087c00000, 0x0000000087d00000|  0%| F|  |TAMS 0x0000000087c00000| PB 0x0000000087c00000| Untracked 
|  61|0x0000000087d00000, 0x0000000087d00000, 0x0000000087e00000|  0%| F|  |TAMS 0x0000000087d00000| PB 0x0000000087d00000| Untracked 
|  62|0x0000000087e00000, 0x0000000087e00000, 0x0000000087f00000|  0%| F|  |TAMS 0x0000000087e00000| PB 0x0000000087e00000| Untracked 
|  63|0x0000000087f00000, 0x0000000087f00000, 0x0000000088000000|  0%| F|  |TAMS 0x0000000087f00000| PB 0x0000000087f00000| Untracked 
|  64|0x0000000088000000, 0x0000000088000000, 0x0000000088100000|  0%| F|  |TAMS 0x0000000088000000| PB 0x0000000088000000| Untracked 
|  65|0x0000000088100000, 0x0000000088100000, 0x0000000088200000|  0%| F|  |TAMS 0x0000000088100000| PB 0x0000000088100000| Untracked 
|  66|0x0000000088200000, 0x0000000088200000, 0x0000000088300000|  0%| F|  |TAMS 0x0000000088200000| PB 0x0000000088200000| Untracked 
|  67|0x0000000088300000, 0x0000000088300000, 0x0000000088400000|  0%| F|  |TAMS 0x0000000088300000| PB 0x0000000088300000| Untracked 
|  68|0x0000000088400000, 0x0000000088400000, 0x0000000088500000|  0%| F|  |TAMS 0x0000000088400000| PB 0x0000000088400000| Untracked 
|  69|0x0000000088500000, 0x0000000088500000, 0x0000000088600000|  0%| F|  |TAMS 0x0000000088500000| PB 0x0000000088500000| Untracked 
|  70|0x0000000088600000, 0x0000000088600000, 0x0000000088700000|  0%| F|  |TAMS 0x0000000088600000| PB 0x0000000088600000| Untracked 
|  71|0x0000000088700000, 0x0000000088700000, 0x0000000088800000|  0%| F|  |TAMS 0x0000000088700000| PB 0x0000000088700000| Untracked 
|  72|0x0000000088800000, 0x0000000088800000, 0x0000000088900000|  0%| F|  |TAMS 0x0000000088800000| PB 0x0000000088800000| Untracked 
|  73|0x0000000088900000, 0x0000000088900000, 0x0000000088a00000|  0%| F|  |TAMS 0x0000000088900000| PB 0x0000000088900000| Untracked 
|  74|0x0000000088a00000, 0x0000000088a00000, 0x0000000088b00000|  0%| F|  |TAMS 0x0000000088a00000| PB 0x0000000088a00000| Untracked 
|  75|0x0000000088b00000, 0x0000000088b00000, 0x0000000088c00000|  0%| F|  |TAMS 0x0000000088b00000| PB 0x0000000088b00000| Untracked 
|  76|0x0000000088c00000, 0x0000000088c00000, 0x0000000088d00000|  0%| F|  |TAMS 0x0000000088c00000| PB 0x0000000088c00000| Untracked 
|  77|0x0000000088d00000, 0x0000000088d00000, 0x0000000088e00000|  0%| F|  |TAMS 0x0000000088d00000| PB 0x0000000088d00000| Untracked 
|  78|0x0000000088e00000, 0x0000000088e00000, 0x0000000088f00000|  0%| F|  |TAMS 0x0000000088e00000| PB 0x0000000088e00000| Untracked 
|  79|0x0000000088f00000, 0x0000000088f00000, 0x0000000089000000|  0%| F|  |TAMS 0x0000000088f00000| PB 0x0000000088f00000| Untracked 
|  80|0x0000000089000000, 0x0000000089000000, 0x0000000089100000|  0%| F|  |TAMS 0x0000000089000000| PB 0x0000000089000000| Untracked 
|  81|0x0000000089100000, 0x0000000089100000, 0x0000000089200000|  0%| F|  |TAMS 0x0000000089100000| PB 0x0000000089100000| Untracked 
|  82|0x0000000089200000, 0x0000000089200000, 0x0000000089300000|  0%| F|  |TAMS 0x0000000089200000| PB 0x0000000089200000| Untracked 
|  83|0x0000000089300000, 0x0000000089300000, 0x0000000089400000|  0%| F|  |TAMS 0x0000000089300000| PB 0x0000000089300000| Untracked 
|  84|0x0000000089400000, 0x0000000089400000, 0x0000000089500000|  0%| F|  |TAMS 0x0000000089400000| PB 0x0000000089400000| Untracked 
|  85|0x0000000089500000, 0x0000000089500000, 0x0000000089600000|  0%| F|  |TAMS 0x0000000089500000| PB 0x0000000089500000| Untracked 
|  86|0x0000000089600000, 0x0000000089600000, 0x0000000089700000|  0%| F|  |TAMS 0x0000000089600000| PB 0x0000000089600000| Untracked 
|  87|0x0000000089700000, 0x0000000089700000, 0x0000000089800000|  0%| F|  |TAMS 0x0000000089700000| PB 0x0000000089700000| Untracked 
|  88|0x0000000089800000, 0x0000000089800000, 0x0000000089900000|  0%| F|  |TAMS 0x0000000089800000| PB 0x0000000089800000| Untracked 
|  89|0x0000000089900000, 0x0000000089900000, 0x0000000089a00000|  0%| F|  |TAMS 0x0000000089900000| PB 0x0000000089900000| Untracked 
|  90|0x0000000089a00000, 0x0000000089a00000, 0x0000000089b00000|  0%| F|  |TAMS 0x0000000089a00000| PB 0x0000000089a00000| Untracked 
|  91|0x0000000089b00000, 0x0000000089b00000, 0x0000000089c00000|  0%| F|  |TAMS 0x0000000089b00000| PB 0x0000000089b00000| Untracked 
|  92|0x0000000089c00000, 0x0000000089c00000, 0x0000000089d00000|  0%| F|  |TAMS 0x0000000089c00000| PB 0x0000000089c00000| Untracked 
|  93|0x0000000089d00000, 0x0000000089d00000, 0x0000000089e00000|  0%| F|  |TAMS 0x0000000089d00000| PB 0x0000000089d00000| Untracked 
|  94|0x0000000089e00000, 0x0000000089e00000, 0x0000000089f00000|  0%| F|  |TAMS 0x0000000089e00000| PB 0x0000000089e00000| Untracked 
|  95|0x0000000089f00000, 0x0000000089f00000, 0x000000008a000000|  0%| F|  |TAMS 0x0000000089f00000| PB 0x0000000089f00000| Untracked 
|  96|0x000000008a000000, 0x000000008a000000, 0x000000008a100000|  0%| F|  |TAMS 0x000000008a000000| PB 0x000000008a000000| Untracked 
|  97|0x000000008a100000, 0x000000008a100000, 0x000000008a200000|  0%| F|  |TAMS 0x000000008a100000| PB 0x000000008a100000| Untracked 
|  98|0x000000008a200000, 0x000000008a200000, 0x000000008a300000|  0%| F|  |TAMS 0x000000008a200000| PB 0x000000008a200000| Untracked 
|  99|0x000000008a300000, 0x000000008a300000, 0x000000008a400000|  0%| F|  |TAMS 0x000000008a300000| PB 0x000000008a300000| Untracked 
| 100|0x000000008a400000, 0x000000008a400000, 0x000000008a500000|  0%| F|  |TAMS 0x000000008a400000| PB 0x000000008a400000| Untracked 
| 101|0x000000008a500000, 0x000000008a500000, 0x000000008a600000|  0%| F|  |TAMS 0x000000008a500000| PB 0x000000008a500000| Untracked 
| 102|0x000000008a600000, 0x000000008a600000, 0x000000008a700000|  0%| F|  |TAMS 0x000000008a600000| PB 0x000000008a600000| Untracked 
| 103|0x000000008a700000, 0x000000008a700000, 0x000000008a800000|  0%| F|  |TAMS 0x000000008a700000| PB 0x000000008a700000| Untracked 
| 104|0x000000008a800000, 0x000000008a800000, 0x000000008a900000|  0%| F|  |TAMS 0x000000008a800000| PB 0x000000008a800000| Untracked 
| 105|0x000000008a900000, 0x000000008a900000, 0x000000008aa00000|  0%| F|  |TAMS 0x000000008a900000| PB 0x000000008a900000| Untracked 
| 106|0x000000008aa00000, 0x000000008aa00000, 0x000000008ab00000|  0%| F|  |TAMS 0x000000008aa00000| PB 0x000000008aa00000| Untracked 
| 107|0x000000008ab00000, 0x000000008ab00000, 0x000000008ac00000|  0%| F|  |TAMS 0x000000008ab00000| PB 0x000000008ab00000| Untracked 
| 108|0x000000008ac00000, 0x000000008ac00000, 0x000000008ad00000|  0%| F|  |TAMS 0x000000008ac00000| PB 0x000000008ac00000| Untracked 
| 109|0x000000008ad00000, 0x000000008ad00000, 0x000000008ae00000|  0%| F|  |TAMS 0x000000008ad00000| PB 0x000000008ad00000| Untracked 
| 110|0x000000008ae00000, 0x000000008ae00000, 0x000000008af00000|  0%| F|  |TAMS 0x000000008ae00000| PB 0x000000008ae00000| Untracked 
| 111|0x000000008af00000, 0x000000008af00000, 0x000000008b000000|  0%| F|  |TAMS 0x000000008af00000| PB 0x000000008af00000| Untracked 
| 112|0x000000008b000000, 0x000000008b000000, 0x000000008b100000|  0%| F|  |TAMS 0x000000008b000000| PB 0x000000008b000000| Untracked 
| 113|0x000000008b100000, 0x000000008b100000, 0x000000008b200000|  0%| F|  |TAMS 0x000000008b100000| PB 0x000000008b100000| Untracked 
| 114|0x000000008b200000, 0x000000008b200000, 0x000000008b300000|  0%| F|  |TAMS 0x000000008b200000| PB 0x000000008b200000| Untracked 
| 115|0x000000008b300000, 0x000000008b300000, 0x000000008b400000|  0%| F|  |TAMS 0x000000008b300000| PB 0x000000008b300000| Untracked 
| 116|0x000000008b400000, 0x000000008b400000, 0x000000008b500000|  0%| F|  |TAMS 0x000000008b400000| PB 0x000000008b400000| Untracked 
| 117|0x000000008b500000, 0x000000008b500000, 0x000000008b600000|  0%| F|  |TAMS 0x000000008b500000| PB 0x000000008b500000| Untracked 
| 118|0x000000008b600000, 0x000000008b600000, 0x000000008b700000|  0%| F|  |TAMS 0x000000008b600000| PB 0x000000008b600000| Untracked 
| 119|0x000000008b700000, 0x000000008b700000, 0x000000008b800000|  0%| F|  |TAMS 0x000000008b700000| PB 0x000000008b700000| Untracked 
| 120|0x000000008b800000, 0x000000008b800000, 0x000000008b900000|  0%| F|  |TAMS 0x000000008b800000| PB 0x000000008b800000| Untracked 
| 121|0x000000008b900000, 0x000000008b900000, 0x000000008ba00000|  0%| F|  |TAMS 0x000000008b900000| PB 0x000000008b900000| Untracked 
| 122|0x000000008ba00000, 0x000000008ba00000, 0x000000008bb00000|  0%| F|  |TAMS 0x000000008ba00000| PB 0x000000008ba00000| Untracked 
| 123|0x000000008bb00000, 0x000000008bb00000, 0x000000008bc00000|  0%| F|  |TAMS 0x000000008bb00000| PB 0x000000008bb00000| Untracked 
| 124|0x000000008bc00000, 0x000000008bc00000, 0x000000008bd00000|  0%| F|  |TAMS 0x000000008bc00000| PB 0x000000008bc00000| Untracked 
| 125|0x000000008bd00000, 0x000000008bd00000, 0x000000008be00000|  0%| F|  |TAMS 0x000000008bd00000| PB 0x000000008bd00000| Untracked 
| 126|0x000000008be00000, 0x000000008be00000, 0x000000008bf00000|  0%| F|  |TAMS 0x000000008be00000| PB 0x000000008be00000| Untracked 
| 127|0x000000008bf00000, 0x000000008bf00000, 0x000000008c000000|  0%| F|  |TAMS 0x000000008bf00000| PB 0x000000008bf00000| Untracked 
| 128|0x000000008c000000, 0x000000008c000000, 0x000000008c100000|  0%| F|  |TAMS 0x000000008c000000| PB 0x000000008c000000| Untracked 
| 129|0x000000008c100000, 0x000000008c100000, 0x000000008c200000|  0%| F|  |TAMS 0x000000008c100000| PB 0x000000008c100000| Untracked 
| 130|0x000000008c200000, 0x000000008c200000, 0x000000008c300000|  0%| F|  |TAMS 0x000000008c200000| PB 0x000000008c200000| Untracked 
| 131|0x000000008c300000, 0x000000008c300000, 0x000000008c400000|  0%| F|  |TAMS 0x000000008c300000| PB 0x000000008c300000| Untracked 
| 132|0x000000008c400000, 0x000000008c400000, 0x000000008c500000|  0%| F|  |TAMS 0x000000008c400000| PB 0x000000008c400000| Untracked 
| 133|0x000000008c500000, 0x000000008c500000, 0x000000008c600000|  0%| F|  |TAMS 0x000000008c500000| PB 0x000000008c500000| Untracked 
| 134|0x000000008c600000, 0x000000008c600000, 0x000000008c700000|  0%| F|  |TAMS 0x000000008c600000| PB 0x000000008c600000| Untracked 
| 135|0x000000008c700000, 0x000000008c700000, 0x000000008c800000|  0%| F|  |TAMS 0x000000008c700000| PB 0x000000008c700000| Untracked 
| 136|0x000000008c800000, 0x000000008c800000, 0x000000008c900000|  0%| F|  |TAMS 0x000000008c800000| PB 0x000000008c800000| Untracked 
| 137|0x000000008c900000, 0x000000008c900000, 0x000000008ca00000|  0%| F|  |TAMS 0x000000008c900000| PB 0x000000008c900000| Untracked 
| 138|0x000000008ca00000, 0x000000008ca00000, 0x000000008cb00000|  0%| F|  |TAMS 0x000000008ca00000| PB 0x000000008ca00000| Untracked 
| 139|0x000000008cb00000, 0x000000008cb00000, 0x000000008cc00000|  0%| F|  |TAMS 0x000000008cb00000| PB 0x000000008cb00000| Untracked 
| 140|0x000000008cc00000, 0x000000008cc00000, 0x000000008cd00000|  0%| F|  |TAMS 0x000000008cc00000| PB 0x000000008cc00000| Untracked 
| 141|0x000000008cd00000, 0x000000008cd00000, 0x000000008ce00000|  0%| F|  |TAMS 0x000000008cd00000| PB 0x000000008cd00000| Untracked 
| 142|0x000000008ce00000, 0x000000008ce00000, 0x000000008cf00000|  0%| F|  |TAMS 0x000000008ce00000| PB 0x000000008ce00000| Untracked 
| 143|0x000000008cf00000, 0x000000008cf00000, 0x000000008d000000|  0%| F|  |TAMS 0x000000008cf00000| PB 0x000000008cf00000| Untracked 
| 144|0x000000008d000000, 0x000000008d000000, 0x000000008d100000|  0%| F|  |TAMS 0x000000008d000000| PB 0x000000008d000000| Untracked 
| 145|0x000000008d100000, 0x000000008d100000, 0x000000008d200000|  0%| F|  |TAMS 0x000000008d100000| PB 0x000000008d100000| Untracked 
| 146|0x000000008d200000, 0x000000008d200000, 0x000000008d300000|  0%| F|  |TAMS 0x000000008d200000| PB 0x000000008d200000| Untracked 
| 147|0x000000008d300000, 0x000000008d300000, 0x000000008d400000|  0%| F|  |TAMS 0x000000008d300000| PB 0x000000008d300000| Untracked 
| 148|0x000000008d400000, 0x000000008d400000, 0x000000008d500000|  0%| F|  |TAMS 0x000000008d400000| PB 0x000000008d400000| Untracked 
| 149|0x000000008d500000, 0x000000008d500000, 0x000000008d600000|  0%| F|  |TAMS 0x000000008d500000| PB 0x000000008d500000| Untracked 
| 150|0x000000008d600000, 0x000000008d600000, 0x000000008d700000|  0%| F|  |TAMS 0x000000008d600000| PB 0x000000008d600000| Untracked 
| 151|0x000000008d700000, 0x000000008d700000, 0x000000008d800000|  0%| F|  |TAMS 0x000000008d700000| PB 0x000000008d700000| Untracked 
| 152|0x000000008d800000, 0x000000008d800000, 0x000000008d900000|  0%| F|  |TAMS 0x000000008d800000| PB 0x000000008d800000| Untracked 
| 153|0x000000008d900000, 0x000000008d900000, 0x000000008da00000|  0%| F|  |TAMS 0x000000008d900000| PB 0x000000008d900000| Untracked 
| 154|0x000000008da00000, 0x000000008da00000, 0x000000008db00000|  0%| F|  |TAMS 0x000000008da00000| PB 0x000000008da00000| Untracked 
| 155|0x000000008db00000, 0x000000008db00000, 0x000000008dc00000|  0%| F|  |TAMS 0x000000008db00000| PB 0x000000008db00000| Untracked 
| 156|0x000000008dc00000, 0x000000008dc00000, 0x000000008dd00000|  0%| F|  |TAMS 0x000000008dc00000| PB 0x000000008dc00000| Untracked 
| 157|0x000000008dd00000, 0x000000008dd00000, 0x000000008de00000|  0%| F|  |TAMS 0x000000008dd00000| PB 0x000000008dd00000| Untracked 
| 158|0x000000008de00000, 0x000000008de00000, 0x000000008df00000|  0%| F|  |TAMS 0x000000008de00000| PB 0x000000008de00000| Untracked 
| 159|0x000000008df00000, 0x000000008df00000, 0x000000008e000000|  0%| F|  |TAMS 0x000000008df00000| PB 0x000000008df00000| Untracked 
| 160|0x000000008e000000, 0x000000008e000000, 0x000000008e100000|  0%| F|  |TAMS 0x000000008e000000| PB 0x000000008e000000| Untracked 
| 161|0x000000008e100000, 0x000000008e100000, 0x000000008e200000|  0%| F|  |TAMS 0x000000008e100000| PB 0x000000008e100000| Untracked 
| 162|0x000000008e200000, 0x000000008e200000, 0x000000008e300000|  0%| F|  |TAMS 0x000000008e200000| PB 0x000000008e200000| Untracked 
| 163|0x000000008e300000, 0x000000008e300000, 0x000000008e400000|  0%| F|  |TAMS 0x000000008e300000| PB 0x000000008e300000| Untracked 
| 164|0x000000008e400000, 0x000000008e400000, 0x000000008e500000|  0%| F|  |TAMS 0x000000008e400000| PB 0x000000008e400000| Untracked 
| 165|0x000000008e500000, 0x000000008e500000, 0x000000008e600000|  0%| F|  |TAMS 0x000000008e500000| PB 0x000000008e500000| Untracked 
| 166|0x000000008e600000, 0x000000008e600000, 0x000000008e700000|  0%| F|  |TAMS 0x000000008e600000| PB 0x000000008e600000| Untracked 
| 167|0x000000008e700000, 0x000000008e700000, 0x000000008e800000|  0%| F|  |TAMS 0x000000008e700000| PB 0x000000008e700000| Untracked 
| 168|0x000000008e800000, 0x000000008e800000, 0x000000008e900000|  0%| F|  |TAMS 0x000000008e800000| PB 0x000000008e800000| Untracked 
| 169|0x000000008e900000, 0x000000008e900000, 0x000000008ea00000|  0%| F|  |TAMS 0x000000008e900000| PB 0x000000008e900000| Untracked 
| 170|0x000000008ea00000, 0x000000008ea00000, 0x000000008eb00000|  0%| F|  |TAMS 0x000000008ea00000| PB 0x000000008ea00000| Untracked 
| 171|0x000000008eb00000, 0x000000008eb00000, 0x000000008ec00000|  0%| F|  |TAMS 0x000000008eb00000| PB 0x000000008eb00000| Untracked 
| 172|0x000000008ec00000, 0x000000008ec00000, 0x000000008ed00000|  0%| F|  |TAMS 0x000000008ec00000| PB 0x000000008ec00000| Untracked 
| 173|0x000000008ed00000, 0x000000008ed00000, 0x000000008ee00000|  0%| F|  |TAMS 0x000000008ed00000| PB 0x000000008ed00000| Untracked 
| 174|0x000000008ee00000, 0x000000008ee00000, 0x000000008ef00000|  0%| F|  |TAMS 0x000000008ee00000| PB 0x000000008ee00000| Untracked 
| 175|0x000000008ef00000, 0x000000008ef00000, 0x000000008f000000|  0%| F|  |TAMS 0x000000008ef00000| PB 0x000000008ef00000| Untracked 
| 176|0x000000008f000000, 0x000000008f000000, 0x000000008f100000|  0%| F|  |TAMS 0x000000008f000000| PB 0x000000008f000000| Untracked 
| 177|0x000000008f100000, 0x000000008f100000, 0x000000008f200000|  0%| F|  |TAMS 0x000000008f100000| PB 0x000000008f100000| Untracked 
| 178|0x000000008f200000, 0x000000008f200000, 0x000000008f300000|  0%| F|  |TAMS 0x000000008f200000| PB 0x000000008f200000| Untracked 
| 179|0x000000008f300000, 0x000000008f300000, 0x000000008f400000|  0%| F|  |TAMS 0x000000008f300000| PB 0x000000008f300000| Untracked 
| 180|0x000000008f400000, 0x000000008f400000, 0x000000008f500000|  0%| F|  |TAMS 0x000000008f400000| PB 0x000000008f400000| Untracked 
| 181|0x000000008f500000, 0x000000008f500000, 0x000000008f600000|  0%| F|  |TAMS 0x000000008f500000| PB 0x000000008f500000| Untracked 
| 182|0x000000008f600000, 0x000000008f600000, 0x000000008f700000|  0%| F|  |TAMS 0x000000008f600000| PB 0x000000008f600000| Untracked 
| 183|0x000000008f700000, 0x000000008f700000, 0x000000008f800000|  0%| F|  |TAMS 0x000000008f700000| PB 0x000000008f700000| Untracked 
| 184|0x000000008f800000, 0x000000008f800000, 0x000000008f900000|  0%| F|  |TAMS 0x000000008f800000| PB 0x000000008f800000| Untracked 
| 185|0x000000008f900000, 0x000000008f900000, 0x000000008fa00000|  0%| F|  |TAMS 0x000000008f900000| PB 0x000000008f900000| Untracked 
| 186|0x000000008fa00000, 0x000000008fa00000, 0x000000008fb00000|  0%| F|  |TAMS 0x000000008fa00000| PB 0x000000008fa00000| Untracked 
| 187|0x000000008fb00000, 0x000000008fb00000, 0x000000008fc00000|  0%| F|  |TAMS 0x000000008fb00000| PB 0x000000008fb00000| Untracked 
| 188|0x000000008fc00000, 0x000000008fc00000, 0x000000008fd00000|  0%| F|  |TAMS 0x000000008fc00000| PB 0x000000008fc00000| Untracked 
| 189|0x000000008fd00000, 0x000000008fd00000, 0x000000008fe00000|  0%| F|  |TAMS 0x000000008fd00000| PB 0x000000008fd00000| Untracked 
| 190|0x000000008fe00000, 0x000000008fe00000, 0x000000008ff00000|  0%| F|  |TAMS 0x000000008fe00000| PB 0x000000008fe00000| Untracked 
| 191|0x000000008ff00000, 0x000000008ff00000, 0x0000000090000000|  0%| F|  |TAMS 0x000000008ff00000| PB 0x000000008ff00000| Untracked 
| 192|0x0000000090000000, 0x0000000090000000, 0x0000000090100000|  0%| F|  |TAMS 0x0000000090000000| PB 0x0000000090000000| Untracked 
| 193|0x0000000090100000, 0x0000000090100000, 0x0000000090200000|  0%| F|  |TAMS 0x0000000090100000| PB 0x0000000090100000| Untracked 
| 194|0x0000000090200000, 0x0000000090200000, 0x0000000090300000|  0%| F|  |TAMS 0x0000000090200000| PB 0x0000000090200000| Untracked 
| 195|0x0000000090300000, 0x0000000090300000, 0x0000000090400000|  0%| F|  |TAMS 0x0000000090300000| PB 0x0000000090300000| Untracked 
| 196|0x0000000090400000, 0x0000000090400000, 0x0000000090500000|  0%| F|  |TAMS 0x0000000090400000| PB 0x0000000090400000| Untracked 
| 197|0x0000000090500000, 0x0000000090500000, 0x0000000090600000|  0%| F|  |TAMS 0x0000000090500000| PB 0x0000000090500000| Untracked 
| 198|0x0000000090600000, 0x0000000090600000, 0x0000000090700000|  0%| F|  |TAMS 0x0000000090600000| PB 0x0000000090600000| Untracked 
| 199|0x0000000090700000, 0x0000000090700000, 0x0000000090800000|  0%| F|  |TAMS 0x0000000090700000| PB 0x0000000090700000| Untracked 
| 200|0x0000000090800000, 0x0000000090800000, 0x0000000090900000|  0%| F|  |TAMS 0x0000000090800000| PB 0x0000000090800000| Untracked 
| 201|0x0000000090900000, 0x0000000090900000, 0x0000000090a00000|  0%| F|  |TAMS 0x0000000090900000| PB 0x0000000090900000| Untracked 
| 202|0x0000000090a00000, 0x0000000090a00000, 0x0000000090b00000|  0%| F|  |TAMS 0x0000000090a00000| PB 0x0000000090a00000| Untracked 
| 203|0x0000000090b00000, 0x0000000090b00000, 0x0000000090c00000|  0%| F|  |TAMS 0x0000000090b00000| PB 0x0000000090b00000| Untracked 
| 204|0x0000000090c00000, 0x0000000090c00000, 0x0000000090d00000|  0%| F|  |TAMS 0x0000000090c00000| PB 0x0000000090c00000| Untracked 
| 205|0x0000000090d00000, 0x0000000090d00000, 0x0000000090e00000|  0%| F|  |TAMS 0x0000000090d00000| PB 0x0000000090d00000| Untracked 
| 206|0x0000000090e00000, 0x0000000090e00000, 0x0000000090f00000|  0%| F|  |TAMS 0x0000000090e00000| PB 0x0000000090e00000| Untracked 
| 207|0x0000000090f00000, 0x0000000090f00000, 0x0000000091000000|  0%| F|  |TAMS 0x0000000090f00000| PB 0x0000000090f00000| Untracked 
| 208|0x0000000091000000, 0x0000000091000000, 0x0000000091100000|  0%| F|  |TAMS 0x0000000091000000| PB 0x0000000091000000| Untracked 
| 209|0x0000000091100000, 0x0000000091100000, 0x0000000091200000|  0%| F|  |TAMS 0x0000000091100000| PB 0x0000000091100000| Untracked 
| 210|0x0000000091200000, 0x0000000091200000, 0x0000000091300000|  0%| F|  |TAMS 0x0000000091200000| PB 0x0000000091200000| Untracked 
| 211|0x0000000091300000, 0x0000000091300000, 0x0000000091400000|  0%| F|  |TAMS 0x0000000091300000| PB 0x0000000091300000| Untracked 
| 212|0x0000000091400000, 0x0000000091400000, 0x0000000091500000|  0%| F|  |TAMS 0x0000000091400000| PB 0x0000000091400000| Untracked 
| 213|0x0000000091500000, 0x0000000091500000, 0x0000000091600000|  0%| F|  |TAMS 0x0000000091500000| PB 0x0000000091500000| Untracked 
| 214|0x0000000091600000, 0x0000000091600000, 0x0000000091700000|  0%| F|  |TAMS 0x0000000091600000| PB 0x0000000091600000| Untracked 
| 215|0x0000000091700000, 0x0000000091700000, 0x0000000091800000|  0%| F|  |TAMS 0x0000000091700000| PB 0x0000000091700000| Untracked 
| 216|0x0000000091800000, 0x0000000091800000, 0x0000000091900000|  0%| F|  |TAMS 0x0000000091800000| PB 0x0000000091800000| Untracked 
| 217|0x0000000091900000, 0x0000000091900000, 0x0000000091a00000|  0%| F|  |TAMS 0x0000000091900000| PB 0x0000000091900000| Untracked 
| 218|0x0000000091a00000, 0x0000000091a00000, 0x0000000091b00000|  0%| F|  |TAMS 0x0000000091a00000| PB 0x0000000091a00000| Untracked 
| 219|0x0000000091b00000, 0x0000000091b00000, 0x0000000091c00000|  0%| F|  |TAMS 0x0000000091b00000| PB 0x0000000091b00000| Untracked 
| 220|0x0000000091c00000, 0x0000000091c00000, 0x0000000091d00000|  0%| F|  |TAMS 0x0000000091c00000| PB 0x0000000091c00000| Untracked 
| 221|0x0000000091d00000, 0x0000000091d00000, 0x0000000091e00000|  0%| F|  |TAMS 0x0000000091d00000| PB 0x0000000091d00000| Untracked 
| 222|0x0000000091e00000, 0x0000000091e00000, 0x0000000091f00000|  0%| F|  |TAMS 0x0000000091e00000| PB 0x0000000091e00000| Untracked 
| 223|0x0000000091f00000, 0x0000000091f00000, 0x0000000092000000|  0%| F|  |TAMS 0x0000000091f00000| PB 0x0000000091f00000| Untracked 
| 224|0x0000000092000000, 0x0000000092000000, 0x0000000092100000|  0%| F|  |TAMS 0x0000000092000000| PB 0x0000000092000000| Untracked 
| 225|0x0000000092100000, 0x0000000092100000, 0x0000000092200000|  0%| F|  |TAMS 0x0000000092100000| PB 0x0000000092100000| Untracked 
| 226|0x0000000092200000, 0x0000000092200000, 0x0000000092300000|  0%| F|  |TAMS 0x0000000092200000| PB 0x0000000092200000| Untracked 
| 227|0x0000000092300000, 0x0000000092300000, 0x0000000092400000|  0%| F|  |TAMS 0x0000000092300000| PB 0x0000000092300000| Untracked 
| 228|0x0000000092400000, 0x0000000092400000, 0x0000000092500000|  0%| F|  |TAMS 0x0000000092400000| PB 0x0000000092400000| Untracked 
| 229|0x0000000092500000, 0x0000000092500000, 0x0000000092600000|  0%| F|  |TAMS 0x0000000092500000| PB 0x0000000092500000| Untracked 
| 230|0x0000000092600000, 0x0000000092600000, 0x0000000092700000|  0%| F|  |TAMS 0x0000000092600000| PB 0x0000000092600000| Untracked 
| 231|0x0000000092700000, 0x0000000092700000, 0x0000000092800000|  0%| F|  |TAMS 0x0000000092700000| PB 0x0000000092700000| Untracked 
| 232|0x0000000092800000, 0x0000000092800000, 0x0000000092900000|  0%| F|  |TAMS 0x0000000092800000| PB 0x0000000092800000| Untracked 
| 233|0x0000000092900000, 0x0000000092900000, 0x0000000092a00000|  0%| F|  |TAMS 0x0000000092900000| PB 0x0000000092900000| Untracked 
| 234|0x0000000092a00000, 0x0000000092a00000, 0x0000000092b00000|  0%| F|  |TAMS 0x0000000092a00000| PB 0x0000000092a00000| Untracked 
| 235|0x0000000092b00000, 0x0000000092b00000, 0x0000000092c00000|  0%| F|  |TAMS 0x0000000092b00000| PB 0x0000000092b00000| Untracked 
| 236|0x0000000092c00000, 0x0000000092c00000, 0x0000000092d00000|  0%| F|  |TAMS 0x0000000092c00000| PB 0x0000000092c00000| Untracked 
| 237|0x0000000092d00000, 0x0000000092d00000, 0x0000000092e00000|  0%| F|  |TAMS 0x0000000092d00000| PB 0x0000000092d00000| Untracked 
| 238|0x0000000092e00000, 0x0000000092e00000, 0x0000000092f00000|  0%| F|  |TAMS 0x0000000092e00000| PB 0x0000000092e00000| Untracked 
| 239|0x0000000092f00000, 0x0000000092f00000, 0x0000000093000000|  0%| F|  |TAMS 0x0000000092f00000| PB 0x0000000092f00000| Untracked 
| 240|0x0000000093000000, 0x0000000093000000, 0x0000000093100000|  0%| F|  |TAMS 0x0000000093000000| PB 0x0000000093000000| Untracked 
| 241|0x0000000093100000, 0x0000000093100000, 0x0000000093200000|  0%| F|  |TAMS 0x0000000093100000| PB 0x0000000093100000| Untracked 
| 242|0x0000000093200000, 0x0000000093200000, 0x0000000093300000|  0%| F|  |TAMS 0x0000000093200000| PB 0x0000000093200000| Untracked 
| 243|0x0000000093300000, 0x0000000093300000, 0x0000000093400000|  0%| F|  |TAMS 0x0000000093300000| PB 0x0000000093300000| Untracked 
| 244|0x0000000093400000, 0x0000000093400000, 0x0000000093500000|  0%| F|  |TAMS 0x0000000093400000| PB 0x0000000093400000| Untracked 
| 245|0x0000000093500000, 0x0000000093500000, 0x0000000093600000|  0%| F|  |TAMS 0x0000000093500000| PB 0x0000000093500000| Untracked 
| 246|0x0000000093600000, 0x0000000093600000, 0x0000000093700000|  0%| F|  |TAMS 0x0000000093600000| PB 0x0000000093600000| Untracked 
| 247|0x0000000093700000, 0x0000000093700000, 0x0000000093800000|  0%| F|  |TAMS 0x0000000093700000| PB 0x0000000093700000| Untracked 
| 248|0x0000000093800000, 0x0000000093800000, 0x0000000093900000|  0%| F|  |TAMS 0x0000000093800000| PB 0x0000000093800000| Untracked 
| 249|0x0000000093900000, 0x0000000093900000, 0x0000000093a00000|  0%| F|  |TAMS 0x0000000093900000| PB 0x0000000093900000| Untracked 
| 250|0x0000000093a00000, 0x0000000093a00000, 0x0000000093b00000|  0%| F|  |TAMS 0x0000000093a00000| PB 0x0000000093a00000| Untracked 
| 251|0x0000000093b00000, 0x0000000093b00000, 0x0000000093c00000|  0%| F|  |TAMS 0x0000000093b00000| PB 0x0000000093b00000| Untracked 
| 252|0x0000000093c00000, 0x0000000093c00000, 0x0000000093d00000|  0%| F|  |TAMS 0x0000000093c00000| PB 0x0000000093c00000| Untracked 
| 253|0x0000000093d00000, 0x0000000093d00000, 0x0000000093e00000|  0%| F|  |TAMS 0x0000000093d00000| PB 0x0000000093d00000| Untracked 
| 254|0x0000000093e00000, 0x0000000093e00000, 0x0000000093f00000|  0%| F|  |TAMS 0x0000000093e00000| PB 0x0000000093e00000| Untracked 
| 255|0x0000000093f00000, 0x0000000093f00000, 0x0000000094000000|  0%| F|  |TAMS 0x0000000093f00000| PB 0x0000000093f00000| Untracked 
| 256|0x0000000094000000, 0x0000000094000000, 0x0000000094100000|  0%| F|  |TAMS 0x0000000094000000| PB 0x0000000094000000| Untracked 
| 257|0x0000000094100000, 0x0000000094100000, 0x0000000094200000|  0%| F|  |TAMS 0x0000000094100000| PB 0x0000000094100000| Untracked 
| 258|0x0000000094200000, 0x0000000094200000, 0x0000000094300000|  0%| F|  |TAMS 0x0000000094200000| PB 0x0000000094200000| Untracked 
| 259|0x0000000094300000, 0x0000000094300000, 0x0000000094400000|  0%| F|  |TAMS 0x0000000094300000| PB 0x0000000094300000| Untracked 
| 260|0x0000000094400000, 0x0000000094400000, 0x0000000094500000|  0%| F|  |TAMS 0x0000000094400000| PB 0x0000000094400000| Untracked 
| 261|0x0000000094500000, 0x0000000094500000, 0x0000000094600000|  0%| F|  |TAMS 0x0000000094500000| PB 0x0000000094500000| Untracked 
| 262|0x0000000094600000, 0x0000000094600000, 0x0000000094700000|  0%| F|  |TAMS 0x0000000094600000| PB 0x0000000094600000| Untracked 
| 263|0x0000000094700000, 0x0000000094700000, 0x0000000094800000|  0%| F|  |TAMS 0x0000000094700000| PB 0x0000000094700000| Untracked 
| 264|0x0000000094800000, 0x0000000094800000, 0x0000000094900000|  0%| F|  |TAMS 0x0000000094800000| PB 0x0000000094800000| Untracked 
| 265|0x0000000094900000, 0x0000000094900000, 0x0000000094a00000|  0%| F|  |TAMS 0x0000000094900000| PB 0x0000000094900000| Untracked 
| 266|0x0000000094a00000, 0x0000000094a00000, 0x0000000094b00000|  0%| F|  |TAMS 0x0000000094a00000| PB 0x0000000094a00000| Untracked 
| 267|0x0000000094b00000, 0x0000000094b00000, 0x0000000094c00000|  0%| F|  |TAMS 0x0000000094b00000| PB 0x0000000094b00000| Untracked 
| 268|0x0000000094c00000, 0x0000000094c00000, 0x0000000094d00000|  0%| F|  |TAMS 0x0000000094c00000| PB 0x0000000094c00000| Untracked 
| 269|0x0000000094d00000, 0x0000000094d00000, 0x0000000094e00000|  0%| F|  |TAMS 0x0000000094d00000| PB 0x0000000094d00000| Untracked 
| 270|0x0000000094e00000, 0x0000000094e00000, 0x0000000094f00000|  0%| F|  |TAMS 0x0000000094e00000| PB 0x0000000094e00000| Untracked 
| 271|0x0000000094f00000, 0x0000000094f00000, 0x0000000095000000|  0%| F|  |TAMS 0x0000000094f00000| PB 0x0000000094f00000| Untracked 
| 272|0x0000000095000000, 0x0000000095000000, 0x0000000095100000|  0%| F|  |TAMS 0x0000000095000000| PB 0x0000000095000000| Untracked 
| 273|0x0000000095100000, 0x0000000095100000, 0x0000000095200000|  0%| F|  |TAMS 0x0000000095100000| PB 0x0000000095100000| Untracked 
| 274|0x0000000095200000, 0x0000000095200000, 0x0000000095300000|  0%| F|  |TAMS 0x0000000095200000| PB 0x0000000095200000| Untracked 
| 275|0x0000000095300000, 0x0000000095300000, 0x0000000095400000|  0%| F|  |TAMS 0x0000000095300000| PB 0x0000000095300000| Untracked 
| 276|0x0000000095400000, 0x0000000095400000, 0x0000000095500000|  0%| F|  |TAMS 0x0000000095400000| PB 0x0000000095400000| Untracked 
| 277|0x0000000095500000, 0x0000000095500000, 0x0000000095600000|  0%| F|  |TAMS 0x0000000095500000| PB 0x0000000095500000| Untracked 
| 278|0x0000000095600000, 0x0000000095600000, 0x0000000095700000|  0%| F|  |TAMS 0x0000000095600000| PB 0x0000000095600000| Untracked 
| 279|0x0000000095700000, 0x0000000095800000, 0x0000000095800000|100%| S|CS|TAMS 0x0000000095700000| PB 0x0000000095700000| Complete 
| 280|0x0000000095800000, 0x0000000095800000, 0x0000000095900000|  0%| F|  |TAMS 0x0000000095800000| PB 0x0000000095800000| Untracked 
| 281|0x0000000095900000, 0x0000000095900000, 0x0000000095a00000|  0%| F|  |TAMS 0x0000000095900000| PB 0x0000000095900000| Untracked 
| 282|0x0000000095a00000, 0x0000000095b00000, 0x0000000095b00000|100%| S|CS|TAMS 0x0000000095a00000| PB 0x0000000095a00000| Complete 
| 283|0x0000000095b00000, 0x0000000095b00000, 0x0000000095c00000|  0%| F|  |TAMS 0x0000000095b00000| PB 0x0000000095b00000| Untracked 
| 284|0x0000000095c00000, 0x0000000095c00000, 0x0000000095d00000|  0%| F|  |TAMS 0x0000000095c00000| PB 0x0000000095c00000| Untracked 
| 285|0x0000000095d00000, 0x0000000095d00000, 0x0000000095e00000|  0%| F|  |TAMS 0x0000000095d00000| PB 0x0000000095d00000| Untracked 
| 286|0x0000000095e00000, 0x0000000095e00000, 0x0000000095f00000|  0%| F|  |TAMS 0x0000000095e00000| PB 0x0000000095e00000| Untracked 
| 287|0x0000000095f00000, 0x0000000095f00000, 0x0000000096000000|  0%| F|  |TAMS 0x0000000095f00000| PB 0x0000000095f00000| Untracked 
| 288|0x0000000096000000, 0x0000000096000000, 0x0000000096100000|  0%| F|  |TAMS 0x0000000096000000| PB 0x0000000096000000| Untracked 
| 289|0x0000000096100000, 0x0000000096100000, 0x0000000096200000|  0%| F|  |TAMS 0x0000000096100000| PB 0x0000000096100000| Untracked 
| 290|0x0000000096200000, 0x0000000096200000, 0x0000000096300000|  0%| F|  |TAMS 0x0000000096200000| PB 0x0000000096200000| Untracked 
| 291|0x0000000096300000, 0x0000000096300000, 0x0000000096400000|  0%| F|  |TAMS 0x0000000096300000| PB 0x0000000096300000| Untracked 
| 292|0x0000000096400000, 0x0000000096400000, 0x0000000096500000|  0%| F|  |TAMS 0x0000000096400000| PB 0x0000000096400000| Untracked 
| 293|0x0000000096500000, 0x0000000096500000, 0x0000000096600000|  0%| F|  |TAMS 0x0000000096500000| PB 0x0000000096500000| Untracked 
| 294|0x0000000096600000, 0x0000000096600000, 0x0000000096700000|  0%| F|  |TAMS 0x0000000096600000| PB 0x0000000096600000| Untracked 

Card table byte_map: [0x0000012eab670000,0x0000012eaba50000] _byte_map_base: 0x0000012eab250000

Marking Bits: (CMBitMap*) 0x0000012e9fad30e0
 Bits: [0x0000012eaba50000, 0x0000012ead950000)

Polling page: 0x0000012e9d840000

Metaspace:

Usage:
  Non-class:     42.88 MB used.
      Class:      6.22 MB used.
       Both:     49.10 MB used.

Virtual space:
  Non-class space:       64.00 MB reserved,      43.31 MB ( 68%) committed,  1 nodes.
      Class space:        1.00 GB reserved,       6.50 MB ( <1%) committed,  1 nodes.
             Both:        1.06 GB reserved,      49.81 MB (  5%) committed. 

Chunk freelists:
   Non-Class:  3.82 MB
       Class:  9.40 MB
        Both:  13.22 MB

MaxMetaspaceSize: unlimited
CompressedClassSpaceSize: 1.00 GB
Initial GC threshold: 21.00 MB
Current GC threshold: 82.94 MB
CDS: on
 - commit_granule_bytes: 65536.
 - commit_granule_words: 8192.
 - virtual_space_node_default_size: 8388608.
 - enlarge_chunks_in_place: 1.
 - use_allocation_guard: 0.


Internal statistics:

num_allocs_failed_limit: 3.
num_arena_births: 3650.
num_arena_deaths: 2754.
num_vsnodes_births: 2.
num_vsnodes_deaths: 0.
num_space_committed: 805.
num_space_uncommitted: 7.
num_chunks_returned_to_freelist: 4027.
num_chunks_taken_from_freelist: 7108.
num_chunk_merges: 673.
num_chunk_splits: 2921.
num_chunks_enlarged: 1779.
num_inconsistent_stats: 0.

CodeCache: size=49152Kb used=13890Kb max_used=20751Kb free=35261Kb
 bounds [0x0000012ea8180000, 0x0000012ea95d0000, 0x0000012eab180000]
 total_blobs=7009, nmethods=6352, adapters=580, full_count=0
Compilation: enabled, stopped_count=0, restarted_count=0

Compilation events (20 events):
Event: 9848.399 Thread 0x0000012eb038d820 66896   !   1       sun.net.spi.DefaultProxySelector$3::run (564 bytes)
Event: 9849.493 Thread 0x0000012eb038d820 nmethod 66896 0x0000012ea8c56c10 code [0x0000012ea8c57180, 0x0000012ea8c58e68]
Event: 9855.786 Thread 0x0000012eb038d820 66897       1       java.lang.Throwable::<init> (29 bytes)
Event: 9855.804 Thread 0x0000012eb038d820 nmethod 66897 0x0000012ea8c56790 code [0x0000012ea8c56940, 0x0000012ea8c56b60]
Event: 9877.053 Thread 0x0000012eb038d820 66898       1       org.springframework.util.ClassUtils::getShortName (8 bytes)
Event: 9877.054 Thread 0x0000012eb038d820 nmethod 66898 0x0000012ea8c56310 code [0x0000012ea8c564e0, 0x0000012ea8c56670]
Event: 9879.966 Thread 0x0000012eb038d820 66899       1       java.net.ProxySelector::getDefault (19 bytes)
Event: 9879.968 Thread 0x0000012eb038d820 nmethod 66899 0x0000012ea8c56010 code [0x0000012ea8c561a0, 0x0000012ea8c56250]
Event: 9879.968 Thread 0x0000012eb038d820 66900       1       sun.net.spi.DefaultProxySelector::select (280 bytes)
Event: 9880.056 Thread 0x0000012eb038d820 nmethod 66900 0x0000012ea8c54490 code [0x0000012ea8c54840, 0x0000012ea8c55748]
Event: 9880.261 Thread 0x0000012eb038d820 66902   !   1       java.net.Socket$SocketInputStream::read (56 bytes)
Event: 9880.274 Thread 0x0000012eb038d820 nmethod 66902 0x0000012ea8c53f10 code [0x0000012ea8c540e0, 0x0000012ea8c54358]
Event: 9880.274 Thread 0x0000012eb038d820 66903   !   1       sun.nio.ch.NioSocketImpl::beginRead (30 bytes)
Event: 9880.286 Thread 0x0000012eb038d820 nmethod 66903 0x0000012ea8c53990 code [0x0000012ea8c53b40, 0x0000012ea8c53d88]
Event: 9880.287 Thread 0x0000012eb038d820 66904   !   1       sun.nio.ch.NioSocketImpl::tryRead (87 bytes)
Event: 9880.295 Thread 0x0000012eb038d820 nmethod 66904 0x0000012ea8c53290 code [0x0000012ea8c53480, 0x0000012ea8c53718]
Event: 9882.015 Thread 0x0000012eb038d820 66905   !   1       sun.nio.ch.NioSocketImpl::endRead (58 bytes)
Event: 9882.016 Thread 0x0000012eb038d820 nmethod 66905 0x0000012ea8c52c10 code [0x0000012ea8c52de0, 0x0000012ea8c530b8]
Event: 9952.142 Thread 0x0000012eb038d820 66906   !   1       java.lang.Thread::exit (80 bytes)
Event: 9952.206 Thread 0x0000012eb038d820 nmethod 66906 0x0000012ea8c52590 code [0x0000012ea8c52780, 0x0000012ea8c52a10]

GC Heap History (20 events):
Event: 9936.091 GC heap after
{Heap after GC invocations=1053 (full 7):
 garbage-first heap   total 122880K, used 33339K [0x0000000084000000, 0x0000000100000000)
  region size 1024K, 4 young (4096K), 4 survivors (4096K)
 Metaspace       used 50279K, committed 51008K, reserved 1114112K
  class space    used 6369K, committed 6656K, reserved 1048576K
}
Event: 9949.631 GC heap before
{Heap before GC invocations=1053 (full 7):
 garbage-first heap   total 122880K, used 102971K [0x0000000084000000, 0x0000000100000000)
  region size 1024K, 72 young (73728K), 4 survivors (4096K)
 Metaspace       used 50279K, committed 51008K, reserved 1114112K
  class space    used 6369K, committed 6656K, reserved 1048576K
}
Event: 9949.813 GC heap after
{Heap after GC invocations=1054 (full 7):
 garbage-first heap   total 122880K, used 35573K [0x0000000084000000, 0x0000000100000000)
  region size 1024K, 6 young (6144K), 6 survivors (6144K)
 Metaspace       used 50279K, committed 51008K, reserved 1114112K
  class space    used 6369K, committed 6656K, reserved 1048576K
}
Event: 9967.230 GC heap before
{Heap before GC invocations=1054 (full 7):
 garbage-first heap   total 122880K, used 103157K [0x0000000084000000, 0x0000000100000000)
  region size 1024K, 72 young (73728K), 6 survivors (6144K)
 Metaspace       used 50279K, committed 51008K, reserved 1114112K
  class space    used 6369K, committed 6656K, reserved 1048576K
}
Event: 9967.236 GC heap after
{Heap after GC invocations=1055 (full 7):
 garbage-first heap   total 122880K, used 34234K [0x0000000084000000, 0x0000000100000000)
  region size 1024K, 4 young (4096K), 4 survivors (4096K)
 Metaspace       used 50279K, committed 51008K, reserved 1114112K
  class space    used 6369K, committed 6656K, reserved 1048576K
}
Event: 9979.242 GC heap before
{Heap before GC invocations=1055 (full 7):
 garbage-first heap   total 122880K, used 103866K [0x0000000084000000, 0x0000000100000000)
  region size 1024K, 72 young (73728K), 4 survivors (4096K)
 Metaspace       used 50279K, committed 51008K, reserved 1114112K
  class space    used 6369K, committed 6656K, reserved 1048576K
}
Event: 9979.419 GC heap after
{Heap after GC invocations=1056 (full 7):
 garbage-first heap   total 122880K, used 30926K [0x0000000084000000, 0x0000000100000000)
  region size 1024K, 1 young (1024K), 1 survivors (1024K)
 Metaspace       used 50279K, committed 51008K, reserved 1114112K
  class space    used 6369K, committed 6656K, reserved 1048576K
}
Event: 9994.463 GC heap before
{Heap before GC invocations=1056 (full 7):
 garbage-first heap   total 122880K, used 103630K [0x0000000084000000, 0x0000000100000000)
  region size 1024K, 72 young (73728K), 1 survivors (1024K)
 Metaspace       used 50279K, committed 51008K, reserved 1114112K
  class space    used 6369K, committed 6656K, reserved 1048576K
}
Event: 9996.284 GC heap after
{Heap after GC invocations=1057 (full 7):
 garbage-first heap   total 122880K, used 37114K [0x0000000084000000, 0x0000000100000000)
  region size 1024K, 7 young (7168K), 7 survivors (7168K)
 Metaspace       used 50279K, committed 51008K, reserved 1114112K
  class space    used 6369K, committed 6656K, reserved 1048576K
}
Event: 9996.800 GC heap before
{Heap before GC invocations=1057 (full 7):
 garbage-first heap   total 122880K, used 37114K [0x0000000084000000, 0x0000000100000000)
  region size 1024K, 8 young (8192K), 7 survivors (7168K)
 Metaspace       used 50279K, committed 51008K, reserved 1114112K
  class space    used 6369K, committed 6656K, reserved 1048576K
}
Event: 9998.105 GC heap after
{Heap after GC invocations=1058 (full 7):
 garbage-first heap   total 122880K, used 37434K [0x0000000084000000, 0x0000000100000000)
  region size 1024K, 1 young (1024K), 1 survivors (1024K)
 Metaspace       used 50279K, committed 51008K, reserved 1114112K
  class space    used 6369K, committed 6656K, reserved 1048576K
}
Event: 9998.221 GC heap before
{Heap before GC invocations=1058 (full 7):
 garbage-first heap   total 122880K, used 42554K [0x0000000084000000, 0x0000000100000000)
  region size 1024K, 6 young (6144K), 1 survivors (1024K)
 Metaspace       used 50279K, committed 51008K, reserved 1114112K
  class space    used 6369K, committed 6656K, reserved 1048576K
}
Event: 10000.097 GC heap after
{Heap after GC invocations=1059 (full 7):
 garbage-first heap   total 302080K, used 37214K [0x0000000084000000, 0x0000000100000000)
  region size 1024K, 1 young (1024K), 1 survivors (1024K)
 Metaspace       used 50279K, committed 51008K, reserved 1114112K
  class space    used 6369K, committed 6656K, reserved 1048576K
}
Event: 10002.466 GC heap before
{Heap before GC invocations=1059 (full 7):
 garbage-first heap   total 302080K, used 50526K [0x0000000084000000, 0x0000000100000000)
  region size 1024K, 14 young (14336K), 1 survivors (1024K)
 Metaspace       used 50279K, committed 51008K, reserved 1114112K
  class space    used 6369K, committed 6656K, reserved 1048576K
}
Event: 10002.662 GC heap after
{Heap after GC invocations=1060 (full 7):
 garbage-first heap   total 302080K, used 39105K [0x0000000084000000, 0x0000000100000000)
  region size 1024K, 2 young (2048K), 2 survivors (2048K)
 Metaspace       used 50279K, committed 51008K, reserved 1114112K
  class space    used 6369K, committed 6656K, reserved 1048576K
}
Event: 10004.086 GC heap before
{Heap before GC invocations=1060 (full 7):
 garbage-first heap   total 302080K, used 51393K [0x0000000084000000, 0x0000000100000000)
  region size 1024K, 14 young (14336K), 2 survivors (2048K)
 Metaspace       used 50279K, committed 51008K, reserved 1114112K
  class space    used 6369K, committed 6656K, reserved 1048576K
}
Event: 10004.923 GC heap after
{Heap after GC invocations=1061 (full 7):
 garbage-first heap   total 302080K, used 43438K [0x0000000084000000, 0x0000000100000000)
  region size 1024K, 2 young (2048K), 2 survivors (2048K)
 Metaspace       used 50279K, committed 51008K, reserved 1114112K
  class space    used 6369K, committed 6656K, reserved 1048576K
}
Event: 10006.502 GC heap before
{Heap before GC invocations=1061 (full 7):
 garbage-first heap   total 302080K, used 55726K [0x0000000084000000, 0x0000000100000000)
  region size 1024K, 14 young (14336K), 2 survivors (2048K)
 Metaspace       used 50279K, committed 51008K, reserved 1114112K
  class space    used 6369K, committed 6656K, reserved 1048576K
}
Event: 10006.630 GC heap after
{Heap after GC invocations=1062 (full 7):
 garbage-first heap   total 302080K, used 45699K [0x0000000084000000, 0x0000000100000000)
  region size 1024K, 2 young (2048K), 2 survivors (2048K)
 Metaspace       used 50279K, committed 51008K, reserved 1114112K
  class space    used 6369K, committed 6656K, reserved 1048576K
}
Event: 10008.003 GC heap before
{Heap before GC invocations=1062 (full 7):
 garbage-first heap   total 302080K, used 57987K [0x0000000084000000, 0x0000000100000000)
  region size 1024K, 14 young (14336K), 2 survivors (2048K)
 Metaspace       used 50279K, committed 51008K, reserved 1114112K
  class space    used 6369K, committed 6656K, reserved 1048576K
}

Dll operation events (10 events):
Event: 0.038 Loaded shared library C:\Users\Glymin Terra Selasi\AppData\Roaming\Trae\User\globalStorage\pleiades.java-extension-pack-jdk\java\21\bin\java.dll
Event: 0.422 Loaded shared library C:\Users\Glymin Terra Selasi\AppData\Roaming\Trae\User\globalStorage\pleiades.java-extension-pack-jdk\java\21\bin\net.dll
Event: 0.429 Loaded shared library C:\Users\Glymin Terra Selasi\AppData\Roaming\Trae\User\globalStorage\pleiades.java-extension-pack-jdk\java\21\bin\nio.dll
Event: 0.444 Loaded shared library C:\Users\Glymin Terra Selasi\AppData\Roaming\Trae\User\globalStorage\pleiades.java-extension-pack-jdk\java\21\bin\zip.dll
Event: 1.561 Loaded shared library C:\Users\Glymin Terra Selasi\AppData\Roaming\Trae\User\globalStorage\pleiades.java-extension-pack-jdk\java\21\bin\jimage.dll
Event: 5.973 Loaded shared library C:\Users\Glymin Terra Selasi\AppData\Roaming\Trae\User\globalStorage\pleiades.java-extension-pack-jdk\java\21\bin\management.dll
Event: 6.145 Loaded shared library C:\Users\Glymin Terra Selasi\AppData\Roaming\Trae\User\globalStorage\pleiades.java-extension-pack-jdk\java\21\bin\management_ext.dll
Event: 9.155 Loaded shared library C:\Users\Glymin Terra Selasi\AppData\Roaming\Trae\User\globalStorage\pleiades.java-extension-pack-jdk\java\21\bin\sunmscapi.dll
Event: 27.327 Loaded shared library C:\Users\Glymin Terra Selasi\AppData\Roaming\Trae\User\globalStorage\pleiades.java-extension-pack-jdk\java\21\bin\extnet.dll
Event: 80.500 Loaded shared library C:\Users\Glymin Terra Selasi\AppData\Roaming\Trae\User\globalStorage\pleiades.java-extension-pack-jdk\java\21\bin\verify.dll

Deoptimization events (10 events):
Event: 22.118 Thread 0x0000012eb0af0580 DEOPT PACKING pc=0x0000012ea873dfc1 sp=0x0000000b603fdb80
Event: 22.118 Thread 0x0000012eb0af0580 DEOPT UNPACKING pc=0x0000012ea81d86e2 sp=0x0000000b603fd088 mode 3
Event: 22.119 Thread 0x0000012eb0af0580 DEOPT PACKING pc=0x0000012ea873378a sp=0x0000000b603fdb40
Event: 22.119 Thread 0x0000012eb0af0580 DEOPT UNPACKING pc=0x0000012ea81d86e2 sp=0x0000000b603fd088 mode 3
Event: 75.032 Thread 0x0000012ef652b180 DEOPT PACKING pc=0x0000012ea8bca0ec sp=0x0000000b60cfb170
Event: 75.033 Thread 0x0000012ef652b180 DEOPT UNPACKING pc=0x0000012ea81d86e2 sp=0x0000000b60cfa6f0 mode 0
Event: 75.035 Thread 0x0000012ef652b180 DEOPT PACKING pc=0x0000012ea8bc9f9c sp=0x0000000b60cfb2d0
Event: 75.035 Thread 0x0000012ef652b180 DEOPT UNPACKING pc=0x0000012ea81d86e2 sp=0x0000000b60cfa840 mode 0
Event: 1409.901 Thread 0x0000012ef6d16340 DEOPT PACKING pc=0x0000012ea82d5936 sp=0x0000000b61cfb3a0
Event: 1409.903 Thread 0x0000012ef6d16340 DEOPT UNPACKING pc=0x0000012ea81d86e2 sp=0x0000000b61cfa828 mode 3

Classes loaded (20 events):
Event: 1918.752 Loading class java/lang/ObjectCustomizer
Event: 1918.752 Loading class java/lang/ObjectCustomizer done
Event: 1918.753 Loading class java/lang/ObjectCustomizer
Event: 1918.754 Loading class java/lang/ObjectCustomizer done
Event: 1920.692 Loading class java/io/SerializableBeanInfo
Event: 1920.692 Loading class java/io/SerializableBeanInfo done
Event: 1920.694 Loading class java/io/SerializableBeanInfo
Event: 1920.694 Loading class java/io/SerializableBeanInfo done
Event: 1920.694 Loading class java/io/SerializableCustomizer
Event: 1920.694 Loading class java/io/SerializableCustomizer done
Event: 1920.695 Loading class java/io/SerializableCustomizer
Event: 1920.695 Loading class java/io/SerializableCustomizer done
Event: 3345.802 Loading class java/net/URLEncoder
Event: 3345.808 Loading class java/net/URLEncoder done
Event: 6292.525 Loading class java/lang/userInfo
Event: 6292.540 Loading class java/lang/userInfo done
Event: 6293.140 Loading class java/lang/userInfo
Event: 6293.140 Loading class java/lang/userInfo done
Event: 9054.437 Loading class sun/net/ConnectionResetException
Event: 9054.471 Loading class sun/net/ConnectionResetException done

Classes unloaded (20 events):
Event: 3816.047 Thread 0x0000012eb03634e0 Unloading class 0x0000012eb2601400 'java/lang/invoke/LambdaForm$MH+0x0000012eb2601400'
Event: 3816.048 Thread 0x0000012eb03634e0 Unloading class 0x0000012eb25e1000 'java/lang/invoke/LambdaForm$MH+0x0000012eb25e1000'
Event: 3816.048 Thread 0x0000012eb03634e0 Unloading class 0x0000012eb260c000 'java/lang/invoke/LambdaForm$MH+0x0000012eb260c000'
Event: 3816.049 Thread 0x0000012eb03634e0 Unloading class 0x0000012eb2628400 'java/lang/invoke/LambdaForm$MH+0x0000012eb2628400'
Event: 6458.540 Thread 0x0000012eb03634e0 Unloading class 0x0000012eb260c000 'java/lang/invoke/LambdaForm$MH+0x0000012eb260c000'
Event: 6458.540 Thread 0x0000012eb03634e0 Unloading class 0x0000012eb25e1000 'java/lang/invoke/LambdaForm$MH+0x0000012eb25e1000'
Event: 6458.540 Thread 0x0000012eb03634e0 Unloading class 0x0000012eb23a8800 'java/lang/invoke/LambdaForm$MH+0x0000012eb23a8800'
Event: 6494.500 Thread 0x0000012eb03634e0 Unloading class 0x0000012eb25cec00 'java/lang/invoke/LambdaForm$MH+0x0000012eb25cec00'
Event: 6494.500 Thread 0x0000012eb03634e0 Unloading class 0x0000012eb2622c00 'java/lang/invoke/LambdaForm$MH+0x0000012eb2622c00'
Event: 6494.500 Thread 0x0000012eb03634e0 Unloading class 0x0000012eb2637c00 'java/lang/invoke/LambdaForm$MH+0x0000012eb2637c00'
Event: 6494.500 Thread 0x0000012eb03634e0 Unloading class 0x0000012eb25ce000 'java/lang/invoke/LambdaForm$MH+0x0000012eb25ce000'
Event: 6494.500 Thread 0x0000012eb03634e0 Unloading class 0x0000012eb2481800 'java/lang/invoke/LambdaForm$MH+0x0000012eb2481800'
Event: 6494.500 Thread 0x0000012eb03634e0 Unloading class 0x0000012eb248cc00 'java/lang/invoke/LambdaForm$MH+0x0000012eb248cc00'
Event: 6494.500 Thread 0x0000012eb03634e0 Unloading class 0x0000012eb2628400 'java/lang/invoke/LambdaForm$MH+0x0000012eb2628400'
Event: 6494.500 Thread 0x0000012eb03634e0 Unloading class 0x0000012eb2601400 'java/lang/invoke/LambdaForm$MH+0x0000012eb2601400'
Event: 6494.500 Thread 0x0000012eb03634e0 Unloading class 0x0000012eb22acc00 'java/lang/invoke/LambdaForm$MH+0x0000012eb22acc00'
Event: 6494.500 Thread 0x0000012eb03634e0 Unloading class 0x0000012eb2089000 'java/lang/invoke/LambdaForm$MH+0x0000012eb2089000'
Event: 6602.558 Thread 0x0000012eb03634e0 Unloading class 0x0000012eb25cec00 'java/lang/invoke/LambdaForm$MH+0x0000012eb25cec00'
Event: 9078.095 Thread 0x0000012eb03634e0 Unloading class 0x0000012eb25ce000 'java/lang/invoke/LambdaForm$MH+0x0000012eb25ce000'
Event: 9078.095 Thread 0x0000012eb03634e0 Unloading class 0x0000012eb2637c00 'java/lang/invoke/LambdaForm$MH+0x0000012eb2637c00'

Classes redefined (0 events):
No events

Internal exceptions (20 events):
Event: 9879.388 Thread 0x0000012ef6d11480 Exception <a 'java/lang/NoClassDefFoundError'{0x0000000088009510}: javax/xml/bind/PropertyException> (0x0000000088009510) 
thrown [s\src\hotspot\share\classfile\systemDictionary.cpp, line 301]
Event: 9879.410 Thread 0x0000012ef6d11480 Exception <a 'java/lang/NoClassDefFoundError'{0x0000000088012dc0}: javax/xml/bind/PropertyException> (0x0000000088012dc0) 
thrown [s\src\hotspot\share\classfile\systemDictionary.cpp, line 301]
Event: 9879.412 Thread 0x0000012ef6d11480 Exception <a 'java/lang/NoClassDefFoundError'{0x000000008801c6a0}: javax/xml/bind/PropertyException> (0x000000008801c6a0) 
thrown [s\src\hotspot\share\classfile\systemDictionary.cpp, line 301]
Event: 9879.546 Thread 0x0000012ef7d1b7d0 Exception <a 'java/lang/NoClassDefFoundError'{0x00000000880088a0}: javax/activation/DataSource> (0x00000000880088a0) 
thrown [s\src\hotspot\share\classfile\systemDictionary.cpp, line 301]
Event: 9879.560 Thread 0x0000012ef6d11480 Exception <a 'java/lang/NoClassDefFoundError'{0x00000000880bb8e8}: javax/xml/bind/PropertyException> (0x00000000880bb8e8) 
thrown [s\src\hotspot\share\classfile\systemDictionary.cpp, line 301]
Event: 9879.576 Thread 0x0000012ef6d11480 Exception <a 'java/lang/NoClassDefFoundError'{0x00000000880c51c0}: javax/xml/bind/PropertyException> (0x00000000880c51c0) 
thrown [s\src\hotspot\share\classfile\systemDictionary.cpp, line 301]
Event: 9879.579 Thread 0x0000012ef6d11480 Exception <a 'java/lang/NoClassDefFoundError'{0x00000000880cea78}: javax/xml/bind/PropertyException> (0x00000000880cea78) 
thrown [s\src\hotspot\share\classfile\systemDictionary.cpp, line 301]
Event: 9879.679 Thread 0x0000012ef6d11480 Exception <a 'java/lang/NoClassDefFoundError'{0x00000000880d8350}: javax/xml/bind/PropertyException> (0x00000000880d8350) 
thrown [s\src\hotspot\share\classfile\systemDictionary.cpp, line 301]
Event: 9879.689 Thread 0x0000012ef7d1b7d0 Exception <a 'java/lang/NoClassDefFoundError'{0x00000000880dd3c8}: javax/mail/MessagingException> (0x00000000880dd3c8) 
thrown [s\src\hotspot\share\classfile\systemDictionary.cpp, line 301]
Event: 9879.712 Thread 0x0000012ef7d1b7d0 Exception <a 'java/lang/NoClassDefFoundError'{0x00000000880e6cb8}: javax/xml/bind/PropertyException> (0x00000000880e6cb8) 
thrown [s\src\hotspot\share\classfile\systemDictionary.cpp, line 301]
Event: 9879.836 Thread 0x0000012ef6d11480 Exception <a 'java/lang/NoClassDefFoundError'{0x0000000087f4c4b8}: javax/xml/bind/PropertyException> (0x0000000087f4c4b8) 
thrown [s\src\hotspot\share\classfile\systemDictionary.cpp, line 301]
Event: 9879.839 Thread 0x0000012ef6d11480 Exception <a 'java/lang/NoClassDefFoundError'{0x0000000087f55d98}: javax/xml/bind/PropertyException> (0x0000000087f55d98) 
thrown [s\src\hotspot\share\classfile\systemDictionary.cpp, line 301]
Event: 9879.912 Thread 0x0000012ef7d1b7d0 Exception <a 'java/lang/NoClassDefFoundError'{0x0000000087f87860}: javax/xml/bind/PropertyException> (0x0000000087f87860) 
thrown [s\src\hotspot\share\classfile\systemDictionary.cpp, line 301]
Event: 9879.932 Thread 0x0000012ef7d1b7d0 Exception <a 'java/lang/NoClassDefFoundError'{0x0000000087f91170}: javax/xml/bind/PropertyException> (0x0000000087f91170) 
thrown [s\src\hotspot\share\classfile\systemDictionary.cpp, line 301]
Event: 9879.936 Thread 0x0000012ef7d1b7d0 Exception <a 'java/lang/NoClassDefFoundError'{0x0000000087f9aa38}: javax/xml/bind/PropertyException> (0x0000000087f9aa38) 
thrown [s\src\hotspot\share\classfile\systemDictionary.cpp, line 301]
Event: 9879.938 Thread 0x0000012ef7d1b7d0 Exception <a 'java/lang/NoClassDefFoundError'{0x0000000087fb6170}: javax/xml/bind/PropertyException> (0x0000000087fb6170) 
thrown [s\src\hotspot\share\classfile\systemDictionary.cpp, line 301]
Event: 9879.965 Thread 0x0000012ef7d1b7d0 Exception <a 'java/lang/NoClassDefFoundError'{0x0000000087e89f88}: javax/xml/bind/PropertyException> (0x0000000087e89f88) 
thrown [s\src\hotspot\share\classfile\systemDictionary.cpp, line 301]
Event: 9879.969 Thread 0x0000012ef7d1b7d0 Exception <a 'java/lang/NoClassDefFoundError'{0x0000000087e9c7b8}: javax/xml/bind/PropertyException> (0x0000000087e9c7b8) 
thrown [s\src\hotspot\share\classfile\systemDictionary.cpp, line 301]
Event: 9880.000 Thread 0x0000012ef7d1b7d0 Exception <a 'java/lang/NoClassDefFoundError'{0x0000000087ea6068}: javax/xml/bind/PropertyException> (0x0000000087ea6068) 
thrown [s\src\hotspot\share\classfile\systemDictionary.cpp, line 301]
Event: 9880.006 Thread 0x0000012ef7d1b7d0 Exception <a 'java/lang/NoClassDefFoundError'{0x0000000087eaf998}: javax/xml/bind/PropertyException> (0x0000000087eaf998) 
thrown [s\src\hotspot\share\classfile\systemDictionary.cpp, line 301]

ZGC Phase Switch (0 events):
No events

VM Operations (20 events):
Event: 9936.091 Executing VM operation: G1CollectForAllocation (G1 Evacuation Pause) done
Event: 9949.452 Executing VM operation: G1CollectForAllocation (G1 Evacuation Pause)
Event: 9949.814 Executing VM operation: G1CollectForAllocation (G1 Evacuation Pause) done
Event: 9967.230 Executing VM operation: G1CollectForAllocation (G1 Evacuation Pause)
Event: 9967.236 Executing VM operation: G1CollectForAllocation (G1 Evacuation Pause) done
Event: 9979.242 Executing VM operation: G1CollectForAllocation (G1 Evacuation Pause)
Event: 9979.419 Executing VM operation: G1CollectForAllocation (G1 Evacuation Pause) done
Event: 9993.923 Executing VM operation: G1CollectForAllocation (G1 Evacuation Pause)
Event: 9996.584 Executing VM operation: G1CollectForAllocation (G1 Evacuation Pause) done
Event: 9996.609 Executing VM operation: G1CollectForAllocation (G1 Evacuation Pause)
Event: 9998.143 Executing VM operation: G1CollectForAllocation (G1 Evacuation Pause) done
Event: 9998.180 Executing VM operation: G1CollectForAllocation (G1 Evacuation Pause)
Event: 10000.097 Executing VM operation: G1CollectForAllocation (G1 Evacuation Pause) done
Event: 10002.465 Executing VM operation: G1CollectForAllocation (G1 Evacuation Pause)
Event: 10002.662 Executing VM operation: G1CollectForAllocation (G1 Evacuation Pause) done
Event: 10004.086 Executing VM operation: G1CollectForAllocation (G1 Evacuation Pause)
Event: 10004.923 Executing VM operation: G1CollectForAllocation (G1 Evacuation Pause) done
Event: 10006.502 Executing VM operation: G1CollectForAllocation (G1 Evacuation Pause)
Event: 10006.630 Executing VM operation: G1CollectForAllocation (G1 Evacuation Pause) done
Event: 10008.003 Executing VM operation: G1CollectForAllocation (G1 Evacuation Pause)

Memory protections (0 events):
No events

Nmethod flushes (20 events):
Event: 6602.762 Thread 0x0000012eb03634e0 flushing  nmethod 0x0000012ea8944310
Event: 6602.762 Thread 0x0000012eb03634e0 flushing  nmethod 0x0000012ea89fd110
Event: 6602.762 Thread 0x0000012eb03634e0 flushing  nmethod 0x0000012ea89fff90
Event: 6602.762 Thread 0x0000012eb03634e0 flushing  nmethod 0x0000012ea8a02810
Event: 6602.762 Thread 0x0000012eb03634e0 flushing  nmethod 0x0000012ea8a02b10
Event: 6602.762 Thread 0x0000012eb03634e0 flushing  nmethod 0x0000012ea8a03790
Event: 6602.762 Thread 0x0000012eb03634e0 flushing  nmethod 0x0000012ea8b2a890
Event: 6602.762 Thread 0x0000012eb03634e0 flushing  nmethod 0x0000012ea8b2bc90
Event: 6602.762 Thread 0x0000012eb03634e0 flushing  nmethod 0x0000012ea8ce6e10
Event: 6602.763 Thread 0x0000012eb03634e0 flushing  nmethod 0x0000012ea8ce7390
Event: 6602.763 Thread 0x0000012eb03634e0 flushing  nmethod 0x0000012ea8ce8910
Event: 6602.763 Thread 0x0000012eb03634e0 flushing  nmethod 0x0000012ea8ce9790
Event: 6602.763 Thread 0x0000012eb03634e0 flushing  nmethod 0x0000012ea8f4cd10
Event: 6602.763 Thread 0x0000012eb03634e0 flushing  nmethod 0x0000012ea8f4e110
Event: 6602.763 Thread 0x0000012eb03634e0 flushing  nmethod 0x0000012ea90eca10
Event: 6602.763 Thread 0x0000012eb03634e0 flushing  nmethod 0x0000012ea90ed390
Event: 6602.763 Thread 0x0000012eb03634e0 flushing  nmethod 0x0000012ea90ed810
Event: 6602.763 Thread 0x0000012eb03634e0 flushing  nmethod 0x0000012ea90edc90
Event: 6602.763 Thread 0x0000012eb03634e0 flushing  nmethod 0x0000012ea90ee010
Event: 6602.763 Thread 0x0000012eb03634e0 flushing  nmethod 0x0000012ea90eea10

Events (20 events):
Event: 9432.127 Thread 0x0000012ef7ee9850 Thread exited: 0x0000012ef7ee9850
Event: 9435.361 Thread 0x0000012eb038d820 Thread added: 0x0000012ef7ee9180
Event: 9440.505 Thread 0x0000012ef7ee9180 Thread exited: 0x0000012ef7ee9180
Event: 9502.842 Thread 0x0000012ef7d15560 Thread exited: 0x0000012ef7d15560
Event: 9589.103 Thread 0x0000012ef7d1b7d0 Thread added: 0x0000012ef7d16280
Event: 9607.102 Thread 0x0000012eb038d820 Thread added: 0x0000012ef7ee9180
Event: 9612.127 Thread 0x0000012ef7ee9180 Thread exited: 0x0000012ef7ee9180
Event: 9637.050 Thread 0x0000012eb038d820 Thread added: 0x0000012ef7ee83e0
Event: 9637.051 Thread 0x0000012eb038d820 Thread added: 0x0000012ef7ee68a0
Event: 9637.700 Thread 0x0000012ef7ee68a0 Thread exited: 0x0000012ef7ee68a0
Event: 9637.700 Thread 0x0000012ef7ee83e0 Thread exited: 0x0000012ef7ee83e0
Event: 9727.032 Thread 0x0000012eb038d820 Thread added: 0x0000012ef7ee83e0
Event: 9727.036 Thread 0x0000012eb038d820 Thread added: 0x0000012ef7ee68a0
Event: 9727.039 Thread 0x0000012eb038d820 Thread added: 0x0000012ef7ee9180
Event: 9732.117 Thread 0x0000012ef7ee9180 Thread exited: 0x0000012ef7ee9180
Event: 9732.118 Thread 0x0000012ef7ee68a0 Thread exited: 0x0000012ef7ee68a0
Event: 9737.126 Thread 0x0000012ef7ee83e0 Thread exited: 0x0000012ef7ee83e0
Event: 9788.057 Thread 0x0000012eb038d820 Thread added: 0x0000012ef7ee68a0
Event: 9793.114 Thread 0x0000012ef7ee68a0 Thread exited: 0x0000012ef7ee68a0
Event: 9952.144 Thread 0x0000012ef7d16280 Thread exited: 0x0000012ef7d16280


Dynamic libraries:
0x00007ff60e1d0000 - 0x00007ff60e1de000 	C:\Users\Glymin Terra Selasi\AppData\Roaming\Trae\User\globalStorage\pleiades.java-extension-pack-jdk\java\21\bin\java.exe
0x00007ff930a80000 - 0x00007ff930ce8000 	C:\WINDOWS\SYSTEM32\ntdll.dll
0x00007ff92f350000 - 0x00007ff92f419000 	C:\WINDOWS\System32\KERNEL32.DLL
0x00007ff92e2d0000 - 0x00007ff92e6c2000 	C:\WINDOWS\System32\KERNELBASE.dll
0x00007ff92dc10000 - 0x00007ff92dd5b000 	C:\WINDOWS\System32\ucrtbase.dll
0x00007ff880570000 - 0x00007ff880588000 	C:\Users\Glymin Terra Selasi\AppData\Roaming\Trae\User\globalStorage\pleiades.java-extension-pack-jdk\java\21\bin\jli.dll
0x00007ff92e890000 - 0x00007ff92ea55000 	C:\WINDOWS\System32\USER32.dll
0x00007ff92dd60000 - 0x00007ff92dd87000 	C:\WINDOWS\System32\win32u.dll
0x00007ff930950000 - 0x00007ff93097b000 	C:\WINDOWS\System32\GDI32.dll
0x00007ff92dd90000 - 0x00007ff92debd000 	C:\WINDOWS\System32\gdi32full.dll
0x00007ff92e190000 - 0x00007ff92e233000 	C:\WINDOWS\System32\msvcp_win.dll
0x00007ff880590000 - 0x00007ff8805ae000 	C:\Users\Glymin Terra Selasi\AppData\Roaming\Trae\User\globalStorage\pleiades.java-extension-pack-jdk\java\21\bin\VCRUNTIME140.dll
0x00007ff91bac0000 - 0x00007ff91bd53000 	C:\WINDOWS\WinSxS\amd64_microsoft.windows.common-controls_6595b64144ccf1df_6.0.26100.6899_none_3e0efeeae32e88c1\COMCTL32.dll
0x00007ff930060000 - 0x00007ff930109000 	C:\WINDOWS\System32\msvcrt.dll
0x00007ff92e850000 - 0x00007ff92e87f000 	C:\WINDOWS\System32\IMM32.DLL
0x00007ff928e90000 - 0x00007ff928e9c000 	C:\Users\Glymin Terra Selasi\AppData\Roaming\Trae\User\globalStorage\pleiades.java-extension-pack-jdk\java\21\bin\vcruntime140_1.dll
0x00007ff8804e0000 - 0x00007ff88056d000 	C:\Users\Glymin Terra Selasi\AppData\Roaming\Trae\User\globalStorage\pleiades.java-extension-pack-jdk\java\21\bin\msvcp140.dll
0x00007ff879ad0000 - 0x00007ff87a870000 	C:\Users\Glymin Terra Selasi\AppData\Roaming\Trae\User\globalStorage\pleiades.java-extension-pack-jdk\java\21\bin\server\jvm.dll
0x00007ff930980000 - 0x00007ff930a34000 	C:\WINDOWS\System32\ADVAPI32.dll
0x00007ff9305c0000 - 0x00007ff930666000 	C:\WINDOWS\System32\sechost.dll
0x00007ff92ee10000 - 0x00007ff92ef28000 	C:\WINDOWS\System32\RPCRT4.dll
0x00007ff9304c0000 - 0x00007ff930534000 	C:\WINDOWS\System32\WS2_32.dll
0x00007ff92da70000 - 0x00007ff92dace000 	C:\WINDOWS\SYSTEM32\POWRPROF.dll
0x00007ff9236c0000 - 0x00007ff9236f5000 	C:\WINDOWS\SYSTEM32\WINMM.dll
0x00007ff927d20000 - 0x00007ff927d2b000 	C:\WINDOWS\SYSTEM32\VERSION.dll
0x00007ff92da50000 - 0x00007ff92da64000 	C:\WINDOWS\SYSTEM32\UMPDC.dll
0x00007ff92c9e0000 - 0x00007ff92c9fb000 	C:\WINDOWS\SYSTEM32\kernel.appcore.dll
0x00007ff8eba10000 - 0x00007ff8eba1a000 	C:\Users\Glymin Terra Selasi\AppData\Roaming\Trae\User\globalStorage\pleiades.java-extension-pack-jdk\java\21\bin\jimage.dll
0x00007ff92b2c0000 - 0x00007ff92b502000 	C:\WINDOWS\SYSTEM32\DBGHELP.DLL
0x00007ff92ea60000 - 0x00007ff92eddb000 	C:\WINDOWS\System32\combase.dll
0x00007ff930120000 - 0x00007ff9301f7000 	C:\WINDOWS\System32\OLEAUT32.dll
0x00007ff8f6fa0000 - 0x00007ff8f6fdc000 	C:\WINDOWS\SYSTEM32\dbgcore.DLL
0x00007ff92dec0000 - 0x00007ff92df58000 	C:\WINDOWS\System32\bcryptPrimitives.dll
0x00007ff8804c0000 - 0x00007ff8804e0000 	C:\Users\Glymin Terra Selasi\AppData\Roaming\Trae\User\globalStorage\pleiades.java-extension-pack-jdk\java\21\bin\java.dll
0x00007ff92f470000 - 0x00007ff92fbbd000 	C:\WINDOWS\System32\SHELL32.dll
0x00007ff92e020000 - 0x00007ff92e18b000 	C:\WINDOWS\System32\wintypes.dll
0x00007ff92b830000 - 0x00007ff92c08d000 	C:\WINDOWS\SYSTEM32\windows.storage.dll
0x00007ff930850000 - 0x00007ff930942000 	C:\WINDOWS\System32\SHCORE.dll
0x00007ff92f2e0000 - 0x00007ff92f342000 	C:\WINDOWS\System32\shlwapi.dll
0x00007ff92db30000 - 0x00007ff92db59000 	C:\WINDOWS\SYSTEM32\profapi.dll
0x00007ff8eb2b0000 - 0x00007ff8eb2c0000 	C:\Users\Glymin Terra Selasi\AppData\Roaming\Trae\User\globalStorage\pleiades.java-extension-pack-jdk\java\21\bin\net.dll
0x00007ff927dc0000 - 0x00007ff927edf000 	C:\WINDOWS\SYSTEM32\WINHTTP.dll
0x00007ff92cf50000 - 0x00007ff92cfbb000 	C:\WINDOWS\system32\mswsock.dll
0x00007ff8803c0000 - 0x00007ff8803d6000 	C:\Users\Glymin Terra Selasi\AppData\Roaming\Trae\User\globalStorage\pleiades.java-extension-pack-jdk\java\21\bin\nio.dll
0x00007ff880290000 - 0x00007ff8802a8000 	C:\Users\Glymin Terra Selasi\AppData\Roaming\Trae\User\globalStorage\pleiades.java-extension-pack-jdk\java\21\bin\zip.dll
0x00007ff8e61a0000 - 0x00007ff8e61aa000 	C:\Users\Glymin Terra Selasi\AppData\Roaming\Trae\User\globalStorage\pleiades.java-extension-pack-jdk\java\21\bin\management.dll
0x00007ff8e6190000 - 0x00007ff8e619c000 	C:\Users\Glymin Terra Selasi\AppData\Roaming\Trae\User\globalStorage\pleiades.java-extension-pack-jdk\java\21\bin\management_ext.dll
0x00007ff930110000 - 0x00007ff930118000 	C:\WINDOWS\System32\PSAPI.DLL
0x00007ff8e2850000 - 0x00007ff8e285e000 	C:\Users\Glymin Terra Selasi\AppData\Roaming\Trae\User\globalStorage\pleiades.java-extension-pack-jdk\java\21\bin\sunmscapi.dll
0x00007ff92e6d0000 - 0x00007ff92e847000 	C:\WINDOWS\System32\CRYPT32.dll
0x00007ff92d420000 - 0x00007ff92d450000 	C:\WINDOWS\SYSTEM32\ncrypt.dll
0x00007ff92d3d0000 - 0x00007ff92d40f000 	C:\WINDOWS\SYSTEM32\NTASN1.dll
0x00007ff92d200000 - 0x00007ff92d21b000 	C:\WINDOWS\SYSTEM32\CRYPTSP.dll
0x00007ff92c940000 - 0x00007ff92c97b000 	C:\WINDOWS\system32\rsaenh.dll
0x00007ff92cff0000 - 0x00007ff92d01b000 	C:\WINDOWS\SYSTEM32\USERENV.dll
0x00007ff92db00000 - 0x00007ff92db26000 	C:\WINDOWS\SYSTEM32\bcrypt.dll
0x00007ff92d220000 - 0x00007ff92d22c000 	C:\WINDOWS\SYSTEM32\CRYPTBASE.dll
0x00007ff92c400000 - 0x00007ff92c434000 	C:\WINDOWS\SYSTEM32\IPHLPAPI.DLL
0x00007ff930440000 - 0x00007ff93044a000 	C:\WINDOWS\System32\NSI.dll
0x00007ff8e0c60000 - 0x00007ff8e0c69000 	C:\Users\Glymin Terra Selasi\AppData\Roaming\Trae\User\globalStorage\pleiades.java-extension-pack-jdk\java\21\bin\extnet.dll
0x00007ff8b59b0000 - 0x00007ff8b59b8000 	C:\WINDOWS\system32\wshunix.dll
0x00007ff8e2860000 - 0x00007ff8e2870000 	C:\Users\Glymin Terra Selasi\AppData\Roaming\Trae\User\globalStorage\pleiades.java-extension-pack-jdk\java\21\bin\verify.dll
0x00007ff92c4a0000 - 0x00007ff92c5c6000 	C:\WINDOWS\SYSTEM32\DNSAPI.dll
0x00007ff927d10000 - 0x00007ff927d1b000 	C:\Windows\System32\rasadhlp.dll
0x00007ff928870000 - 0x00007ff9288f6000 	C:\WINDOWS\System32\fwpuclnt.dll
0x00007ff909240000 - 0x00007ff909420000 	C:\WINDOWS\system32\urlmon.dll
0x00007ff9056a0000 - 0x00007ff905965000 	C:\WINDOWS\SYSTEM32\iertutil.dll
0x00007ff905aa0000 - 0x00007ff905ac9000 	C:\WINDOWS\SYSTEM32\srvcli.dll
0x00007ff92c310000 - 0x00007ff92c31d000 	C:\WINDOWS\SYSTEM32\netutils.dll

JVMTI agents: none

dbghelp: loaded successfully - version: 4.0.5 - missing functions: none
symbol engine: initialized successfully - sym options: 0x614 - pdb path: .;C:\Users\Glymin Terra Selasi\AppData\Roaming\Trae\User\globalStorage\pleiades.java-extension-pack-jdk\java\21\bin;C:\WINDOWS\SYSTEM32;C:\WINDOWS\WinSxS\amd64_microsoft.windows.common-controls_6595b64144ccf1df_6.0.26100.6899_none_3e0efeeae32e88c1;C:\Users\Glymin Terra Selasi\AppData\Roaming\Trae\User\globalStorage\pleiades.java-extension-pack-jdk\java\21\bin\server

VM Arguments:
jvm_args: -Dstdout.encoding=UTF-8 -Dstderr.encoding=UTF-8 -XX:TieredStopAtLevel=1 
java_command: com.mit.ticket_mgt_app.TicketMgtAppApplication
java_class_path (initial): C:\Users\Glymin Terra Selasi\tickets_main\ticket_mgt\target\classes;C:\Users\Glymin Terra Selasi\.m2\repository\ch\qos\logback\logback-classic\1.4.14\logback-classic-1.4.14.jar;C:\Users\Glymin Terra Selasi\.m2\repository\ch\qos\logback\logback-core\1.4.14\logback-core-1.4.14.jar;C:\Users\Glymin Terra Selasi\.m2\repository\org\apache\logging\log4j\log4j-to-slf4j\2.21.1\log4j-to-slf4j-2.21.1.jar;C:\Users\Glymin Terra Selasi\.m2\repository\org\apache\logging\log4j\log4j-api\2.21.1\log4j-api-2.21.1.jar;C:\Users\Glymin Terra Selasi\.m2\repository\org\slf4j\jul-to-slf4j\2.0.11\jul-to-slf4j-2.0.11.jar;C:\Users\Glymin Terra Selasi\.m2\repository\jakarta\annotation\jakarta.annotation-api\2.1.1\jakarta.annotation-api-2.1.1.jar;C:\Users\Glymin Terra Selasi\.m2\repository\org\yaml\snakeyaml\2.2\snakeyaml-2.2.jar;C:\Users\Glymin Terra Selasi\.m2\repository\org\apache\tomcat\embed\tomcat-embed-websocket\10.1.18\tomcat-embed-websocket-10.1.18.jar;C:\Users\Glymin Terra Selasi\.m2\repository\org\springframework\spring-web\6.1.3\spring-web-6.1.3.jar;C:\Users\Glymin Terra Selasi\.m2\repository\org\springframework\spring-beans\6.1.3\spring-beans-6.1.3.jar;C:\Users\Glymin Terra Selasi\.m2\repository\io\micrometer\micrometer-observation\1.12.2\micrometer-observation-1.12.2.jar;C:\Users\Glymin Terra Selasi\.m2\repository\io\micrometer\micrometer-commons\1.12.2\micrometer-commons-1.12.2.jar;C:\Users\Glymin Terra Selasi\.m2\repository\org\springframework\spring-webmvc\6.1.3\spring-webmvc-6.1.3.jar;C:\Users\Glymin Terra Selasi\.m2\repository\org\springframework\spring-aop\6.1.3\spring-aop-6.1.3.jar;C:\Users\Glymin Terra Selasi\.m2\repository\org\springframework\spring-context\6.1.3\spring-context-6.1.3.jar;C:\Users\Glymin Terra Selasi\.m2\repository\org\springframework\spring-expression\6.1.3\spring-expression-6.1.3.jar;C:\Users\Glymin Terra Selasi\.m2\repository\jakarta\activation\jakarta.activation-api\2.1.2\jakarta.activation-api-2.1.2.jar;C:\Users\Glymin Terra Selasi\.m2\repository\org\springframework\spring-core\6.1.3\spring-core-6.1.3.jar;C:\Users\Glymin Terra Selasi\.m2\repository\org\springframework\spring-jcl\6.1.3\spring-jcl-6.1.3.jar;C:\Users\Glymin Terra Selasi\.m2\repository\org\springframework\boot\spring-boot-devtools\3.2.2\spring-boot-devtools-3.2.2.jar;C:\Users\Glymin Terra Selasi\.m2\repository\org\springframework\boot\spring-boot\3.2.2\spring-boot-3.2.2.jar;C:\Users\Glymin Terra Selasi\.m2\repository\org\springframework\boot\spring-boot-autoconfigure\3.2.2\spring-boot-autoconfigure-3.2.2.jar;C:\Users\Glymin Terra Selasi\.m2\repository\com\fasterxml\jackson\datatype\jackson-datatype-jdk8\2.15.3\jackson-datatype-jdk8-2.15.3.jar;C:\Users\Glymin Terra Selasi\.m2\repository\com\fasterxml\jackson\datatype\jackson-datatype-jsr310\2.15.3\jackson-datatype-jsr310-2.15.3.jar;C:\Users\Glymin Terra Selasi\.m2\repository\com\fasterxml\jackson\module\jackson-module-parameter-names\2.15.3\jackson-module-parameter-names-2.15.3.jar;C:\Users\Glymin Terra Selasi\.m2\repository\com\fasterxml\jackson\core\jackson-databind\2.15.3\jackson-databind-2.15.3.jar;C:\Users\Glymin Terra Selasi\.m2\repository\com\fasterxml\jackson\core\jackson-annotations\2.15.3\jackson-annotations-2.15.3.jar;C:\Users\Glymin Terra Selasi\.m2\repository\com\fasterxml\jackson\core\jackson-core\2.15.3\jackson-core-2.15.3.jar;C:\Users\Glymin Terra Selasi\.m2\repository\jakarta\servlet\jsp\jstl\jakarta.servlet.jsp.jstl-api\3.0.0\jakarta.servlet.jsp.jstl-api-3.0.0.jar;C:\Users\Glymin Terra Selasi\.m2\repository\jakarta\servlet\jakarta.servlet-api\6.0.0\jakarta.servlet-api-6.0.0.jar;C:\Users\Glymin Terra Selasi\.m2\repository\jakarta\el\jakarta.el-api\5.0.0\jakarta.el-api-5.0.0.jar;C:\Users\Glymin Terra Selasi\.m2\repository\org\glassfish\web\jakarta.servlet.jsp.jstl\3.0.1\jakarta.servlet.jsp.jstl-3.0.1.jar;C:\Users\Glymin Terra Selasi\.m2\repository\org\apache\tomcat\embed\tomcat-embed-jasper\10.1.18\tomcat-embed-jasper-10.1.18.jar;C:\Users\Glymin Terra Selasi\.m2\repository\org\apache\tomcat\embed\tomcat-embed-core\10.1.18\tomcat-embed-core-10.1.18.jar;C:\Users\Glymin Terra Selasi\.m2\repository\org\apache\tomcat\tomcat-annotations-api\10.1.18\tomcat-annotations-api-10.1.18.jar;C:\Users\Glymin Terra Selasi\.m2\repository\org\apache\tomcat\embed\tomcat-embed-el\10.1.18\tomcat-embed-el-10.1.18.jar;C:\Users\Glymin Terra Selasi\.m2\repository\org\eclipse\jdt\ecj\3.33.0\ecj-3.33.0.jar;C:\Users\Glymin Terra Selasi\.m2\repository\org\codehaus\jettison\jettison\1.5.4\jettison-1.5.4.jar;C:\Users\Glymin Terra Selasi\.m2\repository\com\sun\jersey\jersey-client\1.19.4\jersey-client-1.19.4.jar;C:\Users\Glymin Terra Selasi\.m2\repository\com\sun\jersey\jersey-core\1.19.4\jersey-core-1.19.4.jar;C:\Users\Glymin Terra Selasi\.m2\repository\javax\ws\rs\jsr311-api\1.1.1\jsr311-api-1.1.1.jar;C:\Users\Glymin Terra Selasi\.m2\repository\org\apache\httpcomponents\httpclient\4.5.13\httpclient-4.5.13.jar;C:\Users\Glymin Terra Selasi\.m2\repository\org\apache\httpcomponents\httpcore\4.4.16\httpcore-4.4.16.jar;C:\Users\Glymin Terra Selasi\.m2\repository\commons-logging\commons-logging\1.2\commons-logging-1.2.jar;C:\Users\Glymin Terra Selasi\.m2\repository\commons-codec\commons-codec\1.16.0\commons-codec-1.16.0.jar;C:\Users\Glymin Terra Selasi\.m2\repository\org\apache\httpcomponents\httpmime\4.5.13\httpmime-4.5.13.jar;C:\Users\Glymin Terra Selasi\.m2\repository\com\google\code\gson\gson\2.10.1\gson-2.10.1.jar;C:\Users\Glymin Terra Selasi\.m2\repository\com\vividsolutions\jts-core\1.14.0\jts-core-1.14.0.jar;C:\Users\Glymin Terra Selasi\.m2\repository\com\vividsolutions\jts-io\1.14.0\jts-io-1.14.0.jar;C:\Users\Glymin Terra Selasi\.m2\repository\com\googlecode\json-simple\json-simple\1.1\json-simple-1.1.jar;C:\Users\Glymin Terra Selasi\.m2\repository\org\slf4j\slf4j-api\2.0.7\slf4j-api-2.0.7.jar;C:\Users\Glymin Terra Selasi\.m2\repository\io\github\cdimascio\dotenv-java\3.0.0\dotenv-java-3.0.0.jar;C:\Users\Glymin Terra Selasi\.m2\repository\org\springframework\spring-context-support\6.1.3\spring-context-support-6.1.3.jar;C:\Users\Glymin Terra Selasi\.m2\repository\org\eclipse\angus\jakarta.mail\2.0.2\jakarta.mail-2.0.2.jar;C:\Users\Glymin Terra Selasi\.m2\repository\org\eclipse\angus\angus-activation\2.0.1\angus-activation-2.0.1.jar;C:\Users\Glymin Terra Selasi\.m2\repository\com\zaxxer\HikariCP\5.0.1\HikariCP-5.0.1.jar;C:\Users\Glymin Terra Selasi\.m2\repository\org\springframework\spring-jdbc\6.1.3\spring-jdbc-6.1.3.jar;C:\Users\Glymin Terra Selasi\.m2\repository\org\springframework\spring-tx\6.1.3\spring-tx-6.1.3.jar;C:\Users\Glymin Terra Selasi\.m2\repository\com\h2database\h2\2.2.224\h2-2.2.224.jar
Launcher Type: SUN_STANDARD

[Global flags]
     intx CICompilerCount                          = 4                                         {product} {ergonomic}
     uint ConcGCThreads                            = 2                                         {product} {ergonomic}
     uint G1ConcRefinementThreads                  = 8                                         {product} {ergonomic}
   size_t G1HeapRegionSize                         = 1048576                                   {product} {ergonomic}
    uintx GCDrainStackTargetSize                   = 64                                        {product} {ergonomic}
   size_t InitialHeapSize                          = 130023424                                 {product} {ergonomic}
   size_t MarkStackSize                            = 4194304                                   {product} {ergonomic}
   size_t MaxHeapSize                              = 2080374784                                {product} {ergonomic}
   size_t MaxNewSize                               = 1247805440                                {product} {ergonomic}
   size_t MinHeapDeltaBytes                        = 1048576                                   {product} {ergonomic}
   size_t MinHeapSize                              = 8388608                                   {product} {ergonomic}
    uintx NonNMethodCodeHeapSize                   = 4096                                   {pd product} {ergonomic}
    uintx NonProfiledCodeHeapSize                  = 0                                      {pd product} {ergonomic}
     bool ProfileInterpreter                       = false                                  {pd product} {command line}
    uintx ProfiledCodeHeapSize                     = 0                                      {pd product} {ergonomic}
   size_t SoftMaxHeapSize                          = 2080374784                             {manageable} {ergonomic}
     intx TieredStopAtLevel                        = 1                                         {product} {command line}
     bool UseCompressedOops                        = true                           {product lp64_product} {ergonomic}
     bool UseG1GC                                  = true                                      {product} {ergonomic}
     bool UseLargePagesIndividualAllocation        = false                                  {pd product} {ergonomic}

Logging:
Log output configuration:
 #0: stdout all=warning uptime,level,tags foldmultilines=false
 #1: stderr all=off uptime,level,tags foldmultilines=false

Release file:
IMPLEMENTOR="Eclipse Adoptium" 
IMPLEMENTOR_VERSION="Temurin-21.0.10+7" 
JAVA_RUNTIME_VERSION="21.0.10+7-LTS" 
JAVA_VERSION="21.0.10" 
JAVA_VERSION_DATE="2026-01-20" 
LIBC="default" 
MODULES="java.base java.compiler java.datatransfer java.xml java.prefs java.desktop java.instrument java.logging java.management java.security.sasl java.naming java.rmi java.management.rmi java.net.http java.scripting java.security.jgss java.transaction.xa java.sql java.sql.rowset java.xml.crypto java.se java.smartcardio jdk.accessibility jdk.internal.jvmstat jdk.attach jdk.charsets jdk.internal.opt jdk.zipfs jdk.compiler jdk.crypto.ec jdk.crypto.cryptoki jdk.crypto.mscapi jdk.dynalink jdk.internal.ed jdk.editpad jdk.hotspot.agent jdk.httpserver jdk.incubator.vector jdk.internal.le jdk.internal.vm.ci jdk.internal.vm.compiler jdk.internal.vm.compiler.management jdk.jartool jdk.javadoc jdk.jcmd jdk.management jdk.management.agent jdk.jconsole jdk.jdeps jdk.jdwp.agent jdk.jdi jdk.jfr jdk.jlink jdk.jpackage jdk.jshell jdk.jsobject jdk.jstatd jdk.localedata jdk.management.jfr jdk.naming.dns jdk.naming.rmi jdk.net jdk.nio.mapmode jdk.random jdk.sctp jdk.security.auth jdk.security.jgss jdk.unsupported jdk.unsupported.desktop jdk.xml.dom" 
OS_ARCH="x86_64" 
OS_NAME="Windows" 
SOURCE=".:git:a633eafe0fcc" 
BUILD_SOURCE="git:458965074606f027bd5afce2cfd5c1055dea0438"
BUILD_SOURCE_REPO="https://github.com/adoptium/temurin-build.git"
SOURCE_REPO="https://github.com/adoptium/jdk21u.git"
FULL_VERSION="21.0.10+7-LTS"
SEMANTIC_VERSION="21.0.10+7"
BUILD_INFO="OS: Windows Server 2022 Version: 10.0"
JVM_VARIANT="Hotspot"
JVM_VERSION="21.0.10+7-LTS"
IMAGE_TYPE="JDK"

Environment Variables:
JAVA_HOME=C:\Users\Glymin Terra Selasi\AppData\Roaming\Trae\User\globalStorage\pleiades.java-extension-pack-jdk\java\21
JAVA_TOOL_OPTIONS=-Dstdout.encoding=UTF-8 -Dstderr.encoding=UTF-8
PATH=C:\Users\Glymin Terra Selasi\AppData\Roaming\Trae\User\globalStorage\pleiades.java-extension-pack-jdk\gradle\latest\bin;C:\Users\Glymin Terra Selasi\AppData\Roaming\Trae\User\globalStorage\pleiades.java-extension-pack-jdk\maven\latest\bin;C:\Users\Glymin Terra Selasi\AppData\Roaming\Trae\User\globalStorage\pleiades.java-extension-pack-jdk\java\21\bin;C:\Python312\Scripts\;C:\Python312\;C:\WINDOWS\system32;C:\WINDOWS;C:\WINDOWS\System32\Wbem;C:\WINDOWS\System32\WindowsPowerShell\v1.0\;C:\WINDOWS\System32\OpenSSH\;C:\Program Files\dotnet\;C:\ProgramData\chocolatey\bin;C:\Program Files (x86)\Microsoft SQL Server\160\Tools\Binn\;C:\Program Files\Microsoft SQL Server\160\Tools\Binn\;C:\Program Files\Microsoft SQL Server\Client SDK\ODBC\170\Tools\Binn\;C:\Program Files\Microsoft SQL Server\160\DTS\Binn\;C:\Program Files\php-8.3.12;C:\Program Files\php-8.3.12\php;C:\xampp\php;C:\Users\Glymin Terra Selasi\AppData\Local\Yarn\bin;C:\Program Files\PostgreSQL\15\bin;C:\Program Files\Git\cmd;C:\Program Files\jdk-23.0.1\bin;C:\Program Files\PostgreSQL\12\bin;C:\Program Files (x86)\cloudflared\;C:\Windows\System32;C:\composer;C:\Users\Glymin Terra Selasi\AppData\Roaming\npm;C:\Users\Glymin Terra Selasi\AppData\Roaming\nvm;C:\Program Files\nodejs;C:\xampp\mysql\bin;C:\Program Files\apache-maven-3.9.11\bin;C:\Python312\Scripts\;C:\Python312\;C:\WINDOWS\system32;C:\WINDOWS;C:\WINDOWS\System32\Wbem;C:\WINDOWS\System32\WindowsPowerShell\v1.0\;C:\WINDOWS\System32\OpenSSH\;C:\Program Files\dotnet\;C:\ProgramData\chocolatey\bin;C:\Program Files (x86)\Microsoft SQL Server\160\Tools\Binn\;C:\Program Files\Microsoft SQL Server\160\Tools\Binn\;C:\Program Files\Microsoft SQL Server\Client SDK\ODBC\170\Tools\Binn\;C:\Program Files\Microsoft SQL Server\160\DTS\Binn\;C:\Program Files (x86)\Microsoft SQL Server\160\DTS\Binn\;C:\Program Files\php-8.3.12;C:\Program Files\php-8.3.12\php;C:\xampp\php;C:\Users\Glymin Terra Selasi\AppData\Local\Yarn\bin;C:\Program Files\PostgreSQL\15\bin;C:\Program Files\Git\cmd;C:\Program Files\jdk-23.0.1\bin;C:\Program Files\PostgreSQL\12\bin;C:\Program Files (x86)\cloudflared\;C:\Windows\System32;C:\composer;C:\Users\Glymin Terra Selasi\AppData\Local\Microsoft\WindowsApps;C:\Users\Glymin Terra Selasi\AppData\Local\Programs\Microsoft VS Code\bin;C:\Users\Glymin Terra Sela;C:\Users\Glymin Terra Selasi\AppData\Roaming\npm;C:\Users\Glymin Terra Selasi\AppData\Roaming\nvm;C:\Program Files\nodejs;C:\Users\Glymin Terra Selasi\AppData\Local\Microsoft\WindowsApps;C:\Users\Glymin Terra Selasi\AppData\Local\Programs\Antigravity\bin;c:\Users\Glymin Terra Selasi\.trae\extensions\vscjava.vscode-java-debug-0.58.5-universal\bundled\scripts\noConfigScripts
USERNAME=Glymin Terra Selasi
LANG=en_US.UTF-8
OS=Windows_NT
PROCESSOR_IDENTIFIER=Intel64 Family 6 Model 140 Stepping 1, GenuineIntel
TMP=C:\Users\GLYMIN~1\AppData\Local\Temp
TEMP=C:\Users\GLYMIN~1\AppData\Local\Temp




Periodic native trim disabled

---------------  S Y S T E M  ---------------

OS:
 Windows 11 , 64 bit Build 26100 (10.0.26100.6725)
OS uptime: 0 days 2:55 hours
Hyper-V role detected

CPU: total 8 (initial active 8) (4 cores per cpu, 2 threads per core) family 6 model 140 stepping 1 microcode 0xbc, cx8, cmov, fxsr, ht, mmx, 3dnowpref, sse, sse2, sse3, ssse3, sse4.1, sse4.2, popcnt, lzcnt, tsc, tscinvbit, avx, avx2, aes, erms, clmul, bmi1, bmi2, adx, avx512f, avx512dq, avx512cd, avx512bw, avx512vl, sha, fma, vzeroupper, avx512_vpopcntdq, avx512_vpclmulqdq, avx512_vaes, avx512_vnni, clflush, clflushopt, clwb, avx512_vbmi2, avx512_vbmi, hv, rdtscp, rdpid, fsrm, gfni, avx512_bitalg, f16c, cet_ibt, cet_ss, avx512_ifma
Processor Information for processor 0
  Max Mhz: 2419, Current Mhz: 2419, Mhz Limit: 2419
Processor Information for processor 1
  Max Mhz: 2419, Current Mhz: 2419, Mhz Limit: 2419
Processor Information for processor 2
  Max Mhz: 2419, Current Mhz: 2419, Mhz Limit: 2419
Processor Information for processor 3
  Max Mhz: 2419, Current Mhz: 2419, Mhz Limit: 2419
Processor Information for processor 4
  Max Mhz: 2419, Current Mhz: 1209, Mhz Limit: 2419
Processor Information for processor 5
  Max Mhz: 2419, Current Mhz: 2419, Mhz Limit: 2419
Processor Information for processor 6
  Max Mhz: 2419, Current Mhz: 1209, Mhz Limit: 2419
Processor Information for processor 7
  Max Mhz: 2419, Current Mhz: 2419, Mhz Limit: 2419

Memory: 4k page, system-wide physical 7934M (1206M free)
TotalPageFile size 25336M (AvailPageFile size 509M)
current process WorkingSet (physical memory assigned to process): 108M, peak: 254M
current process commit charge ("private bytes"): 481M, peak: 1071M

vm_info: OpenJDK 64-Bit Server VM (21.0.9+10-LTS) for windows-amd64 JRE (21.0.9+10-LTS), built on 2025-10-21T00:00:00Z by "admin" with unknown MS VC++:1942

END.
