#
# There is insufficient memory for the Java Runtime Environment to continue.
# Native memory allocation (mmap) failed to map 227540992 bytes. Error detail: G1 virtual space
# Possible reasons:
#   The system is out of physical RAM or swap space
#   This process is running with CompressedOops enabled, and the Java Heap may be blocking the growth of the native heap
# Possible solutions:
#   Reduce memory load on the system
#   Increase physical memory or swap space
#   Check if swap backing store is full
#   Decrease Java heap size (-Xmx/-Xms)
#   Decrease number of Java threads
#   Decrease Java thread stack sizes (-Xss)
#   Set larger code cache with -XX:ReservedCodeCacheSize=
#   JVM is running with Unscaled Compressed Oops mode in which the Java heap is
#     placed in the first 4GB address space. The Java Heap base address is the
#     maximum limit for the native heap growth. Please use -XX:HeapBaseMinAddress
#     to set the Java Heap base and to place the Java Heap above 4GB virtual address.
# This output file may be truncated or incomplete.
#
#  Out of Memory Error (os_windows.cpp:3713), pid=18728, tid=21836
#
# JRE version: OpenJDK Runtime Environment Temurin-21.0.9+10 (21.0.9+10) (build 21.0.9+10-LTS)
# Java VM: OpenJDK 64-Bit Server VM Temurin-21.0.9+10 (21.0.9+10-LTS, mixed mode, emulated-client, sharing, tiered, compressed oops, compressed class ptrs, g1 gc, windows-amd64)
# No core dump will be written. Minidumps are not enabled by default on client versions of Windows
#

---------------  S U M M A R Y ------------

Command Line: -Dsts.lsp.client=vscode -Dsts.log.file=/dev/null -XX:TieredStopAtLevel=1 -Xlog:jni+resolve=off -Dspring.config.location=file:c:\Users\Glymin Terra Selasi\.trae\extensions\pivotal.vscode-spring-boot-1.43.0-universal\language-server\BOOT-INF\classes\application.properties org.springframework.ide.vscode.boot.app.BootLanguageServerBootApp

Host: 11th Gen Intel(R) Core(TM) i5-1135G7 @ 2.40GHz, 8 cores, 7G,  Windows 11 , 64 bit Build 26100 (10.0.26100.6725)
Time: Thu Feb 19 13:32:17 2026 Greenwich Standard Time elapsed time: 22.647278 seconds (0d 0h 0m 22s)

---------------  T H R E A D  ---------------

Current thread (0x0000028d7fa7ee10):  VMThread "VM Thread"          [id=21836, stack(0x0000009c25600000,0x0000009c25700000) (1024K)]

Stack: [0x0000009c25600000,0x0000009c25700000]
Native frames: (J=compiled Java code, j=interpreted, Vv=VM code, C=native code)
V  [jvm.dll+0x6d6e29]
V  [jvm.dll+0x8b4b76]
V  [jvm.dll+0x8b712e]
V  [jvm.dll+0x8b7813]
V  [jvm.dll+0x283d86]
V  [jvm.dll+0x6d3745]
V  [jvm.dll+0x6c747a]
V  [jvm.dll+0x35e7e8]
V  [jvm.dll+0x366426]
V  [jvm.dll+0x3b73fe]
V  [jvm.dll+0x3b76a8]
V  [jvm.dll+0x3329ec]
V  [jvm.dll+0x332a77]
V  [jvm.dll+0x37684c]
V  [jvm.dll+0x374fee]
V  [jvm.dll+0x332131]
V  [jvm.dll+0x37465a]
V  [jvm.dll+0x8bd500]
V  [jvm.dll+0x8be8a4]
V  [jvm.dll+0x8bede0]
V  [jvm.dll+0x8bf083]
V  [jvm.dll+0x85e9ad]
V  [jvm.dll+0x6d565d]
C  [ucrtbase.dll+0x37b0]
C  [KERNEL32.DLL+0x2e8d7]
C  [ntdll.dll+0x8c53c]

VM_Operation (0x0000009c27ffe400): G1CollectForAllocation, mode: safepoint, requested by thread 0x0000028d48604d30


---------------  P R O C E S S  ---------------

Threads class SMR info:
_java_thread_list=0x0000028d7fb72d00, length=40, elements={
0x0000028d7fa9ca70, 0x0000028d7fa9d670, 0x0000028d7faa03b0, 0x0000028d7faa1670,
0x0000028d7faa3e90, 0x0000028d7faae830, 0x0000028d7fab46c0, 0x0000028d7fc3e610,
0x0000028d7fc45ca0, 0x0000028d4814dfc0, 0x0000028d47b5fa00, 0x0000028d7fdf4f90,
0x0000028d741c94d0, 0x0000028d7fb2b7f0, 0x0000028d48380500, 0x0000028d48388510,
0x0000028d7fa68650, 0x0000028d7fa69a40, 0x0000028d483dc600, 0x0000028d483dcc90,
0x0000028d483dd9b0, 0x0000028d483dd320, 0x0000028d483dbf70, 0x0000028d483de040,
0x0000028d483db8e0, 0x0000028d483ded60, 0x0000028d483de6d0, 0x0000028d48601f40,
0x0000028d48604010, 0x0000028d48603980, 0x0000028d48604d30, 0x0000028d486046a0,
0x0000028d486032f0, 0x0000028d486018b0, 0x0000028d486053c0, 0x0000028d486025d0,
0x0000028d486060e0, 0x0000028d7fb5b770, 0x0000028d7fb58e90, 0x0000028d48602c60
}

Java Threads: ( => current thread )
  0x0000028d7fa9ca70 JavaThread "Reference Handler"          daemon [_thread_blocked, id=2612, stack(0x0000009c25700000,0x0000009c25800000) (1024K)]
  0x0000028d7fa9d670 JavaThread "Finalizer"                  daemon [_thread_blocked, id=2808, stack(0x0000009c25800000,0x0000009c25900000) (1024K)]
  0x0000028d7faa03b0 JavaThread "Signal Dispatcher"          daemon [_thread_blocked, id=8956, stack(0x0000009c25900000,0x0000009c25a00000) (1024K)]
  0x0000028d7faa1670 JavaThread "Attach Listener"            daemon [_thread_blocked, id=29880, stack(0x0000009c25a00000,0x0000009c25b00000) (1024K)]
  0x0000028d7faa3e90 JavaThread "Service Thread"             daemon [_thread_blocked, id=29488, stack(0x0000009c25b00000,0x0000009c25c00000) (1024K)]
  0x0000028d7faae830 JavaThread "Monitor Deflation Thread"   daemon [_thread_blocked, id=22660, stack(0x0000009c25c00000,0x0000009c25d00000) (1024K)]
  0x0000028d7fab46c0 JavaThread "C1 CompilerThread0"         daemon [_thread_blocked, id=21304, stack(0x0000009c25d00000,0x0000009c25e00000) (1024K)]
  0x0000028d7fc3e610 JavaThread "Notification Thread"        daemon [_thread_blocked, id=23016, stack(0x0000009c25f00000,0x0000009c26000000) (1024K)]
  0x0000028d7fc45ca0 JavaThread "Common-Cleaner"             daemon [_thread_blocked, id=2116, stack(0x0000009c26000000,0x0000009c26100000) (1024K)]
  0x0000028d4814dfc0 JavaThread "boundedElastic-evictor-1"   daemon [_thread_blocked, id=3024, stack(0x0000009c26600000,0x0000009c26700000) (1024K)]
  0x0000028d47b5fa00 JavaThread "pool-11-thread-1"                  [_thread_blocked, id=29420, stack(0x0000009c26100000,0x0000009c26200000) (1024K)]
  0x0000028d7fdf4f90 JavaThread "LanguageServerApp-lifecycle"        [_thread_blocked, id=16528, stack(0x0000009c26b00000,0x0000009c26c00000) (1024K)]
  0x0000028d741c94d0 JavaThread "DestroyJavaVM"                     [_thread_blocked, id=18824, stack(0x0000009c24f00000,0x0000009c25000000) (1024K)]
  0x0000028d7fb2b7f0 JavaThread "pool-12-thread-1"                  [_thread_in_native, id=11632, stack(0x0000009c26c00000,0x0000009c26d00000) (1024K)]
  0x0000028d48380500 JavaThread "Simple-Language-Server main thread" daemon [_thread_blocked, id=29744, stack(0x0000009c26d00000,0x0000009c26e00000) (1024K)]
  0x0000028d48388510 JavaThread "pool-8-thread-1"                   [_thread_blocked, id=16084, stack(0x0000009c26e00000,0x0000009c26f00000) (1024K)]
  0x0000028d7fa68650 JavaThread "parallel-1"                 daemon [_thread_blocked, id=24796, stack(0x0000009c26f00000,0x0000009c27000000) (1024K)]
  0x0000028d7fa69a40 JavaThread "parallel-2"                 daemon [_thread_blocked, id=19372, stack(0x0000009c27000000,0x0000009c27100000) (1024K)]
  0x0000028d483dc600 JavaThread "ForkJoinPool.commonPool-worker-1" daemon [_thread_blocked, id=13216, stack(0x0000009c27100000,0x0000009c27200000) (1024K)]
  0x0000028d483dcc90 JavaThread "parallel-3"                 daemon [_thread_blocked, id=1028, stack(0x0000009c27400000,0x0000009c27500000) (1024K)]
  0x0000028d483dd9b0 JavaThread "ClassGraph-worker-0"        daemon [_thread_blocked, id=29964, stack(0x0000009c27500000,0x0000009c27600000) (1024K)]
  0x0000028d483dd320 JavaThread "ClassGraph-worker-1"        daemon [_thread_blocked, id=28776, stack(0x0000009c27600000,0x0000009c27700000) (1024K)]
  0x0000028d483dbf70 JavaThread "ClassGraph-worker-2"        daemon [_thread_blocked, id=30092, stack(0x0000009c27700000,0x0000009c27800000) (1024K)]
  0x0000028d483de040 JavaThread "ClassGraph-worker-3"        daemon [_thread_blocked, id=30292, stack(0x0000009c27800000,0x0000009c27900000) (1024K)]
  0x0000028d483db8e0 JavaThread "ClassGraph-worker-4"        daemon [_thread_blocked, id=10484, stack(0x0000009c27900000,0x0000009c27a00000) (1024K)]
  0x0000028d483ded60 JavaThread "ClassGraph-worker-5"        daemon [_thread_blocked, id=30168, stack(0x0000009c27a00000,0x0000009c27b00000) (1024K)]
  0x0000028d483de6d0 JavaThread "ClassGraph-worker-6"        daemon [_thread_blocked, id=4864, stack(0x0000009c27b00000,0x0000009c27c00000) (1024K)]
  0x0000028d48601f40 JavaThread "ClassGraph-worker-7"        daemon [_thread_blocked, id=28236, stack(0x0000009c27c00000,0x0000009c27d00000) (1024K)]
  0x0000028d48604010 JavaThread "ClassGraph-worker-8"        daemon [_thread_blocked, id=8080, stack(0x0000009c27d00000,0x0000009c27e00000) (1024K)]
  0x0000028d48603980 JavaThread "ClassGraph-worker-9"        daemon [_thread_blocked, id=27016, stack(0x0000009c27e00000,0x0000009c27f00000) (1024K)]
  0x0000028d48604d30 JavaThread "ClassGraph-worker-10"       daemon [_thread_blocked, id=29772, stack(0x0000009c27f00000,0x0000009c28000000) (1024K)]
  0x0000028d486046a0 JavaThread "ClassGraph-worker-11"       daemon [_thread_blocked, id=15060, stack(0x0000009c28000000,0x0000009c28100000) (1024K)]
  0x0000028d486032f0 JavaThread "ClassGraph-worker-12"       daemon [_thread_blocked, id=30180, stack(0x0000009c28100000,0x0000009c28200000) (1024K)]
  0x0000028d486018b0 JavaThread "ClassGraph-worker-13"       daemon [_thread_blocked, id=16752, stack(0x0000009c28200000,0x0000009c28300000) (1024K)]
  0x0000028d486053c0 JavaThread "Reconciler-1"               daemon [_thread_blocked, id=29920, stack(0x0000009c28300000,0x0000009c28400000) (1024K)]
  0x0000028d486025d0 JavaThread "pool-6-thread-1"                   [_thread_blocked, id=24196, stack(0x0000009c28400000,0x0000009c28500000) (1024K)]
  0x0000028d486060e0 JavaThread "pool-10-thread-1"                  [_thread_blocked, id=21420, stack(0x0000009c28500000,0x0000009c28600000) (1024K)]
  0x0000028d7fb5b770 JavaThread "C1 CompilerThread1"         daemon [_thread_blocked, id=30036, stack(0x0000009c25e00000,0x0000009c25f00000) (1024K)]
  0x0000028d7fb58e90 JavaThread "C1 CompilerThread2"         daemon [_thread_blocked, id=22232, stack(0x0000009c27200000,0x0000009c27300000) (1024K)]
  0x0000028d48602c60 JavaThread "Keep-Alive-Timer"           daemon [_thread_blocked, id=19352, stack(0x0000009c27300000,0x0000009c27400000) (1024K)]
Total: 40

Other Threads:
=>0x0000028d7fa7ee10 VMThread "VM Thread"                           [id=21836, stack(0x0000009c25600000,0x0000009c25700000) (1024K)]
  0x0000028d7fa6cf00 WatcherThread "VM Periodic Task Thread"        [id=22208, stack(0x0000009c25500000,0x0000009c25600000) (1024K)]
  0x0000028d76671260 WorkerThread "GC Thread#0"                     [id=28796, stack(0x0000009c25000000,0x0000009c25100000) (1024K)]
  0x0000028d4763f3b0 WorkerThread "GC Thread#1"                     [id=22380, stack(0x0000009c26200000,0x0000009c26300000) (1024K)]
  0x0000028d475abc80 WorkerThread "GC Thread#2"                     [id=24552, stack(0x0000009c26300000,0x0000009c26400000) (1024K)]
  0x0000028d4754bad0 WorkerThread "GC Thread#3"                     [id=1536, stack(0x0000009c26400000,0x0000009c26500000) (1024K)]
  0x0000028d4754be70 WorkerThread "GC Thread#4"                     [id=11784, stack(0x0000009c26500000,0x0000009c26600000) (1024K)]
  0x0000028d47bc75c0 WorkerThread "GC Thread#5"                     [id=21936, stack(0x0000009c26700000,0x0000009c26800000) (1024K)]
  0x0000028d47bcb970 WorkerThread "GC Thread#6"                     [id=30424, stack(0x0000009c26800000,0x0000009c26900000) (1024K)]
  0x0000028d47bcc520 WorkerThread "GC Thread#7"                     [id=15872, stack(0x0000009c26900000,0x0000009c26a00000) (1024K)]
  0x0000028d766827d0 ConcurrentGCThread "G1 Main Marker"            [id=15024, stack(0x0000009c25100000,0x0000009c25200000) (1024K)]
  0x0000028d766831e0 WorkerThread "G1 Conc#0"                       [id=24736, stack(0x0000009c25200000,0x0000009c25300000) (1024K)]
  0x0000028d48004080 WorkerThread "G1 Conc#1"                       [id=30248, stack(0x0000009c26a00000,0x0000009c26b00000) (1024K)]
  0x0000028d766ce830 ConcurrentGCThread "G1 Refine#0"               [id=26344, stack(0x0000009c25300000,0x0000009c25400000) (1024K)]
  0x0000028d7f9395c0 ConcurrentGCThread "G1 Service"                [id=3824, stack(0x0000009c25400000,0x0000009c25500000) (1024K)]
Total: 15

Threads with active compile tasks:
Total: 0

VM state: at safepoint (normal execution)

VM Mutex/Monitor currently owned by a thread:  ([mutex/lock_event])
[0x00007ffd58fdd570] Threads_lock - owner thread: 0x0000028d7fa7ee10
[0x00007ffd58fdd670] Heap_lock - owner thread: 0x0000028d48604d30

Heap address: 0x0000000084000000, size: 1984 MB, Compressed Oops mode: 32-bit

CDS archive(s) mapped at: [0x0000028d02000000-0x0000028d02ba0000-0x0000028d02ba0000), size 12189696, SharedBaseAddress: 0x0000028d02000000, ArchiveRelocationMode: 1.
Compressed class space mapped at: 0x0000028d03000000-0x0000028d43000000, reserved size: 1073741824
Narrow klass base: 0x0000028d02000000, Narrow klass shift: 0, Narrow klass range: 0x100000000

GC Precious Log:
 CardTable entry size: 512
 Card Set container configuration: InlinePtr #cards 5 size 8 Array Of Cards #cards 12 size 40 Howl #buckets 4 coarsen threshold 1843 Howl Bitmap #cards 512 size 80 coarsen threshold 460 Card regions per heap region 1 cards per card region 2048
 CPUs: 8 total, 8 available
 Memory: 7934M
 Large Page Support: Disabled
 NUMA Support: Disabled
 Compressed Oops: Enabled (32-bit)
 Heap Region Size: 1M
 Heap Min Capacity: 8M
 Heap Initial Capacity: 124M
 Heap Max Capacity: 1984M
 Pre-touch: Disabled
 Parallel Workers: 8
 Concurrent Workers: 2
 Concurrent Refinement Workers: 8
 Periodic GC: Disabled

Heap:
 garbage-first heap   total 465920K, used 197911K [0x0000000084000000, 0x0000000100000000)
  region size 1024K, 14 young (14336K), 14 survivors (14336K)
 Metaspace       used 38984K, committed 39680K, reserved 1114112K
  class space    used 5249K, committed 5568K, reserved 1048576K

Heap Regions: E=young(eden), S=young(survivor), O=old, HS=humongous(starts), HC=humongous(continues), CS=collection set, F=free, TAMS=top-at-mark-start, PB=parsable bottom
|   0|0x0000000084000000, 0x0000000084100000, 0x0000000084100000|100%| O|  |TAMS 0x0000000084000000| PB 0x0000000084000000| Untracked 
|   1|0x0000000084100000, 0x0000000084200000, 0x0000000084200000|100%| O|  |TAMS 0x0000000084100000| PB 0x0000000084100000| Untracked 
|   2|0x0000000084200000, 0x0000000084300000, 0x0000000084300000|100%| O|  |TAMS 0x0000000084200000| PB 0x0000000084200000| Untracked 
|   3|0x0000000084300000, 0x0000000084400000, 0x0000000084400000|100%| O|  |TAMS 0x0000000084300000| PB 0x0000000084300000| Untracked 
|   4|0x0000000084400000, 0x0000000084500000, 0x0000000084500000|100%| O|  |TAMS 0x0000000084400000| PB 0x0000000084400000| Untracked 
|   5|0x0000000084500000, 0x0000000084600000, 0x0000000084600000|100%| O|  |TAMS 0x0000000084500000| PB 0x0000000084500000| Untracked 
|   6|0x0000000084600000, 0x0000000084700000, 0x0000000084700000|100%| O|  |TAMS 0x0000000084600000| PB 0x0000000084600000| Untracked 
|   7|0x0000000084700000, 0x0000000084800000, 0x0000000084800000|100%| O|  |TAMS 0x0000000084700000| PB 0x0000000084700000| Untracked 
|   8|0x0000000084800000, 0x0000000084900000, 0x0000000084900000|100%| O|  |TAMS 0x0000000084800000| PB 0x0000000084800000| Untracked 
|   9|0x0000000084900000, 0x0000000084a00000, 0x0000000084a00000|100%| O|  |TAMS 0x0000000084900000| PB 0x0000000084900000| Untracked 
|  10|0x0000000084a00000, 0x0000000084b00000, 0x0000000084b00000|100%| O|  |TAMS 0x0000000084a00000| PB 0x0000000084a00000| Untracked 
|  11|0x0000000084b00000, 0x0000000084c00000, 0x0000000084c00000|100%| O|  |TAMS 0x0000000084b00000| PB 0x0000000084b00000| Untracked 
|  12|0x0000000084c00000, 0x0000000084d00000, 0x0000000084d00000|100%| O|  |TAMS 0x0000000084c00000| PB 0x0000000084c00000| Untracked 
|  13|0x0000000084d00000, 0x0000000084e00000, 0x0000000084e00000|100%| O|  |TAMS 0x0000000084d00000| PB 0x0000000084d00000| Untracked 
|  14|0x0000000084e00000, 0x0000000084f00000, 0x0000000084f00000|100%| O|  |TAMS 0x0000000084e00000| PB 0x0000000084e00000| Untracked 
|  15|0x0000000084f00000, 0x0000000085000000, 0x0000000085000000|100%| O|  |TAMS 0x0000000084f00000| PB 0x0000000084f00000| Untracked 
|  16|0x0000000085000000, 0x0000000085100000, 0x0000000085100000|100%| O|  |TAMS 0x0000000085000000| PB 0x0000000085000000| Untracked 
|  17|0x0000000085100000, 0x0000000085200000, 0x0000000085200000|100%| O|  |TAMS 0x0000000085100000| PB 0x0000000085100000| Untracked 
|  18|0x0000000085200000, 0x0000000085300000, 0x0000000085300000|100%| O|  |TAMS 0x0000000085200000| PB 0x0000000085200000| Untracked 
|  19|0x0000000085300000, 0x0000000085400000, 0x0000000085400000|100%| O|  |TAMS 0x0000000085300000| PB 0x0000000085300000| Untracked 
|  20|0x0000000085400000, 0x0000000085500000, 0x0000000085500000|100%| O|  |TAMS 0x0000000085400000| PB 0x0000000085400000| Untracked 
|  21|0x0000000085500000, 0x0000000085600000, 0x0000000085600000|100%| O|  |TAMS 0x0000000085500000| PB 0x0000000085500000| Untracked 
|  22|0x0000000085600000, 0x0000000085700000, 0x0000000085700000|100%| O|  |TAMS 0x0000000085600000| PB 0x0000000085600000| Untracked 
|  23|0x0000000085700000, 0x0000000085800000, 0x0000000085800000|100%| O|  |TAMS 0x0000000085700000| PB 0x0000000085700000| Untracked 
|  24|0x0000000085800000, 0x0000000085900000, 0x0000000085900000|100%| O|  |TAMS 0x0000000085800000| PB 0x0000000085800000| Untracked 
|  25|0x0000000085900000, 0x0000000085a00000, 0x0000000085a00000|100%| O|  |TAMS 0x0000000085900000| PB 0x0000000085900000| Untracked 
|  26|0x0000000085a00000, 0x0000000085b00000, 0x0000000085b00000|100%| O|  |TAMS 0x0000000085a00000| PB 0x0000000085a00000| Untracked 
|  27|0x0000000085b00000, 0x0000000085c00000, 0x0000000085c00000|100%| O|  |TAMS 0x0000000085b00000| PB 0x0000000085b00000| Untracked 
|  28|0x0000000085c00000, 0x0000000085d00000, 0x0000000085d00000|100%| O|  |TAMS 0x0000000085c00000| PB 0x0000000085c00000| Untracked 
|  29|0x0000000085d00000, 0x0000000085e00000, 0x0000000085e00000|100%| O|  |TAMS 0x0000000085d00000| PB 0x0000000085d00000| Untracked 
|  30|0x0000000085e00000, 0x0000000085f00000, 0x0000000085f00000|100%| O|  |TAMS 0x0000000085e00000| PB 0x0000000085e00000| Untracked 
|  31|0x0000000085f00000, 0x0000000086000000, 0x0000000086000000|100%| O|  |TAMS 0x0000000085f00000| PB 0x0000000085f00000| Untracked 
|  32|0x0000000086000000, 0x0000000086100000, 0x0000000086100000|100%| O|  |TAMS 0x0000000086000000| PB 0x0000000086000000| Untracked 
|  33|0x0000000086100000, 0x0000000086200000, 0x0000000086200000|100%| O|  |TAMS 0x0000000086100000| PB 0x0000000086100000| Untracked 
|  34|0x0000000086200000, 0x0000000086300000, 0x0000000086300000|100%| O|  |TAMS 0x0000000086200000| PB 0x0000000086200000| Untracked 
|  35|0x0000000086300000, 0x0000000086400000, 0x0000000086400000|100%| O|  |TAMS 0x0000000086300000| PB 0x0000000086300000| Untracked 
|  36|0x0000000086400000, 0x0000000086500000, 0x0000000086500000|100%| O|  |TAMS 0x0000000086400000| PB 0x0000000086400000| Untracked 
|  37|0x0000000086500000, 0x0000000086600000, 0x0000000086600000|100%| O|  |TAMS 0x0000000086500000| PB 0x0000000086500000| Untracked 
|  38|0x0000000086600000, 0x0000000086700000, 0x0000000086700000|100%| O|  |TAMS 0x0000000086600000| PB 0x0000000086600000| Untracked 
|  39|0x0000000086700000, 0x0000000086800000, 0x0000000086800000|100%| O|  |TAMS 0x0000000086700000| PB 0x0000000086700000| Untracked 
|  40|0x0000000086800000, 0x0000000086900000, 0x0000000086900000|100%| O|  |TAMS 0x0000000086800000| PB 0x0000000086800000| Untracked 
|  41|0x0000000086900000, 0x0000000086a00000, 0x0000000086a00000|100%| O|  |TAMS 0x0000000086900000| PB 0x0000000086900000| Untracked 
|  42|0x0000000086a00000, 0x0000000086b00000, 0x0000000086b00000|100%| O|  |TAMS 0x0000000086a00000| PB 0x0000000086a00000| Untracked 
|  43|0x0000000086b00000, 0x0000000086c00000, 0x0000000086c00000|100%| O|  |TAMS 0x0000000086b00000| PB 0x0000000086b00000| Untracked 
|  44|0x0000000086c00000, 0x0000000086d00000, 0x0000000086d00000|100%| O|  |TAMS 0x0000000086c00000| PB 0x0000000086c00000| Untracked 
|  45|0x0000000086d00000, 0x0000000086e00000, 0x0000000086e00000|100%| O|  |TAMS 0x0000000086d00000| PB 0x0000000086d00000| Untracked 
|  46|0x0000000086e00000, 0x0000000086f00000, 0x0000000086f00000|100%| O|  |TAMS 0x0000000086e00000| PB 0x0000000086e00000| Untracked 
|  47|0x0000000086f00000, 0x0000000087000000, 0x0000000087000000|100%| O|  |TAMS 0x0000000086f00000| PB 0x0000000086f00000| Untracked 
|  48|0x0000000087000000, 0x0000000087100000, 0x0000000087100000|100%|HS|  |TAMS 0x0000000087000000| PB 0x0000000087000000| Complete 
|  49|0x0000000087100000, 0x0000000087200000, 0x0000000087200000|100%| O|  |TAMS 0x0000000087100000| PB 0x0000000087100000| Untracked 
|  50|0x0000000087200000, 0x0000000087300000, 0x0000000087300000|100%| O|  |TAMS 0x0000000087200000| PB 0x0000000087200000| Untracked 
|  51|0x0000000087300000, 0x0000000087400000, 0x0000000087400000|100%| O|  |TAMS 0x0000000087300000| PB 0x0000000087300000| Untracked 
|  52|0x0000000087400000, 0x0000000087500000, 0x0000000087500000|100%| O|  |TAMS 0x0000000087400000| PB 0x0000000087400000| Untracked 
|  53|0x0000000087500000, 0x0000000087600000, 0x0000000087600000|100%| O|  |TAMS 0x0000000087500000| PB 0x0000000087500000| Untracked 
|  54|0x0000000087600000, 0x0000000087700000, 0x0000000087700000|100%| O|  |TAMS 0x0000000087600000| PB 0x0000000087600000| Untracked 
|  55|0x0000000087700000, 0x0000000087800000, 0x0000000087800000|100%| O|  |TAMS 0x0000000087700000| PB 0x0000000087700000| Untracked 
|  56|0x0000000087800000, 0x0000000087900000, 0x0000000087900000|100%| O|  |TAMS 0x0000000087800000| PB 0x0000000087800000| Untracked 
|  57|0x0000000087900000, 0x0000000087a00000, 0x0000000087a00000|100%| O|  |TAMS 0x0000000087900000| PB 0x0000000087900000| Untracked 
|  58|0x0000000087a00000, 0x0000000087b00000, 0x0000000087b00000|100%| O|  |TAMS 0x0000000087a00000| PB 0x0000000087a00000| Untracked 
|  59|0x0000000087b00000, 0x0000000087c00000, 0x0000000087c00000|100%| O|  |TAMS 0x0000000087b00000| PB 0x0000000087b00000| Untracked 
|  60|0x0000000087c00000, 0x0000000087d00000, 0x0000000087d00000|100%| O|  |TAMS 0x0000000087c00000| PB 0x0000000087c00000| Untracked 
|  61|0x0000000087d00000, 0x0000000087e00000, 0x0000000087e00000|100%| O|  |TAMS 0x0000000087d00000| PB 0x0000000087d00000| Untracked 
|  62|0x0000000087e00000, 0x0000000087f00000, 0x0000000087f00000|100%| O|  |TAMS 0x0000000087e00000| PB 0x0000000087e00000| Untracked 
|  63|0x0000000087f00000, 0x0000000088000000, 0x0000000088000000|100%| O|  |TAMS 0x0000000087f00000| PB 0x0000000087f00000| Untracked 
|  64|0x0000000088000000, 0x0000000088100000, 0x0000000088100000|100%| O|  |TAMS 0x0000000088000000| PB 0x0000000088000000| Untracked 
|  65|0x0000000088100000, 0x0000000088200000, 0x0000000088200000|100%| O|  |TAMS 0x0000000088100000| PB 0x0000000088100000| Untracked 
|  66|0x0000000088200000, 0x0000000088300000, 0x0000000088300000|100%| O|  |TAMS 0x0000000088200000| PB 0x0000000088200000| Untracked 
|  67|0x0000000088300000, 0x0000000088400000, 0x0000000088400000|100%| O|  |TAMS 0x0000000088300000| PB 0x0000000088300000| Untracked 
|  68|0x0000000088400000, 0x0000000088500000, 0x0000000088500000|100%| O|  |TAMS 0x0000000088400000| PB 0x0000000088400000| Untracked 
|  69|0x0000000088500000, 0x0000000088600000, 0x0000000088600000|100%| O|  |TAMS 0x0000000088500000| PB 0x0000000088500000| Untracked 
|  70|0x0000000088600000, 0x0000000088700000, 0x0000000088700000|100%| O|  |TAMS 0x0000000088600000| PB 0x0000000088600000| Untracked 
|  71|0x0000000088700000, 0x0000000088800000, 0x0000000088800000|100%| O|  |TAMS 0x0000000088700000| PB 0x0000000088700000| Untracked 
|  72|0x0000000088800000, 0x0000000088900000, 0x0000000088900000|100%| O|  |TAMS 0x0000000088800000| PB 0x0000000088800000| Untracked 
|  73|0x0000000088900000, 0x0000000088a00000, 0x0000000088a00000|100%| O|  |TAMS 0x0000000088900000| PB 0x0000000088900000| Untracked 
|  74|0x0000000088a00000, 0x0000000088b00000, 0x0000000088b00000|100%| O|  |TAMS 0x0000000088a00000| PB 0x0000000088a00000| Untracked 
|  75|0x0000000088b00000, 0x0000000088c00000, 0x0000000088c00000|100%| O|  |TAMS 0x0000000088b00000| PB 0x0000000088b00000| Untracked 
|  76|0x0000000088c00000, 0x0000000088d00000, 0x0000000088d00000|100%| O|  |TAMS 0x0000000088c00000| PB 0x0000000088c00000| Untracked 
|  77|0x0000000088d00000, 0x0000000088e00000, 0x0000000088e00000|100%| O|  |TAMS 0x0000000088d00000| PB 0x0000000088d00000| Untracked 
|  78|0x0000000088e00000, 0x0000000088f00000, 0x0000000088f00000|100%| O|  |TAMS 0x0000000088e00000| PB 0x0000000088e00000| Untracked 
|  79|0x0000000088f00000, 0x0000000089000000, 0x0000000089000000|100%| O|  |TAMS 0x0000000088f00000| PB 0x0000000088f00000| Untracked 
|  80|0x0000000089000000, 0x0000000089100000, 0x0000000089100000|100%| O|  |TAMS 0x0000000089000000| PB 0x0000000089000000| Untracked 
|  81|0x0000000089100000, 0x0000000089200000, 0x0000000089200000|100%| O|  |TAMS 0x0000000089100000| PB 0x0000000089100000| Untracked 
|  82|0x0000000089200000, 0x0000000089300000, 0x0000000089300000|100%| O|  |TAMS 0x0000000089200000| PB 0x0000000089200000| Untracked 
|  83|0x0000000089300000, 0x0000000089400000, 0x0000000089400000|100%| O|  |TAMS 0x0000000089300000| PB 0x0000000089300000| Untracked 
|  84|0x0000000089400000, 0x0000000089500000, 0x0000000089500000|100%| O|  |TAMS 0x0000000089400000| PB 0x0000000089400000| Untracked 
|  85|0x0000000089500000, 0x0000000089600000, 0x0000000089600000|100%| O|  |TAMS 0x0000000089500000| PB 0x0000000089500000| Untracked 
|  86|0x0000000089600000, 0x0000000089700000, 0x0000000089700000|100%| O|  |TAMS 0x0000000089600000| PB 0x0000000089600000| Untracked 
|  87|0x0000000089700000, 0x0000000089800000, 0x0000000089800000|100%| O|  |TAMS 0x0000000089700000| PB 0x0000000089700000| Untracked 
|  88|0x0000000089800000, 0x0000000089900000, 0x0000000089900000|100%| O|  |TAMS 0x0000000089800000| PB 0x0000000089800000| Untracked 
|  89|0x0000000089900000, 0x0000000089a00000, 0x0000000089a00000|100%|HS|  |TAMS 0x0000000089900000| PB 0x0000000089900000| Complete 
|  90|0x0000000089a00000, 0x0000000089b00000, 0x0000000089b00000|100%| O|  |TAMS 0x0000000089a00000| PB 0x0000000089a00000| Untracked 
|  91|0x0000000089b00000, 0x0000000089c00000, 0x0000000089c00000|100%| O|  |TAMS 0x0000000089b00000| PB 0x0000000089b00000| Untracked 
|  92|0x0000000089c00000, 0x0000000089d00000, 0x0000000089d00000|100%| O|  |TAMS 0x0000000089c00000| PB 0x0000000089c00000| Untracked 
|  93|0x0000000089d00000, 0x0000000089e00000, 0x0000000089e00000|100%| O|  |TAMS 0x0000000089d00000| PB 0x0000000089d00000| Untracked 
|  94|0x0000000089e00000, 0x0000000089f00000, 0x0000000089f00000|100%| O|  |TAMS 0x0000000089e00000| PB 0x0000000089e00000| Untracked 
|  95|0x0000000089f00000, 0x000000008a000000, 0x000000008a000000|100%| O|  |TAMS 0x0000000089f00000| PB 0x0000000089f00000| Untracked 
|  96|0x000000008a000000, 0x000000008a100000, 0x000000008a100000|100%| O|  |TAMS 0x000000008a000000| PB 0x000000008a000000| Untracked 
|  97|0x000000008a100000, 0x000000008a200000, 0x000000008a200000|100%| O|  |TAMS 0x000000008a100000| PB 0x000000008a100000| Untracked 
|  98|0x000000008a200000, 0x000000008a300000, 0x000000008a300000|100%| O|  |TAMS 0x000000008a200000| PB 0x000000008a200000| Untracked 
|  99|0x000000008a300000, 0x000000008a400000, 0x000000008a400000|100%| O|  |TAMS 0x000000008a300000| PB 0x000000008a300000| Untracked 
| 100|0x000000008a400000, 0x000000008a500000, 0x000000008a500000|100%| O|  |TAMS 0x000000008a400000| PB 0x000000008a400000| Untracked 
| 101|0x000000008a500000, 0x000000008a600000, 0x000000008a600000|100%| O|  |TAMS 0x000000008a500000| PB 0x000000008a500000| Untracked 
| 102|0x000000008a600000, 0x000000008a700000, 0x000000008a700000|100%| O|  |TAMS 0x000000008a600000| PB 0x000000008a600000| Untracked 
| 103|0x000000008a700000, 0x000000008a800000, 0x000000008a800000|100%| O|  |TAMS 0x000000008a700000| PB 0x000000008a700000| Untracked 
| 104|0x000000008a800000, 0x000000008a900000, 0x000000008a900000|100%| O|  |TAMS 0x000000008a800000| PB 0x000000008a800000| Untracked 
| 105|0x000000008a900000, 0x000000008aa00000, 0x000000008aa00000|100%| O|  |TAMS 0x000000008a900000| PB 0x000000008a900000| Untracked 
| 106|0x000000008aa00000, 0x000000008ab00000, 0x000000008ab00000|100%| O|  |TAMS 0x000000008aa00000| PB 0x000000008aa00000| Untracked 
| 107|0x000000008ab00000, 0x000000008ac00000, 0x000000008ac00000|100%| O|  |TAMS 0x000000008ab00000| PB 0x000000008ab00000| Untracked 
| 108|0x000000008ac00000, 0x000000008ad00000, 0x000000008ad00000|100%| O|  |TAMS 0x000000008ac00000| PB 0x000000008ac00000| Untracked 
| 109|0x000000008ad00000, 0x000000008ae00000, 0x000000008ae00000|100%| O|  |TAMS 0x000000008ad00000| PB 0x000000008ad00000| Untracked 
| 110|0x000000008ae00000, 0x000000008af00000, 0x000000008af00000|100%| O|  |TAMS 0x000000008ae00000| PB 0x000000008ae00000| Untracked 
| 111|0x000000008af00000, 0x000000008b000000, 0x000000008b000000|100%| O|  |TAMS 0x000000008af00000| PB 0x000000008af00000| Untracked 
| 112|0x000000008b000000, 0x000000008b100000, 0x000000008b100000|100%| O|  |TAMS 0x000000008b000000| PB 0x000000008b000000| Untracked 
| 113|0x000000008b100000, 0x000000008b200000, 0x000000008b200000|100%| O|  |TAMS 0x000000008b100000| PB 0x000000008b100000| Untracked 
| 114|0x000000008b200000, 0x000000008b300000, 0x000000008b300000|100%| O|  |TAMS 0x000000008b200000| PB 0x000000008b200000| Untracked 
| 115|0x000000008b300000, 0x000000008b400000, 0x000000008b400000|100%| O|  |TAMS 0x000000008b300000| PB 0x000000008b300000| Untracked 
| 116|0x000000008b400000, 0x000000008b500000, 0x000000008b500000|100%| O|  |TAMS 0x000000008b400000| PB 0x000000008b400000| Untracked 
| 117|0x000000008b500000, 0x000000008b600000, 0x000000008b600000|100%| O|  |TAMS 0x000000008b500000| PB 0x000000008b500000| Untracked 
| 118|0x000000008b600000, 0x000000008b700000, 0x000000008b700000|100%| O|  |TAMS 0x000000008b600000| PB 0x000000008b600000| Untracked 
| 119|0x000000008b700000, 0x000000008b800000, 0x000000008b800000|100%| O|  |TAMS 0x000000008b700000| PB 0x000000008b700000| Untracked 
| 120|0x000000008b800000, 0x000000008b900000, 0x000000008b900000|100%| O|  |TAMS 0x000000008b800000| PB 0x000000008b800000| Untracked 
| 121|0x000000008b900000, 0x000000008ba00000, 0x000000008ba00000|100%| O|  |TAMS 0x000000008b900000| PB 0x000000008b900000| Untracked 
| 122|0x000000008ba00000, 0x000000008bb00000, 0x000000008bb00000|100%| O|  |TAMS 0x000000008ba00000| PB 0x000000008ba00000| Untracked 
| 123|0x000000008bb00000, 0x000000008bc00000, 0x000000008bc00000|100%| O|  |TAMS 0x000000008bb00000| PB 0x000000008bb00000| Untracked 
| 124|0x000000008bc00000, 0x000000008bd00000, 0x000000008bd00000|100%| O|  |TAMS 0x000000008bc00000| PB 0x000000008bc00000| Untracked 
| 125|0x000000008bd00000, 0x000000008be00000, 0x000000008be00000|100%| O|  |TAMS 0x000000008bd00000| PB 0x000000008bd00000| Untracked 
| 126|0x000000008be00000, 0x000000008bf00000, 0x000000008bf00000|100%| O|  |TAMS 0x000000008be00000| PB 0x000000008be00000| Untracked 
| 127|0x000000008bf00000, 0x000000008c000000, 0x000000008c000000|100%| O|  |TAMS 0x000000008bf00000| PB 0x000000008bf00000| Untracked 
| 128|0x000000008c000000, 0x000000008c100000, 0x000000008c100000|100%| O|  |TAMS 0x000000008c000000| PB 0x000000008c000000| Untracked 
| 129|0x000000008c100000, 0x000000008c200000, 0x000000008c200000|100%| O|  |TAMS 0x000000008c100000| PB 0x000000008c100000| Untracked 
| 130|0x000000008c200000, 0x000000008c300000, 0x000000008c300000|100%| O|  |TAMS 0x000000008c200000| PB 0x000000008c200000| Untracked 
| 131|0x000000008c300000, 0x000000008c400000, 0x000000008c400000|100%| O|  |TAMS 0x000000008c300000| PB 0x000000008c300000| Untracked 
| 132|0x000000008c400000, 0x000000008c500000, 0x000000008c500000|100%| O|  |TAMS 0x000000008c400000| PB 0x000000008c400000| Untracked 
| 133|0x000000008c500000, 0x000000008c600000, 0x000000008c600000|100%| O|  |TAMS 0x000000008c500000| PB 0x000000008c500000| Untracked 
| 134|0x000000008c600000, 0x000000008c700000, 0x000000008c700000|100%| O|  |TAMS 0x000000008c600000| PB 0x000000008c600000| Untracked 
| 135|0x000000008c700000, 0x000000008c800000, 0x000000008c800000|100%| O|  |TAMS 0x000000008c700000| PB 0x000000008c700000| Untracked 
| 136|0x000000008c800000, 0x000000008c900000, 0x000000008c900000|100%| O|  |TAMS 0x000000008c800000| PB 0x000000008c800000| Untracked 
| 137|0x000000008c900000, 0x000000008ca00000, 0x000000008ca00000|100%| O|  |TAMS 0x000000008c900000| PB 0x000000008c900000| Untracked 
| 138|0x000000008ca00000, 0x000000008cb00000, 0x000000008cb00000|100%| O|  |TAMS 0x000000008ca00000| PB 0x000000008ca00000| Untracked 
| 139|0x000000008cb00000, 0x000000008cc00000, 0x000000008cc00000|100%| O|  |TAMS 0x000000008cb00000| PB 0x000000008cb00000| Untracked 
| 140|0x000000008cc00000, 0x000000008cd00000, 0x000000008cd00000|100%| O|  |TAMS 0x000000008cc00000| PB 0x000000008cc00000| Untracked 
| 141|0x000000008cd00000, 0x000000008cd00000, 0x000000008ce00000|  0%| F|  |TAMS 0x000000008cd00000| PB 0x000000008cd00000| Untracked 
| 142|0x000000008ce00000, 0x000000008cf00000, 0x000000008cf00000|100%| O|  |TAMS 0x000000008ce00000| PB 0x000000008ce00000| Untracked 
| 143|0x000000008cf00000, 0x000000008d000000, 0x000000008d000000|100%| O|  |TAMS 0x000000008cf00000| PB 0x000000008cf00000| Untracked 
| 144|0x000000008d000000, 0x000000008d100000, 0x000000008d100000|100%| O|  |TAMS 0x000000008d000000| PB 0x000000008d000000| Untracked 
| 145|0x000000008d100000, 0x000000008d200000, 0x000000008d200000|100%| O|  |TAMS 0x000000008d100000| PB 0x000000008d100000| Untracked 
| 146|0x000000008d200000, 0x000000008d300000, 0x000000008d300000|100%| O|  |TAMS 0x000000008d200000| PB 0x000000008d200000| Untracked 
| 147|0x000000008d300000, 0x000000008d400000, 0x000000008d400000|100%| O|  |TAMS 0x000000008d300000| PB 0x000000008d300000| Untracked 
| 148|0x000000008d400000, 0x000000008d500000, 0x000000008d500000|100%| O|  |TAMS 0x000000008d400000| PB 0x000000008d400000| Untracked 
| 149|0x000000008d500000, 0x000000008d600000, 0x000000008d600000|100%| O|  |TAMS 0x000000008d500000| PB 0x000000008d500000| Untracked 
| 150|0x000000008d600000, 0x000000008d700000, 0x000000008d700000|100%| O|  |TAMS 0x000000008d600000| PB 0x000000008d600000| Untracked 
| 151|0x000000008d700000, 0x000000008d800000, 0x000000008d800000|100%| O|  |TAMS 0x000000008d700000| PB 0x000000008d700000| Untracked 
| 152|0x000000008d800000, 0x000000008d900000, 0x000000008d900000|100%| O|  |TAMS 0x000000008d800000| PB 0x000000008d800000| Untracked 
| 153|0x000000008d900000, 0x000000008da00000, 0x000000008da00000|100%| O|  |TAMS 0x000000008d900000| PB 0x000000008d900000| Untracked 
| 154|0x000000008da00000, 0x000000008db00000, 0x000000008db00000|100%| O|  |TAMS 0x000000008da00000| PB 0x000000008da00000| Untracked 
| 155|0x000000008db00000, 0x000000008dc00000, 0x000000008dc00000|100%| O|  |TAMS 0x000000008db00000| PB 0x000000008db00000| Untracked 
| 156|0x000000008dc00000, 0x000000008dd00000, 0x000000008dd00000|100%| O|  |TAMS 0x000000008dc00000| PB 0x000000008dc00000| Untracked 
| 157|0x000000008dd00000, 0x000000008de00000, 0x000000008de00000|100%| O|  |TAMS 0x000000008dd00000| PB 0x000000008dd00000| Untracked 
| 158|0x000000008de00000, 0x000000008df00000, 0x000000008df00000|100%| O|  |TAMS 0x000000008de00000| PB 0x000000008de00000| Untracked 
| 159|0x000000008df00000, 0x000000008e000000, 0x000000008e000000|100%| O|  |TAMS 0x000000008df00000| PB 0x000000008df00000| Untracked 
| 160|0x000000008e000000, 0x000000008e100000, 0x000000008e100000|100%| O|  |TAMS 0x000000008e000000| PB 0x000000008e000000| Untracked 
| 161|0x000000008e100000, 0x000000008e200000, 0x000000008e200000|100%| O|  |TAMS 0x000000008e100000| PB 0x000000008e100000| Untracked 
| 162|0x000000008e200000, 0x000000008e300000, 0x000000008e300000|100%| O|  |TAMS 0x000000008e200000| PB 0x000000008e200000| Untracked 
| 163|0x000000008e300000, 0x000000008e400000, 0x000000008e400000|100%| O|  |TAMS 0x000000008e300000| PB 0x000000008e300000| Untracked 
| 164|0x000000008e400000, 0x000000008e500000, 0x000000008e500000|100%| O|  |TAMS 0x000000008e400000| PB 0x000000008e400000| Untracked 
| 165|0x000000008e500000, 0x000000008e500000, 0x000000008e600000|  0%| F|  |TAMS 0x000000008e500000| PB 0x000000008e500000| Untracked 
| 166|0x000000008e600000, 0x000000008e700000, 0x000000008e700000|100%| O|  |TAMS 0x000000008e600000| PB 0x000000008e600000| Untracked 
| 167|0x000000008e700000, 0x000000008e800000, 0x000000008e800000|100%| O|  |TAMS 0x000000008e700000| PB 0x000000008e700000| Untracked 
| 168|0x000000008e800000, 0x000000008e900000, 0x000000008e900000|100%| O|  |TAMS 0x000000008e800000| PB 0x000000008e800000| Untracked 
| 169|0x000000008e900000, 0x000000008ea00000, 0x000000008ea00000|100%| O|  |TAMS 0x000000008e900000| PB 0x000000008e900000| Untracked 
| 170|0x000000008ea00000, 0x000000008eb00000, 0x000000008eb00000|100%| O|  |TAMS 0x000000008ea00000| PB 0x000000008ea00000| Untracked 
| 171|0x000000008eb00000, 0x000000008ec00000, 0x000000008ec00000|100%| O|  |TAMS 0x000000008eb00000| PB 0x000000008eb00000| Untracked 
| 172|0x000000008ec00000, 0x000000008ed00000, 0x000000008ed00000|100%| O|  |TAMS 0x000000008ec00000| PB 0x000000008ec00000| Untracked 
| 173|0x000000008ed00000, 0x000000008ee00000, 0x000000008ee00000|100%| O|  |TAMS 0x000000008ed00000| PB 0x000000008ed00000| Untracked 
| 174|0x000000008ee00000, 0x000000008ee00000, 0x000000008ef00000|  0%| F|  |TAMS 0x000000008ee00000| PB 0x000000008ee00000| Untracked 
| 175|0x000000008ef00000, 0x000000008ef00000, 0x000000008f000000|  0%| F|  |TAMS 0x000000008ef00000| PB 0x000000008ef00000| Untracked 
| 176|0x000000008f000000, 0x000000008f000000, 0x000000008f100000|  0%| F|  |TAMS 0x000000008f000000| PB 0x000000008f000000| Untracked 
| 177|0x000000008f100000, 0x000000008f100000, 0x000000008f200000|  0%| F|  |TAMS 0x000000008f100000| PB 0x000000008f100000| Untracked 
| 178|0x000000008f200000, 0x000000008f200000, 0x000000008f300000|  0%| F|  |TAMS 0x000000008f200000| PB 0x000000008f200000| Untracked 
| 179|0x000000008f300000, 0x000000008f300000, 0x000000008f400000|  0%| F|  |TAMS 0x000000008f300000| PB 0x000000008f300000| Untracked 
| 180|0x000000008f400000, 0x000000008f400000, 0x000000008f500000|  0%| F|  |TAMS 0x000000008f400000| PB 0x000000008f400000| Untracked 
| 181|0x000000008f500000, 0x000000008f600000, 0x000000008f600000|100%| O|  |TAMS 0x000000008f500000| PB 0x000000008f500000| Untracked 
| 182|0x000000008f600000, 0x000000008f6736f8, 0x000000008f700000| 45%| O|  |TAMS 0x000000008f600000| PB 0x000000008f600000| Untracked 
| 183|0x000000008f700000, 0x000000008f800000, 0x000000008f800000|100%| S|CS|TAMS 0x000000008f700000| PB 0x000000008f700000| Complete 
| 184|0x000000008f800000, 0x000000008f900000, 0x000000008f900000|100%| S|CS|TAMS 0x000000008f800000| PB 0x000000008f800000| Complete 
| 185|0x000000008f900000, 0x000000008fa00000, 0x000000008fa00000|100%| S|CS|TAMS 0x000000008f900000| PB 0x000000008f900000| Complete 
| 186|0x000000008fa00000, 0x000000008fa00000, 0x000000008fb00000|  0%| F|  |TAMS 0x000000008fa00000| PB 0x000000008fa00000| Untracked 
| 187|0x000000008fb00000, 0x000000008fb00000, 0x000000008fc00000|  0%| F|  |TAMS 0x000000008fb00000| PB 0x000000008fb00000| Untracked 
| 188|0x000000008fc00000, 0x000000008fc00000, 0x000000008fd00000|  0%| F|  |TAMS 0x000000008fc00000| PB 0x000000008fc00000| Untracked 
| 189|0x000000008fd00000, 0x000000008fd00000, 0x000000008fe00000|  0%| F|  |TAMS 0x000000008fd00000| PB 0x000000008fd00000| Untracked 
| 190|0x000000008fe00000, 0x000000008ff00000, 0x000000008ff00000|100%| S|CS|TAMS 0x000000008fe00000| PB 0x000000008fe00000| Complete 
| 191|0x000000008ff00000, 0x0000000090000000, 0x0000000090000000|100%| S|CS|TAMS 0x000000008ff00000| PB 0x000000008ff00000| Complete 
| 192|0x0000000090000000, 0x0000000090100000, 0x0000000090100000|100%| S|CS|TAMS 0x0000000090000000| PB 0x0000000090000000| Complete 
| 193|0x0000000090100000, 0x0000000090200000, 0x0000000090200000|100%| S|CS|TAMS 0x0000000090100000| PB 0x0000000090100000| Complete 
| 194|0x0000000090200000, 0x0000000090300000, 0x0000000090300000|100%| S|CS|TAMS 0x0000000090200000| PB 0x0000000090200000| Complete 
| 195|0x0000000090300000, 0x0000000090400000, 0x0000000090400000|100%| S|CS|TAMS 0x0000000090300000| PB 0x0000000090300000| Complete 
| 196|0x0000000090400000, 0x0000000090400000, 0x0000000090500000|  0%| F|  |TAMS 0x0000000090400000| PB 0x0000000090400000| Untracked 
| 197|0x0000000090500000, 0x0000000090500000, 0x0000000090600000|  0%| F|  |TAMS 0x0000000090500000| PB 0x0000000090500000| Untracked 
| 198|0x0000000090600000, 0x0000000090600000, 0x0000000090700000|  0%| F|  |TAMS 0x0000000090600000| PB 0x0000000090600000| Untracked 
| 199|0x0000000090700000, 0x0000000090700000, 0x0000000090800000|  0%| F|  |TAMS 0x0000000090700000| PB 0x0000000090700000| Untracked 
| 200|0x0000000090800000, 0x0000000090800000, 0x0000000090900000|  0%| F|  |TAMS 0x0000000090800000| PB 0x0000000090800000| Untracked 
| 201|0x0000000090900000, 0x0000000090900000, 0x0000000090a00000|  0%| F|  |TAMS 0x0000000090900000| PB 0x0000000090900000| Untracked 
| 202|0x0000000090a00000, 0x0000000090a00000, 0x0000000090b00000|  0%| F|  |TAMS 0x0000000090a00000| PB 0x0000000090a00000| Untracked 
| 203|0x0000000090b00000, 0x0000000090b00000, 0x0000000090c00000|  0%| F|  |TAMS 0x0000000090b00000| PB 0x0000000090b00000| Untracked 
| 204|0x0000000090c00000, 0x0000000090c00000, 0x0000000090d00000|  0%| F|  |TAMS 0x0000000090c00000| PB 0x0000000090c00000| Untracked 
| 205|0x0000000090d00000, 0x0000000090d00000, 0x0000000090e00000|  0%| F|  |TAMS 0x0000000090d00000| PB 0x0000000090d00000| Untracked 
| 206|0x0000000090e00000, 0x0000000090e00000, 0x0000000090f00000|  0%| F|  |TAMS 0x0000000090e00000| PB 0x0000000090e00000| Untracked 
| 207|0x0000000090f00000, 0x0000000090f00000, 0x0000000091000000|  0%| F|  |TAMS 0x0000000090f00000| PB 0x0000000090f00000| Untracked 
| 208|0x0000000091000000, 0x0000000091000000, 0x0000000091100000|  0%| F|  |TAMS 0x0000000091000000| PB 0x0000000091000000| Untracked 
| 209|0x0000000091100000, 0x0000000091100000, 0x0000000091200000|  0%| F|  |TAMS 0x0000000091100000| PB 0x0000000091100000| Untracked 
| 210|0x0000000091200000, 0x0000000091200000, 0x0000000091300000|  0%| F|  |TAMS 0x0000000091200000| PB 0x0000000091200000| Untracked 
| 211|0x0000000091300000, 0x0000000091300000, 0x0000000091400000|  0%| F|  |TAMS 0x0000000091300000| PB 0x0000000091300000| Untracked 
| 212|0x0000000091400000, 0x0000000091400000, 0x0000000091500000|  0%| F|  |TAMS 0x0000000091400000| PB 0x0000000091400000| Untracked 
| 213|0x0000000091500000, 0x0000000091500000, 0x0000000091600000|  0%| F|  |TAMS 0x0000000091500000| PB 0x0000000091500000| Untracked 
| 214|0x0000000091600000, 0x0000000091600000, 0x0000000091700000|  0%| F|  |TAMS 0x0000000091600000| PB 0x0000000091600000| Untracked 
| 215|0x0000000091700000, 0x0000000091700000, 0x0000000091800000|  0%| F|  |TAMS 0x0000000091700000| PB 0x0000000091700000| Untracked 
| 216|0x0000000091800000, 0x0000000091800000, 0x0000000091900000|  0%| F|  |TAMS 0x0000000091800000| PB 0x0000000091800000| Untracked 
| 217|0x0000000091900000, 0x0000000091900000, 0x0000000091a00000|  0%| F|  |TAMS 0x0000000091900000| PB 0x0000000091900000| Untracked 
| 218|0x0000000091a00000, 0x0000000091a00000, 0x0000000091b00000|  0%| F|  |TAMS 0x0000000091a00000| PB 0x0000000091a00000| Untracked 
| 219|0x0000000091b00000, 0x0000000091b00000, 0x0000000091c00000|  0%| F|  |TAMS 0x0000000091b00000| PB 0x0000000091b00000| Untracked 
| 220|0x0000000091c00000, 0x0000000091c00000, 0x0000000091d00000|  0%| F|  |TAMS 0x0000000091c00000| PB 0x0000000091c00000| Untracked 
| 221|0x0000000091d00000, 0x0000000091d00000, 0x0000000091e00000|  0%| F|  |TAMS 0x0000000091d00000| PB 0x0000000091d00000| Untracked 
| 222|0x0000000091e00000, 0x0000000091e00000, 0x0000000091f00000|  0%| F|  |TAMS 0x0000000091e00000| PB 0x0000000091e00000| Untracked 
| 223|0x0000000091f00000, 0x0000000091f00000, 0x0000000092000000|  0%| F|  |TAMS 0x0000000091f00000| PB 0x0000000091f00000| Untracked 
| 224|0x0000000092000000, 0x0000000092000000, 0x0000000092100000|  0%| F|  |TAMS 0x0000000092000000| PB 0x0000000092000000| Untracked 
| 225|0x0000000092100000, 0x0000000092100000, 0x0000000092200000|  0%| F|  |TAMS 0x0000000092100000| PB 0x0000000092100000| Untracked 
| 226|0x0000000092200000, 0x0000000092200000, 0x0000000092300000|  0%| F|  |TAMS 0x0000000092200000| PB 0x0000000092200000| Untracked 
| 227|0x0000000092300000, 0x0000000092300000, 0x0000000092400000|  0%| F|  |TAMS 0x0000000092300000| PB 0x0000000092300000| Untracked 
| 228|0x0000000092400000, 0x0000000092400000, 0x0000000092500000|  0%| F|  |TAMS 0x0000000092400000| PB 0x0000000092400000| Untracked 
| 229|0x0000000092500000, 0x0000000092500000, 0x0000000092600000|  0%| F|  |TAMS 0x0000000092500000| PB 0x0000000092500000| Untracked 
| 230|0x0000000092600000, 0x0000000092600000, 0x0000000092700000|  0%| F|  |TAMS 0x0000000092600000| PB 0x0000000092600000| Untracked 
| 231|0x0000000092700000, 0x0000000092700000, 0x0000000092800000|  0%| F|  |TAMS 0x0000000092700000| PB 0x0000000092700000| Untracked 
| 232|0x0000000092800000, 0x0000000092800000, 0x0000000092900000|  0%| F|  |TAMS 0x0000000092800000| PB 0x0000000092800000| Untracked 
| 233|0x0000000092900000, 0x0000000092900000, 0x0000000092a00000|  0%| F|  |TAMS 0x0000000092900000| PB 0x0000000092900000| Untracked 
| 234|0x0000000092a00000, 0x0000000092a00000, 0x0000000092b00000|  0%| F|  |TAMS 0x0000000092a00000| PB 0x0000000092a00000| Untracked 
| 235|0x0000000092b00000, 0x0000000092b00000, 0x0000000092c00000|  0%| F|  |TAMS 0x0000000092b00000| PB 0x0000000092b00000| Untracked 
| 236|0x0000000092c00000, 0x0000000092c00000, 0x0000000092d00000|  0%| F|  |TAMS 0x0000000092c00000| PB 0x0000000092c00000| Untracked 
| 237|0x0000000092d00000, 0x0000000092d00000, 0x0000000092e00000|  0%| F|  |TAMS 0x0000000092d00000| PB 0x0000000092d00000| Untracked 
| 238|0x0000000092e00000, 0x0000000092e00000, 0x0000000092f00000|  0%| F|  |TAMS 0x0000000092e00000| PB 0x0000000092e00000| Untracked 
| 239|0x0000000092f00000, 0x0000000092f00000, 0x0000000093000000|  0%| F|  |TAMS 0x0000000092f00000| PB 0x0000000092f00000| Untracked 
| 240|0x0000000093000000, 0x0000000093000000, 0x0000000093100000|  0%| F|  |TAMS 0x0000000093000000| PB 0x0000000093000000| Untracked 
| 241|0x0000000093100000, 0x0000000093100000, 0x0000000093200000|  0%| F|  |TAMS 0x0000000093100000| PB 0x0000000093100000| Untracked 
| 242|0x0000000093200000, 0x0000000093200000, 0x0000000093300000|  0%| F|  |TAMS 0x0000000093200000| PB 0x0000000093200000| Untracked 
| 243|0x0000000093300000, 0x0000000093300000, 0x0000000093400000|  0%| F|  |TAMS 0x0000000093300000| PB 0x0000000093300000| Untracked 
| 244|0x0000000093400000, 0x0000000093400000, 0x0000000093500000|  0%| F|  |TAMS 0x0000000093400000| PB 0x0000000093400000| Untracked 
| 245|0x0000000093500000, 0x0000000093500000, 0x0000000093600000|  0%| F|  |TAMS 0x0000000093500000| PB 0x0000000093500000| Untracked 
| 246|0x0000000093600000, 0x0000000093600000, 0x0000000093700000|  0%| F|  |TAMS 0x0000000093600000| PB 0x0000000093600000| Untracked 
| 247|0x0000000093700000, 0x0000000093700000, 0x0000000093800000|  0%| F|  |TAMS 0x0000000093700000| PB 0x0000000093700000| Untracked 
| 248|0x0000000093800000, 0x0000000093800000, 0x0000000093900000|  0%| F|  |TAMS 0x0000000093800000| PB 0x0000000093800000| Untracked 
| 249|0x0000000093900000, 0x0000000093900000, 0x0000000093a00000|  0%| F|  |TAMS 0x0000000093900000| PB 0x0000000093900000| Untracked 
| 250|0x0000000093a00000, 0x0000000093a00000, 0x0000000093b00000|  0%| F|  |TAMS 0x0000000093a00000| PB 0x0000000093a00000| Untracked 
| 251|0x0000000093b00000, 0x0000000093b00000, 0x0000000093c00000|  0%| F|  |TAMS 0x0000000093b00000| PB 0x0000000093b00000| Untracked 
| 252|0x0000000093c00000, 0x0000000093c00000, 0x0000000093d00000|  0%| F|  |TAMS 0x0000000093c00000| PB 0x0000000093c00000| Untracked 
| 253|0x0000000093d00000, 0x0000000093d00000, 0x0000000093e00000|  0%| F|  |TAMS 0x0000000093d00000| PB 0x0000000093d00000| Untracked 
| 254|0x0000000093e00000, 0x0000000093e00000, 0x0000000093f00000|  0%| F|  |TAMS 0x0000000093e00000| PB 0x0000000093e00000| Untracked 
| 255|0x0000000093f00000, 0x0000000093f00000, 0x0000000094000000|  0%| F|  |TAMS 0x0000000093f00000| PB 0x0000000093f00000| Untracked 
| 256|0x0000000094000000, 0x0000000094000000, 0x0000000094100000|  0%| F|  |TAMS 0x0000000094000000| PB 0x0000000094000000| Untracked 
| 257|0x0000000094100000, 0x0000000094100000, 0x0000000094200000|  0%| F|  |TAMS 0x0000000094100000| PB 0x0000000094100000| Untracked 
| 258|0x0000000094200000, 0x0000000094200000, 0x0000000094300000|  0%| F|  |TAMS 0x0000000094200000| PB 0x0000000094200000| Untracked 
| 259|0x0000000094300000, 0x0000000094300000, 0x0000000094400000|  0%| F|  |TAMS 0x0000000094300000| PB 0x0000000094300000| Untracked 
| 260|0x0000000094400000, 0x0000000094400000, 0x0000000094500000|  0%| F|  |TAMS 0x0000000094400000| PB 0x0000000094400000| Untracked 
| 261|0x0000000094500000, 0x0000000094500000, 0x0000000094600000|  0%| F|  |TAMS 0x0000000094500000| PB 0x0000000094500000| Untracked 
| 262|0x0000000094600000, 0x0000000094600000, 0x0000000094700000|  0%| F|  |TAMS 0x0000000094600000| PB 0x0000000094600000| Untracked 
| 263|0x0000000094700000, 0x0000000094700000, 0x0000000094800000|  0%| F|  |TAMS 0x0000000094700000| PB 0x0000000094700000| Untracked 
| 264|0x0000000094800000, 0x0000000094800000, 0x0000000094900000|  0%| F|  |TAMS 0x0000000094800000| PB 0x0000000094800000| Untracked 
| 265|0x0000000094900000, 0x0000000094900000, 0x0000000094a00000|  0%| F|  |TAMS 0x0000000094900000| PB 0x0000000094900000| Untracked 
| 266|0x0000000094a00000, 0x0000000094a00000, 0x0000000094b00000|  0%| F|  |TAMS 0x0000000094a00000| PB 0x0000000094a00000| Untracked 
| 267|0x0000000094b00000, 0x0000000094b00000, 0x0000000094c00000|  0%| F|  |TAMS 0x0000000094b00000| PB 0x0000000094b00000| Untracked 
| 268|0x0000000094c00000, 0x0000000094c00000, 0x0000000094d00000|  0%| F|  |TAMS 0x0000000094c00000| PB 0x0000000094c00000| Untracked 
| 269|0x0000000094d00000, 0x0000000094d00000, 0x0000000094e00000|  0%| F|  |TAMS 0x0000000094d00000| PB 0x0000000094d00000| Untracked 
| 270|0x0000000094e00000, 0x0000000094e00000, 0x0000000094f00000|  0%| F|  |TAMS 0x0000000094e00000| PB 0x0000000094e00000| Untracked 
| 271|0x0000000094f00000, 0x0000000094f00000, 0x0000000095000000|  0%| F|  |TAMS 0x0000000094f00000| PB 0x0000000094f00000| Untracked 
| 272|0x0000000095000000, 0x0000000095000000, 0x0000000095100000|  0%| F|  |TAMS 0x0000000095000000| PB 0x0000000095000000| Untracked 
| 273|0x0000000095100000, 0x0000000095100000, 0x0000000095200000|  0%| F|  |TAMS 0x0000000095100000| PB 0x0000000095100000| Untracked 
| 274|0x0000000095200000, 0x0000000095200000, 0x0000000095300000|  0%| F|  |TAMS 0x0000000095200000| PB 0x0000000095200000| Untracked 
| 275|0x0000000095300000, 0x0000000095300000, 0x0000000095400000|  0%| F|  |TAMS 0x0000000095300000| PB 0x0000000095300000| Untracked 
| 276|0x0000000095400000, 0x0000000095400000, 0x0000000095500000|  0%| F|  |TAMS 0x0000000095400000| PB 0x0000000095400000| Untracked 
| 277|0x0000000095500000, 0x0000000095500000, 0x0000000095600000|  0%| F|  |TAMS 0x0000000095500000| PB 0x0000000095500000| Untracked 
| 278|0x0000000095600000, 0x0000000095600000, 0x0000000095700000|  0%| F|  |TAMS 0x0000000095600000| PB 0x0000000095600000| Untracked 
| 279|0x0000000095700000, 0x0000000095700000, 0x0000000095800000|  0%| F|  |TAMS 0x0000000095700000| PB 0x0000000095700000| Untracked 
| 280|0x0000000095800000, 0x0000000095800000, 0x0000000095900000|  0%| F|  |TAMS 0x0000000095800000| PB 0x0000000095800000| Untracked 
| 281|0x0000000095900000, 0x0000000095900000, 0x0000000095a00000|  0%| F|  |TAMS 0x0000000095900000| PB 0x0000000095900000| Untracked 
| 282|0x0000000095a00000, 0x0000000095a00000, 0x0000000095b00000|  0%| F|  |TAMS 0x0000000095a00000| PB 0x0000000095a00000| Untracked 
| 283|0x0000000095b00000, 0x0000000095b00000, 0x0000000095c00000|  0%| F|  |TAMS 0x0000000095b00000| PB 0x0000000095b00000| Untracked 
| 284|0x0000000095c00000, 0x0000000095c00000, 0x0000000095d00000|  0%| F|  |TAMS 0x0000000095c00000| PB 0x0000000095c00000| Untracked 
| 285|0x0000000095d00000, 0x0000000095d00000, 0x0000000095e00000|  0%| F|  |TAMS 0x0000000095d00000| PB 0x0000000095d00000| Untracked 
| 286|0x0000000095e00000, 0x0000000095e00000, 0x0000000095f00000|  0%| F|  |TAMS 0x0000000095e00000| PB 0x0000000095e00000| Untracked 
| 287|0x0000000095f00000, 0x0000000095f00000, 0x0000000096000000|  0%| F|  |TAMS 0x0000000095f00000| PB 0x0000000095f00000| Untracked 
| 288|0x0000000096000000, 0x0000000096000000, 0x0000000096100000|  0%| F|  |TAMS 0x0000000096000000| PB 0x0000000096000000| Untracked 
| 289|0x0000000096100000, 0x0000000096100000, 0x0000000096200000|  0%| F|  |TAMS 0x0000000096100000| PB 0x0000000096100000| Untracked 
| 290|0x0000000096200000, 0x0000000096200000, 0x0000000096300000|  0%| F|  |TAMS 0x0000000096200000| PB 0x0000000096200000| Untracked 
| 291|0x0000000096300000, 0x0000000096300000, 0x0000000096400000|  0%| F|  |TAMS 0x0000000096300000| PB 0x0000000096300000| Untracked 
| 292|0x0000000096400000, 0x0000000096400000, 0x0000000096500000|  0%| F|  |TAMS 0x0000000096400000| PB 0x0000000096400000| Untracked 
| 293|0x0000000096500000, 0x0000000096500000, 0x0000000096600000|  0%| F|  |TAMS 0x0000000096500000| PB 0x0000000096500000| Untracked 
| 294|0x0000000096600000, 0x0000000096600000, 0x0000000096700000|  0%| F|  |TAMS 0x0000000096600000| PB 0x0000000096600000| Untracked 
| 295|0x0000000096700000, 0x0000000096700000, 0x0000000096800000|  0%| F|  |TAMS 0x0000000096700000| PB 0x0000000096700000| Untracked 
| 296|0x0000000096800000, 0x0000000096800000, 0x0000000096900000|  0%| F|  |TAMS 0x0000000096800000| PB 0x0000000096800000| Untracked 
| 297|0x0000000096900000, 0x0000000096900000, 0x0000000096a00000|  0%| F|  |TAMS 0x0000000096900000| PB 0x0000000096900000| Untracked 
| 298|0x0000000096a00000, 0x0000000096a00000, 0x0000000096b00000|  0%| F|  |TAMS 0x0000000096a00000| PB 0x0000000096a00000| Untracked 
| 299|0x0000000096b00000, 0x0000000096b00000, 0x0000000096c00000|  0%| F|  |TAMS 0x0000000096b00000| PB 0x0000000096b00000| Untracked 
| 300|0x0000000096c00000, 0x0000000096c00000, 0x0000000096d00000|  0%| F|  |TAMS 0x0000000096c00000| PB 0x0000000096c00000| Untracked 
| 301|0x0000000096d00000, 0x0000000096d00000, 0x0000000096e00000|  0%| F|  |TAMS 0x0000000096d00000| PB 0x0000000096d00000| Untracked 
| 302|0x0000000096e00000, 0x0000000096e00000, 0x0000000096f00000|  0%| F|  |TAMS 0x0000000096e00000| PB 0x0000000096e00000| Untracked 
| 303|0x0000000096f00000, 0x0000000096f00000, 0x0000000097000000|  0%| F|  |TAMS 0x0000000096f00000| PB 0x0000000096f00000| Untracked 
| 304|0x0000000097000000, 0x0000000097000000, 0x0000000097100000|  0%| F|  |TAMS 0x0000000097000000| PB 0x0000000097000000| Untracked 
| 305|0x0000000097100000, 0x0000000097100000, 0x0000000097200000|  0%| F|  |TAMS 0x0000000097100000| PB 0x0000000097100000| Untracked 
| 306|0x0000000097200000, 0x0000000097200000, 0x0000000097300000|  0%| F|  |TAMS 0x0000000097200000| PB 0x0000000097200000| Untracked 
| 307|0x0000000097300000, 0x0000000097300000, 0x0000000097400000|  0%| F|  |TAMS 0x0000000097300000| PB 0x0000000097300000| Untracked 
| 308|0x0000000097400000, 0x0000000097400000, 0x0000000097500000|  0%| F|  |TAMS 0x0000000097400000| PB 0x0000000097400000| Untracked 
| 309|0x0000000097500000, 0x0000000097500000, 0x0000000097600000|  0%| F|  |TAMS 0x0000000097500000| PB 0x0000000097500000| Untracked 
| 310|0x0000000097600000, 0x0000000097600000, 0x0000000097700000|  0%| F|  |TAMS 0x0000000097600000| PB 0x0000000097600000| Untracked 
| 311|0x0000000097700000, 0x0000000097700000, 0x0000000097800000|  0%| F|  |TAMS 0x0000000097700000| PB 0x0000000097700000| Untracked 
| 312|0x0000000097800000, 0x0000000097800000, 0x0000000097900000|  0%| F|  |TAMS 0x0000000097800000| PB 0x0000000097800000| Untracked 
| 313|0x0000000097900000, 0x0000000097900000, 0x0000000097a00000|  0%| F|  |TAMS 0x0000000097900000| PB 0x0000000097900000| Untracked 
| 314|0x0000000097a00000, 0x0000000097a00000, 0x0000000097b00000|  0%| F|  |TAMS 0x0000000097a00000| PB 0x0000000097a00000| Untracked 
| 315|0x0000000097b00000, 0x0000000097b00000, 0x0000000097c00000|  0%| F|  |TAMS 0x0000000097b00000| PB 0x0000000097b00000| Untracked 
| 316|0x0000000097c00000, 0x0000000097c00000, 0x0000000097d00000|  0%| F|  |TAMS 0x0000000097c00000| PB 0x0000000097c00000| Untracked 
| 317|0x0000000097d00000, 0x0000000097d00000, 0x0000000097e00000|  0%| F|  |TAMS 0x0000000097d00000| PB 0x0000000097d00000| Untracked 
| 318|0x0000000097e00000, 0x0000000097f00000, 0x0000000097f00000|100%| S|CS|TAMS 0x0000000097e00000| PB 0x0000000097e00000| Complete 
| 319|0x0000000097f00000, 0x0000000098000000, 0x0000000098000000|100%| S|CS|TAMS 0x0000000097f00000| PB 0x0000000097f00000| Complete 
| 320|0x0000000098000000, 0x0000000098100000, 0x0000000098100000|100%| S|CS|TAMS 0x0000000098000000| PB 0x0000000098000000| Complete 
| 321|0x0000000098100000, 0x0000000098200000, 0x0000000098200000|100%| S|CS|TAMS 0x0000000098100000| PB 0x0000000098100000| Complete 
| 322|0x0000000098200000, 0x00000000982d28f0, 0x0000000098300000| 82%| S|CS|TAMS 0x0000000098200000| PB 0x0000000098200000| Complete 
| 323|0x0000000098300000, 0x0000000098300000, 0x0000000098400000|  0%| F|  |TAMS 0x0000000098300000| PB 0x0000000098300000| Untracked 
| 324|0x0000000098400000, 0x0000000098400000, 0x0000000098500000|  0%| F|  |TAMS 0x0000000098400000| PB 0x0000000098400000| Untracked 
| 325|0x0000000098500000, 0x0000000098500000, 0x0000000098600000|  0%| F|  |TAMS 0x0000000098500000| PB 0x0000000098500000| Untracked 
| 326|0x0000000098600000, 0x0000000098600000, 0x0000000098700000|  0%| F|  |TAMS 0x0000000098600000| PB 0x0000000098600000| Untracked 
| 327|0x0000000098700000, 0x0000000098700000, 0x0000000098800000|  0%| F|  |TAMS 0x0000000098700000| PB 0x0000000098700000| Untracked 
| 328|0x0000000098800000, 0x0000000098800000, 0x0000000098900000|  0%| F|  |TAMS 0x0000000098800000| PB 0x0000000098800000| Untracked 
| 329|0x0000000098900000, 0x0000000098900000, 0x0000000098a00000|  0%| F|  |TAMS 0x0000000098900000| PB 0x0000000098900000| Untracked 
| 330|0x0000000098a00000, 0x0000000098a00000, 0x0000000098b00000|  0%| F|  |TAMS 0x0000000098a00000| PB 0x0000000098a00000| Untracked 
| 331|0x0000000098b00000, 0x0000000098b00000, 0x0000000098c00000|  0%| F|  |TAMS 0x0000000098b00000| PB 0x0000000098b00000| Untracked 
| 332|0x0000000098c00000, 0x0000000098c00000, 0x0000000098d00000|  0%| F|  |TAMS 0x0000000098c00000| PB 0x0000000098c00000| Untracked 
| 333|0x0000000098d00000, 0x0000000098d00000, 0x0000000098e00000|  0%| F|  |TAMS 0x0000000098d00000| PB 0x0000000098d00000| Untracked 
| 334|0x0000000098e00000, 0x0000000098e00000, 0x0000000098f00000|  0%| F|  |TAMS 0x0000000098e00000| PB 0x0000000098e00000| Untracked 
| 335|0x0000000098f00000, 0x0000000098f00000, 0x0000000099000000|  0%| F|  |TAMS 0x0000000098f00000| PB 0x0000000098f00000| Untracked 
| 336|0x0000000099000000, 0x0000000099000000, 0x0000000099100000|  0%| F|  |TAMS 0x0000000099000000| PB 0x0000000099000000| Untracked 
| 337|0x0000000099100000, 0x0000000099100000, 0x0000000099200000|  0%| F|  |TAMS 0x0000000099100000| PB 0x0000000099100000| Untracked 
| 338|0x0000000099200000, 0x0000000099200000, 0x0000000099300000|  0%| F|  |TAMS 0x0000000099200000| PB 0x0000000099200000| Untracked 
| 339|0x0000000099300000, 0x0000000099300000, 0x0000000099400000|  0%| F|  |TAMS 0x0000000099300000| PB 0x0000000099300000| Untracked 
| 340|0x0000000099400000, 0x0000000099400000, 0x0000000099500000|  0%| F|  |TAMS 0x0000000099400000| PB 0x0000000099400000| Untracked 
| 341|0x0000000099500000, 0x0000000099500000, 0x0000000099600000|  0%| F|  |TAMS 0x0000000099500000| PB 0x0000000099500000| Untracked 
| 342|0x0000000099600000, 0x0000000099600000, 0x0000000099700000|  0%| F|  |TAMS 0x0000000099600000| PB 0x0000000099600000| Untracked 
| 343|0x0000000099700000, 0x0000000099700000, 0x0000000099800000|  0%| F|  |TAMS 0x0000000099700000| PB 0x0000000099700000| Untracked 
| 344|0x0000000099800000, 0x0000000099800000, 0x0000000099900000|  0%| F|  |TAMS 0x0000000099800000| PB 0x0000000099800000| Untracked 
| 345|0x0000000099900000, 0x0000000099900000, 0x0000000099a00000|  0%| F|  |TAMS 0x0000000099900000| PB 0x0000000099900000| Untracked 
| 346|0x0000000099a00000, 0x0000000099a00000, 0x0000000099b00000|  0%| F|  |TAMS 0x0000000099a00000| PB 0x0000000099a00000| Untracked 
| 347|0x0000000099b00000, 0x0000000099b00000, 0x0000000099c00000|  0%| F|  |TAMS 0x0000000099b00000| PB 0x0000000099b00000| Untracked 
| 348|0x0000000099c00000, 0x0000000099c00000, 0x0000000099d00000|  0%| F|  |TAMS 0x0000000099c00000| PB 0x0000000099c00000| Untracked 
| 349|0x0000000099d00000, 0x0000000099d00000, 0x0000000099e00000|  0%| F|  |TAMS 0x0000000099d00000| PB 0x0000000099d00000| Untracked 
| 350|0x0000000099e00000, 0x0000000099e00000, 0x0000000099f00000|  0%| F|  |TAMS 0x0000000099e00000| PB 0x0000000099e00000| Untracked 
| 351|0x0000000099f00000, 0x0000000099f00000, 0x000000009a000000|  0%| F|  |TAMS 0x0000000099f00000| PB 0x0000000099f00000| Untracked 
| 352|0x000000009a000000, 0x000000009a000000, 0x000000009a100000|  0%| F|  |TAMS 0x000000009a000000| PB 0x000000009a000000| Untracked 
| 353|0x000000009a100000, 0x000000009a100000, 0x000000009a200000|  0%| F|  |TAMS 0x000000009a100000| PB 0x000000009a100000| Untracked 
| 354|0x000000009a200000, 0x000000009a200000, 0x000000009a300000|  0%| F|  |TAMS 0x000000009a200000| PB 0x000000009a200000| Untracked 
| 355|0x000000009a300000, 0x000000009a300000, 0x000000009a400000|  0%| F|  |TAMS 0x000000009a300000| PB 0x000000009a300000| Untracked 
| 356|0x000000009a400000, 0x000000009a400000, 0x000000009a500000|  0%| F|  |TAMS 0x000000009a400000| PB 0x000000009a400000| Untracked 
| 357|0x000000009a500000, 0x000000009a500000, 0x000000009a600000|  0%| F|  |TAMS 0x000000009a500000| PB 0x000000009a500000| Untracked 
| 358|0x000000009a600000, 0x000000009a600000, 0x000000009a700000|  0%| F|  |TAMS 0x000000009a600000| PB 0x000000009a600000| Untracked 
| 359|0x000000009a700000, 0x000000009a700000, 0x000000009a800000|  0%| F|  |TAMS 0x000000009a700000| PB 0x000000009a700000| Untracked 
| 360|0x000000009a800000, 0x000000009a800000, 0x000000009a900000|  0%| F|  |TAMS 0x000000009a800000| PB 0x000000009a800000| Untracked 
| 361|0x000000009a900000, 0x000000009a900000, 0x000000009aa00000|  0%| F|  |TAMS 0x000000009a900000| PB 0x000000009a900000| Untracked 
| 362|0x000000009aa00000, 0x000000009aa00000, 0x000000009ab00000|  0%| F|  |TAMS 0x000000009aa00000| PB 0x000000009aa00000| Untracked 
| 363|0x000000009ab00000, 0x000000009ab00000, 0x000000009ac00000|  0%| F|  |TAMS 0x000000009ab00000| PB 0x000000009ab00000| Untracked 
| 364|0x000000009ac00000, 0x000000009ac00000, 0x000000009ad00000|  0%| F|  |TAMS 0x000000009ac00000| PB 0x000000009ac00000| Untracked 
| 365|0x000000009ad00000, 0x000000009ad00000, 0x000000009ae00000|  0%| F|  |TAMS 0x000000009ad00000| PB 0x000000009ad00000| Untracked 
| 366|0x000000009ae00000, 0x000000009ae00000, 0x000000009af00000|  0%| F|  |TAMS 0x000000009ae00000| PB 0x000000009ae00000| Untracked 
| 367|0x000000009af00000, 0x000000009af00000, 0x000000009b000000|  0%| F|  |TAMS 0x000000009af00000| PB 0x000000009af00000| Untracked 
| 368|0x000000009b000000, 0x000000009b000000, 0x000000009b100000|  0%| F|  |TAMS 0x000000009b000000| PB 0x000000009b000000| Untracked 
| 369|0x000000009b100000, 0x000000009b100000, 0x000000009b200000|  0%| F|  |TAMS 0x000000009b100000| PB 0x000000009b100000| Untracked 
| 370|0x000000009b200000, 0x000000009b200000, 0x000000009b300000|  0%| F|  |TAMS 0x000000009b200000| PB 0x000000009b200000| Untracked 
| 371|0x000000009b300000, 0x000000009b300000, 0x000000009b400000|  0%| F|  |TAMS 0x000000009b300000| PB 0x000000009b300000| Untracked 
| 372|0x000000009b400000, 0x000000009b400000, 0x000000009b500000|  0%| F|  |TAMS 0x000000009b400000| PB 0x000000009b400000| Untracked 
| 373|0x000000009b500000, 0x000000009b500000, 0x000000009b600000|  0%| F|  |TAMS 0x000000009b500000| PB 0x000000009b500000| Untracked 
| 374|0x000000009b600000, 0x000000009b600000, 0x000000009b700000|  0%| F|  |TAMS 0x000000009b600000| PB 0x000000009b600000| Untracked 
| 375|0x000000009b700000, 0x000000009b700000, 0x000000009b800000|  0%| F|  |TAMS 0x000000009b700000| PB 0x000000009b700000| Untracked 
| 376|0x000000009b800000, 0x000000009b800000, 0x000000009b900000|  0%| F|  |TAMS 0x000000009b800000| PB 0x000000009b800000| Untracked 
| 377|0x000000009b900000, 0x000000009b900000, 0x000000009ba00000|  0%| F|  |TAMS 0x000000009b900000| PB 0x000000009b900000| Untracked 
| 378|0x000000009ba00000, 0x000000009ba00000, 0x000000009bb00000|  0%| F|  |TAMS 0x000000009ba00000| PB 0x000000009ba00000| Untracked 
| 379|0x000000009bb00000, 0x000000009bb00000, 0x000000009bc00000|  0%| F|  |TAMS 0x000000009bb00000| PB 0x000000009bb00000| Untracked 
| 380|0x000000009bc00000, 0x000000009bc00000, 0x000000009bd00000|  0%| F|  |TAMS 0x000000009bc00000| PB 0x000000009bc00000| Untracked 
| 381|0x000000009bd00000, 0x000000009bd00000, 0x000000009be00000|  0%| F|  |TAMS 0x000000009bd00000| PB 0x000000009bd00000| Untracked 
| 382|0x000000009be00000, 0x000000009be00000, 0x000000009bf00000|  0%| F|  |TAMS 0x000000009be00000| PB 0x000000009be00000| Untracked 
| 383|0x000000009bf00000, 0x000000009bf00000, 0x000000009c000000|  0%| F|  |TAMS 0x000000009bf00000| PB 0x000000009bf00000| Untracked 
| 384|0x000000009c000000, 0x000000009c000000, 0x000000009c100000|  0%| F|  |TAMS 0x000000009c000000| PB 0x000000009c000000| Untracked 
| 385|0x000000009c100000, 0x000000009c100000, 0x000000009c200000|  0%| F|  |TAMS 0x000000009c100000| PB 0x000000009c100000| Untracked 
| 386|0x000000009c200000, 0x000000009c200000, 0x000000009c300000|  0%| F|  |TAMS 0x000000009c200000| PB 0x000000009c200000| Untracked 
| 387|0x000000009c300000, 0x000000009c300000, 0x000000009c400000|  0%| F|  |TAMS 0x000000009c300000| PB 0x000000009c300000| Untracked 
| 388|0x000000009c400000, 0x000000009c400000, 0x000000009c500000|  0%| F|  |TAMS 0x000000009c400000| PB 0x000000009c400000| Untracked 
| 389|0x000000009c500000, 0x000000009c500000, 0x000000009c600000|  0%| F|  |TAMS 0x000000009c500000| PB 0x000000009c500000| Untracked 
| 390|0x000000009c600000, 0x000000009c600000, 0x000000009c700000|  0%| F|  |TAMS 0x000000009c600000| PB 0x000000009c600000| Untracked 
| 391|0x000000009c700000, 0x000000009c700000, 0x000000009c800000|  0%| F|  |TAMS 0x000000009c700000| PB 0x000000009c700000| Untracked 
| 392|0x000000009c800000, 0x000000009c800000, 0x000000009c900000|  0%| F|  |TAMS 0x000000009c800000| PB 0x000000009c800000| Untracked 
| 393|0x000000009c900000, 0x000000009c900000, 0x000000009ca00000|  0%| F|  |TAMS 0x000000009c900000| PB 0x000000009c900000| Untracked 
| 394|0x000000009ca00000, 0x000000009ca00000, 0x000000009cb00000|  0%| F|  |TAMS 0x000000009ca00000| PB 0x000000009ca00000| Untracked 
| 395|0x000000009cb00000, 0x000000009cb00000, 0x000000009cc00000|  0%| F|  |TAMS 0x000000009cb00000| PB 0x000000009cb00000| Untracked 
| 396|0x000000009cc00000, 0x000000009cc00000, 0x000000009cd00000|  0%| F|  |TAMS 0x000000009cc00000| PB 0x000000009cc00000| Untracked 
| 397|0x000000009cd00000, 0x000000009cd00000, 0x000000009ce00000|  0%| F|  |TAMS 0x000000009cd00000| PB 0x000000009cd00000| Untracked 
| 398|0x000000009ce00000, 0x000000009ce00000, 0x000000009cf00000|  0%| F|  |TAMS 0x000000009ce00000| PB 0x000000009ce00000| Untracked 
| 399|0x000000009cf00000, 0x000000009cf00000, 0x000000009d000000|  0%| F|  |TAMS 0x000000009cf00000| PB 0x000000009cf00000| Untracked 
| 400|0x000000009d000000, 0x000000009d000000, 0x000000009d100000|  0%| F|  |TAMS 0x000000009d000000| PB 0x000000009d000000| Untracked 
| 401|0x000000009d100000, 0x000000009d100000, 0x000000009d200000|  0%| F|  |TAMS 0x000000009d100000| PB 0x000000009d100000| Untracked 
| 402|0x000000009d200000, 0x000000009d200000, 0x000000009d300000|  0%| F|  |TAMS 0x000000009d200000| PB 0x000000009d200000| Untracked 
| 403|0x000000009d300000, 0x000000009d300000, 0x000000009d400000|  0%| F|  |TAMS 0x000000009d300000| PB 0x000000009d300000| Untracked 
| 404|0x000000009d400000, 0x000000009d400000, 0x000000009d500000|  0%| F|  |TAMS 0x000000009d400000| PB 0x000000009d400000| Untracked 
| 405|0x000000009d500000, 0x000000009d500000, 0x000000009d600000|  0%| F|  |TAMS 0x000000009d500000| PB 0x000000009d500000| Untracked 
| 406|0x000000009d600000, 0x000000009d600000, 0x000000009d700000|  0%| F|  |TAMS 0x000000009d600000| PB 0x000000009d600000| Untracked 
| 407|0x000000009d700000, 0x000000009d700000, 0x000000009d800000|  0%| F|  |TAMS 0x000000009d700000| PB 0x000000009d700000| Untracked 
| 408|0x000000009d800000, 0x000000009d800000, 0x000000009d900000|  0%| F|  |TAMS 0x000000009d800000| PB 0x000000009d800000| Untracked 
| 409|0x000000009d900000, 0x000000009d900000, 0x000000009da00000|  0%| F|  |TAMS 0x000000009d900000| PB 0x000000009d900000| Untracked 
| 410|0x000000009da00000, 0x000000009da00000, 0x000000009db00000|  0%| F|  |TAMS 0x000000009da00000| PB 0x000000009da00000| Untracked 
| 411|0x000000009db00000, 0x000000009db00000, 0x000000009dc00000|  0%| F|  |TAMS 0x000000009db00000| PB 0x000000009db00000| Untracked 
| 412|0x000000009dc00000, 0x000000009dc00000, 0x000000009dd00000|  0%| F|  |TAMS 0x000000009dc00000| PB 0x000000009dc00000| Untracked 
| 413|0x000000009dd00000, 0x000000009dd00000, 0x000000009de00000|  0%| F|  |TAMS 0x000000009dd00000| PB 0x000000009dd00000| Untracked 
| 414|0x000000009de00000, 0x000000009de00000, 0x000000009df00000|  0%| F|  |TAMS 0x000000009de00000| PB 0x000000009de00000| Untracked 
| 415|0x000000009df00000, 0x000000009df00000, 0x000000009e000000|  0%| F|  |TAMS 0x000000009df00000| PB 0x000000009df00000| Untracked 
| 416|0x000000009e000000, 0x000000009e000000, 0x000000009e100000|  0%| F|  |TAMS 0x000000009e000000| PB 0x000000009e000000| Untracked 
| 417|0x000000009e100000, 0x000000009e100000, 0x000000009e200000|  0%| F|  |TAMS 0x000000009e100000| PB 0x000000009e100000| Untracked 
| 418|0x000000009e200000, 0x000000009e200000, 0x000000009e300000|  0%| F|  |TAMS 0x000000009e200000| PB 0x000000009e200000| Untracked 
| 419|0x000000009e300000, 0x000000009e300000, 0x000000009e400000|  0%| F|  |TAMS 0x000000009e300000| PB 0x000000009e300000| Untracked 
| 420|0x000000009e400000, 0x000000009e400000, 0x000000009e500000|  0%| F|  |TAMS 0x000000009e400000| PB 0x000000009e400000| Untracked 
| 421|0x000000009e500000, 0x000000009e500000, 0x000000009e600000|  0%| F|  |TAMS 0x000000009e500000| PB 0x000000009e500000| Untracked 
| 422|0x000000009e600000, 0x000000009e600000, 0x000000009e700000|  0%| F|  |TAMS 0x000000009e600000| PB 0x000000009e600000| Untracked 
| 423|0x000000009e700000, 0x000000009e700000, 0x000000009e800000|  0%| F|  |TAMS 0x000000009e700000| PB 0x000000009e700000| Untracked 
| 424|0x000000009e800000, 0x000000009e800000, 0x000000009e900000|  0%| F|  |TAMS 0x000000009e800000| PB 0x000000009e800000| Untracked 
| 425|0x000000009e900000, 0x000000009e900000, 0x000000009ea00000|  0%| F|  |TAMS 0x000000009e900000| PB 0x000000009e900000| Untracked 
| 426|0x000000009ea00000, 0x000000009ea00000, 0x000000009eb00000|  0%| F|  |TAMS 0x000000009ea00000| PB 0x000000009ea00000| Untracked 
| 427|0x000000009eb00000, 0x000000009eb00000, 0x000000009ec00000|  0%| F|  |TAMS 0x000000009eb00000| PB 0x000000009eb00000| Untracked 
| 428|0x000000009ec00000, 0x000000009ec00000, 0x000000009ed00000|  0%| F|  |TAMS 0x000000009ec00000| PB 0x000000009ec00000| Untracked 
| 429|0x000000009ed00000, 0x000000009ed00000, 0x000000009ee00000|  0%| F|  |TAMS 0x000000009ed00000| PB 0x000000009ed00000| Untracked 
| 430|0x000000009ee00000, 0x000000009ee00000, 0x000000009ef00000|  0%| F|  |TAMS 0x000000009ee00000| PB 0x000000009ee00000| Untracked 
| 431|0x000000009ef00000, 0x000000009ef00000, 0x000000009f000000|  0%| F|  |TAMS 0x000000009ef00000| PB 0x000000009ef00000| Untracked 
| 432|0x000000009f000000, 0x000000009f000000, 0x000000009f100000|  0%| F|  |TAMS 0x000000009f000000| PB 0x000000009f000000| Untracked 
| 433|0x000000009f100000, 0x000000009f100000, 0x000000009f200000|  0%| F|  |TAMS 0x000000009f100000| PB 0x000000009f100000| Untracked 
| 434|0x000000009f200000, 0x000000009f200000, 0x000000009f300000|  0%| F|  |TAMS 0x000000009f200000| PB 0x000000009f200000| Untracked 
| 435|0x000000009f300000, 0x000000009f300000, 0x000000009f400000|  0%| F|  |TAMS 0x000000009f300000| PB 0x000000009f300000| Untracked 
| 436|0x000000009f400000, 0x000000009f400000, 0x000000009f500000|  0%| F|  |TAMS 0x000000009f400000| PB 0x000000009f400000| Untracked 
| 437|0x000000009f500000, 0x000000009f500000, 0x000000009f600000|  0%| F|  |TAMS 0x000000009f500000| PB 0x000000009f500000| Untracked 
| 438|0x000000009f600000, 0x000000009f600000, 0x000000009f700000|  0%| F|  |TAMS 0x000000009f600000| PB 0x000000009f600000| Untracked 
| 439|0x000000009f700000, 0x000000009f700000, 0x000000009f800000|  0%| F|  |TAMS 0x000000009f700000| PB 0x000000009f700000| Untracked 
| 440|0x000000009f800000, 0x000000009f800000, 0x000000009f900000|  0%| F|  |TAMS 0x000000009f800000| PB 0x000000009f800000| Untracked 
| 441|0x000000009f900000, 0x000000009f900000, 0x000000009fa00000|  0%| F|  |TAMS 0x000000009f900000| PB 0x000000009f900000| Untracked 
| 442|0x000000009fa00000, 0x000000009fa00000, 0x000000009fb00000|  0%| F|  |TAMS 0x000000009fa00000| PB 0x000000009fa00000| Untracked 
| 443|0x000000009fb00000, 0x000000009fb00000, 0x000000009fc00000|  0%| F|  |TAMS 0x000000009fb00000| PB 0x000000009fb00000| Untracked 
|1973|0x00000000ff500000, 0x00000000ff500000, 0x00000000ff600000|  0%| F|  |TAMS 0x00000000ff500000| PB 0x00000000ff500000| Untracked 
|1974|0x00000000ff600000, 0x00000000ff600000, 0x00000000ff700000|  0%| F|  |TAMS 0x00000000ff600000| PB 0x00000000ff600000| Untracked 
|1975|0x00000000ff700000, 0x00000000ff800000, 0x00000000ff800000|100%| O|  |TAMS 0x00000000ff700000| PB 0x00000000ff700000| Untracked 
|1976|0x00000000ff800000, 0x00000000ff800000, 0x00000000ff900000|  0%| F|  |TAMS 0x00000000ff800000| PB 0x00000000ff800000| Untracked 
|1977|0x00000000ff900000, 0x00000000ff900000, 0x00000000ffa00000|  0%| F|  |TAMS 0x00000000ff900000| PB 0x00000000ff900000| Untracked 
|1978|0x00000000ffa00000, 0x00000000ffb00000, 0x00000000ffb00000|100%| O|  |TAMS 0x00000000ffa00000| PB 0x00000000ffa00000| Untracked 
|1979|0x00000000ffb00000, 0x00000000ffb00000, 0x00000000ffc00000|  0%| F|  |TAMS 0x00000000ffb00000| PB 0x00000000ffb00000| Untracked 
|1980|0x00000000ffc00000, 0x00000000ffd00000, 0x00000000ffd00000|100%| O|  |TAMS 0x00000000ffc00000| PB 0x00000000ffc00000| Untracked 
|1981|0x00000000ffd00000, 0x00000000ffe00000, 0x00000000ffe00000|100%| O|  |TAMS 0x00000000ffd00000| PB 0x00000000ffd00000| Untracked 
|1982|0x00000000ffe00000, 0x00000000fff00000, 0x00000000fff00000|100%| O|  |TAMS 0x00000000ffe00000| PB 0x00000000ffe00000| Untracked 
|1983|0x00000000fff00000, 0x0000000100000000, 0x0000000100000000|100%| O|  |TAMS 0x00000000fff00000| PB 0x00000000fff00000| Untracked 

Card table byte_map: [0x0000028d7cd00000,0x0000028d7d0e0000] _byte_map_base: 0x0000028d7c8e0000

Marking Bits: (CMBitMap*) 0x0000028d76671870
 Bits: [0x0000028d7d0e0000, 0x0000028d7efe0000)

Polling page: 0x0000028d75be0000

Metaspace:

Usage:
  Non-class:     32.94 MB used.
      Class:      5.13 MB used.
       Both:     38.07 MB used.

Virtual space:
  Non-class space:       64.00 MB reserved,      33.31 MB ( 52%) committed,  1 nodes.
      Class space:        1.00 GB reserved,       5.44 MB ( <1%) committed,  1 nodes.
             Both:        1.06 GB reserved,      38.75 MB (  4%) committed. 

Chunk freelists:
   Non-Class:  14.30 MB
       Class:  10.59 MB
        Both:  24.89 MB

MaxMetaspaceSize: unlimited
CompressedClassSpaceSize: 1.00 GB
Initial GC threshold: 21.00 MB
Current GC threshold: 64.38 MB
CDS: on
 - commit_granule_bytes: 65536.
 - commit_granule_words: 8192.
 - virtual_space_node_default_size: 8388608.
 - enlarge_chunks_in_place: 1.
 - use_allocation_guard: 0.


Internal statistics:

num_allocs_failed_limit: 3.
num_arena_births: 850.
num_arena_deaths: 0.
num_vsnodes_births: 2.
num_vsnodes_deaths: 0.
num_space_committed: 620.
num_space_uncommitted: 0.
num_chunks_returned_to_freelist: 3.
num_chunks_taken_from_freelist: 2199.
num_chunk_merges: 3.
num_chunk_splits: 1509.
num_chunks_enlarged: 1081.
num_inconsistent_stats: 0.

CodeCache: size=49152Kb used=8764Kb max_used=10787Kb free=40387Kb
 bounds [0x0000028d79810000, 0x0000028d7a2b0000, 0x0000028d7c810000]
 total_blobs=4219, nmethods=3585, adapters=556, full_count=0
Compilation: enabled, stopped_count=0, restarted_count=0

Compilation events (20 events):
Event: 22.075 Thread 0x0000028d7fb58e90 nmethod 5126 0x0000028d79cd5090 code [0x0000028d79cd5340, 0x0000028d79cd5b78]
Event: 22.075 Thread 0x0000028d7fab46c0 5127       1       io.github.classgraph.ObjectTypedValueWrapper::<init> (498 bytes)
Event: 22.076 Thread 0x0000028d7fb5b770 nmethod 5124 0x0000028d79eb0790 code [0x0000028d79eb0c20, 0x0000028d79eb2040]
Event: 22.076 Thread 0x0000028d7fab46c0 nmethod 5127 0x0000028d79c27b10 code [0x0000028d79c27f00, 0x0000028d79c29ae8]
Event: 22.083 Thread 0x0000028d7fab46c0 5128       1       io.github.classgraph.AnnotationParameterValue::<init> (22 bytes)
Event: 22.083 Thread 0x0000028d7fb58e90 5129       1       io.github.classgraph.AnnotationParameterValue::getValue (19 bytes)
Event: 22.083 Thread 0x0000028d7fb5b770 5130       1       io.github.classgraph.ObjectTypedValueWrapper::get (7 bytes)
Event: 22.083 Thread 0x0000028d7fb5b770 nmethod 5130 0x0000028d79a20a10 code [0x0000028d79a20bc0, 0x0000028d79a20cb8]
Event: 22.083 Thread 0x0000028d7fab46c0 nmethod 5128 0x0000028d7992aa90 code [0x0000028d7992ac40, 0x0000028d7992ae50]
Event: 22.084 Thread 0x0000028d7fb58e90 nmethod 5129 0x0000028d79a28690 code [0x0000028d79a28840, 0x0000028d79a28960]
Event: 22.330 Thread 0x0000028d7fb58e90 5131       1       java.lang.StringBuilder::setLength (6 bytes)
Event: 22.331 Thread 0x0000028d7fb58e90 nmethod 5131 0x0000028d79937f90 code [0x0000028d79938140, 0x0000028d79938228]
Event: 22.572 Thread 0x0000028d7fb58e90 5132       1       io.github.classgraph.ClasspathElementZip::getResource (12 bytes)
Event: 22.573 Thread 0x0000028d7fab46c0 5133       1       io.github.classgraph.ClasspathElementModule::getResource (23 bytes)
Event: 22.573 Thread 0x0000028d7fb58e90 nmethod 5132 0x0000028d79929910 code [0x0000028d79929ac0, 0x0000028d79929bf0]
Event: 22.573 Thread 0x0000028d7fab46c0 nmethod 5133 0x0000028d79aa1a10 code [0x0000028d79aa1bc0, 0x0000028d79aa1f40]
Event: 22.607 Thread 0x0000028d7fab46c0 5134       1       io.github.classgraph.AnnotationParameterValueList::<init> (5 bytes)
Event: 22.607 Thread 0x0000028d7fb58e90 5135       1       io.github.classgraph.MappableInfoList::<init> (5 bytes)
Event: 22.607 Thread 0x0000028d7fb58e90 nmethod 5135 0x0000028d79a2ca10 code [0x0000028d79a2cba0, 0x0000028d79a2ccd8]
Event: 22.607 Thread 0x0000028d7fab46c0 nmethod 5134 0x0000028d79a2e590 code [0x0000028d79a2e720, 0x0000028d79a2e858]

GC Heap History (20 events):
Event: 16.388 GC heap after
{Heap after GC invocations=26 (full 0):
 garbage-first heap   total 317440K, used 125585K [0x0000000084000000, 0x0000000100000000)
  region size 1024K, 15 young (15360K), 15 survivors (15360K)
 Metaspace       used 36183K, committed 36800K, reserved 1114112K
  class space    used 4881K, committed 5120K, reserved 1048576K
}
Event: 18.240 GC heap before
{Heap before GC invocations=26 (full 0):
 garbage-first heap   total 317440K, used 292497K [0x0000000084000000, 0x0000000100000000)
  region size 1024K, 179 young (183296K), 15 survivors (15360K)
 Metaspace       used 38155K, committed 38848K, reserved 1114112K
  class space    used 5165K, committed 5440K, reserved 1048576K
}
Event: 18.258 GC heap after
{Heap after GC invocations=27 (full 0):
 garbage-first heap   total 320512K, used 132831K [0x0000000084000000, 0x0000000100000000)
  region size 1024K, 15 young (15360K), 15 survivors (15360K)
 Metaspace       used 38155K, committed 38848K, reserved 1114112K
  class space    used 5165K, committed 5440K, reserved 1048576K
}
Event: 20.070 GC heap before
{Heap before GC invocations=27 (full 0):
 garbage-first heap   total 320512K, used 296671K [0x0000000084000000, 0x0000000100000000)
  region size 1024K, 177 young (181248K), 15 survivors (15360K)
 Metaspace       used 38851K, committed 39552K, reserved 1114112K
  class space    used 5241K, committed 5568K, reserved 1048576K
}
Event: 20.086 GC heap after
{Heap after GC invocations=28 (full 0):
 garbage-first heap   total 323584K, used 142001K [0x0000000084000000, 0x0000000100000000)
  region size 1024K, 17 young (17408K), 17 survivors (17408K)
 Metaspace       used 38851K, committed 39552K, reserved 1114112K
  class space    used 5241K, committed 5568K, reserved 1048576K
}
Event: 21.327 GC heap before
{Heap before GC invocations=29 (full 0):
 garbage-first heap   total 323584K, used 300721K [0x0000000084000000, 0x0000000100000000)
  region size 1024K, 173 young (177152K), 17 survivors (17408K)
 Metaspace       used 38851K, committed 39552K, reserved 1114112K
  class space    used 5241K, committed 5568K, reserved 1048576K
}
Event: 21.338 GC heap after
{Heap after GC invocations=30 (full 0):
 garbage-first heap   total 332800K, used 154992K [0x0000000084000000, 0x0000000100000000)
  region size 1024K, 22 young (22528K), 22 survivors (22528K)
 Metaspace       used 38851K, committed 39552K, reserved 1114112K
  class space    used 5241K, committed 5568K, reserved 1048576K
}
Event: 21.496 GC heap before
{Heap before GC invocations=30 (full 0):
 garbage-first heap   total 332800K, used 306544K [0x0000000084000000, 0x0000000100000000)
  region size 1024K, 171 young (175104K), 22 survivors (22528K)
 Metaspace       used 38983K, committed 39680K, reserved 1114112K
  class space    used 5249K, committed 5568K, reserved 1048576K
}
Event: 21.508 GC heap after
{Heap after GC invocations=31 (full 0):
 garbage-first heap   total 342016K, used 162735K [0x0000000084000000, 0x0000000100000000)
  region size 1024K, 10 young (10240K), 10 survivors (10240K)
 Metaspace       used 38983K, committed 39680K, reserved 1114112K
  class space    used 5249K, committed 5568K, reserved 1048576K
}
Event: 21.607 GC heap before
{Heap before GC invocations=31 (full 0):
 garbage-first heap   total 342016K, used 244655K [0x0000000084000000, 0x0000000100000000)
  region size 1024K, 92 young (94208K), 10 survivors (10240K)
 Metaspace       used 38983K, committed 39680K, reserved 1114112K
  class space    used 5249K, committed 5568K, reserved 1048576K
}
Event: 21.613 GC heap after
{Heap after GC invocations=32 (full 0):
 garbage-first heap   total 342016K, used 165758K [0x0000000084000000, 0x0000000100000000)
  region size 1024K, 13 young (13312K), 13 survivors (13312K)
 Metaspace       used 38983K, committed 39680K, reserved 1114112K
  class space    used 5249K, committed 5568K, reserved 1048576K
}
Event: 21.855 GC heap before
{Heap before GC invocations=33 (full 0):
 garbage-first heap   total 342016K, used 319358K [0x0000000084000000, 0x0000000100000000)
  region size 1024K, 163 young (166912K), 13 survivors (13312K)
 Metaspace       used 38984K, committed 39680K, reserved 1114112K
  class space    used 5249K, committed 5568K, reserved 1048576K
}
Event: 21.868 GC heap after
{Heap after GC invocations=34 (full 0):
 garbage-first heap   total 342016K, used 174857K [0x0000000084000000, 0x0000000100000000)
  region size 1024K, 12 young (12288K), 12 survivors (12288K)
 Metaspace       used 38984K, committed 39680K, reserved 1114112K
  class space    used 5249K, committed 5568K, reserved 1048576K
}
Event: 22.041 GC heap before
{Heap before GC invocations=34 (full 0):
 garbage-first heap   total 342016K, used 320265K [0x0000000084000000, 0x0000000100000000)
  region size 1024K, 155 young (158720K), 12 survivors (12288K)
 Metaspace       used 38984K, committed 39680K, reserved 1114112K
  class space    used 5249K, committed 5568K, reserved 1048576K
}
Event: 22.051 GC heap after
{Heap after GC invocations=35 (full 0):
 garbage-first heap   total 342016K, used 178153K [0x0000000084000000, 0x0000000100000000)
  region size 1024K, 14 young (14336K), 14 survivors (14336K)
 Metaspace       used 38984K, committed 39680K, reserved 1114112K
  class space    used 5249K, committed 5568K, reserved 1048576K
}
Event: 22.237 GC heap before
{Heap before GC invocations=35 (full 0):
 garbage-first heap   total 342016K, used 320489K [0x0000000084000000, 0x0000000100000000)
  region size 1024K, 154 young (157696K), 14 survivors (14336K)
 Metaspace       used 38984K, committed 39680K, reserved 1114112K
  class space    used 5249K, committed 5568K, reserved 1048576K
}
Event: 22.248 GC heap after
{Heap after GC invocations=36 (full 0):
 garbage-first heap   total 344064K, used 186243K [0x0000000084000000, 0x0000000100000000)
  region size 1024K, 14 young (14336K), 14 survivors (14336K)
 Metaspace       used 38984K, committed 39680K, reserved 1114112K
  class space    used 5249K, committed 5568K, reserved 1048576K
}
Event: 22.423 GC heap before
{Heap before GC invocations=37 (full 0):
 garbage-first heap   total 344064K, used 324483K [0x0000000084000000, 0x0000000100000000)
  region size 1024K, 150 young (153600K), 14 survivors (14336K)
 Metaspace       used 38984K, committed 39680K, reserved 1114112K
  class space    used 5249K, committed 5568K, reserved 1048576K
}
Event: 22.434 GC heap after
{Heap after GC invocations=38 (full 0):
 garbage-first heap   total 347136K, used 192838K [0x0000000084000000, 0x0000000100000000)
  region size 1024K, 14 young (14336K), 14 survivors (14336K)
 Metaspace       used 38984K, committed 39680K, reserved 1114112K
  class space    used 5249K, committed 5568K, reserved 1048576K
}
Event: 22.631 GC heap before
{Heap before GC invocations=38 (full 0):
 garbage-first heap   total 347136K, used 326982K [0x0000000084000000, 0x0000000100000000)
  region size 1024K, 146 young (149504K), 14 survivors (14336K)
 Metaspace       used 38984K, committed 39680K, reserved 1114112K
  class space    used 5249K, committed 5568K, reserved 1048576K
}

Dll operation events (11 events):
Event: 0.012 Loaded shared library c:\Users\Glymin Terra Selasi\.trae\extensions\redhat.java-1.52.0-win32-x64\jre\21.0.9-win32-x86_64\bin\java.dll
Event: 0.182 Loaded shared library c:\Users\Glymin Terra Selasi\.trae\extensions\redhat.java-1.52.0-win32-x64\jre\21.0.9-win32-x86_64\bin\zip.dll
Event: 0.193 Loaded shared library C:\Users\Glymin Terra Selasi\.trae\extensions\redhat.java-1.52.0-win32-x64\jre\21.0.9-win32-x86_64\bin\net.dll
Event: 0.195 Loaded shared library C:\Users\Glymin Terra Selasi\.trae\extensions\redhat.java-1.52.0-win32-x64\jre\21.0.9-win32-x86_64\bin\nio.dll
Event: 0.199 Loaded shared library C:\Users\Glymin Terra Selasi\.trae\extensions\redhat.java-1.52.0-win32-x64\jre\21.0.9-win32-x86_64\bin\zip.dll
Event: 0.455 Loaded shared library C:\Users\Glymin Terra Selasi\.trae\extensions\redhat.java-1.52.0-win32-x64\jre\21.0.9-win32-x86_64\bin\jimage.dll
Event: 0.968 Loaded shared library c:\Users\Glymin Terra Selasi\.trae\extensions\redhat.java-1.52.0-win32-x64\jre\21.0.9-win32-x86_64\bin\verify.dll
Event: 7.384 Loaded shared library C:\Users\Glymin Terra Selasi\.trae\extensions\redhat.java-1.52.0-win32-x64\jre\21.0.9-win32-x86_64\bin\management.dll
Event: 7.390 Loaded shared library C:\Users\Glymin Terra Selasi\.trae\extensions\redhat.java-1.52.0-win32-x64\jre\21.0.9-win32-x86_64\bin\management_ext.dll
Event: 13.931 Loaded shared library C:\Users\Glymin Terra Selasi\.trae\extensions\redhat.java-1.52.0-win32-x64\jre\21.0.9-win32-x86_64\bin\sunmscapi.dll
Event: 16.801 Loaded shared library C:\Users\Glymin Terra Selasi\.trae\extensions\redhat.java-1.52.0-win32-x64\jre\21.0.9-win32-x86_64\bin\extnet.dll

Deoptimization events (4 events):
Event: 8.715 Thread 0x0000028d48380500 DEOPT PACKING pc=0x0000028d79a3707c sp=0x0000009c26dfcf50
Event: 8.716 Thread 0x0000028d48380500 DEOPT UNPACKING pc=0x0000028d798686e2 sp=0x0000009c26dfc4d0 mode 0
Event: 11.626 Thread 0x0000028d486060e0 DEOPT PACKING pc=0x0000028d7a05bde4 sp=0x0000009c285fe290
Event: 11.626 Thread 0x0000028d486060e0 DEOPT UNPACKING pc=0x0000028d798686e2 sp=0x0000009c285fd758 mode 0

Classes loaded (20 events):
Event: 17.689 Loading class sun/security/ssl/NewSessionTicket$NewSessionTicketMessage done
Event: 17.689 Loading class sun/security/ssl/NewSessionTicket$T13NewSessionTicketMessage done
Event: 18.165 Loading class sun/net/www/HeaderParser
Event: 18.165 Loading class sun/net/www/HeaderParser done
Event: 18.165 Loading class sun/net/www/http/ChunkedInputStream
Event: 18.165 Loading class sun/net/www/http/Hurryable
Event: 18.165 Loading class sun/net/www/http/Hurryable done
Event: 18.165 Loading class sun/net/www/http/ChunkedInputStream done
Event: 18.166 Loading class sun/net/www/protocol/http/HttpURLConnection$HttpInputStream
Event: 18.166 Loading class sun/net/www/protocol/http/HttpURLConnection$HttpInputStream done
Event: 19.186 Loading class java/io/OutputStream$1
Event: 19.186 Loading class java/io/OutputStream$1 done
Event: 19.187 Loading class sun/net/www/http/KeepAliveCache$1
Event: 19.187 Loading class sun/net/www/http/KeepAliveCache$1 done
Event: 19.188 Loading class sun/net/www/http/KeepAliveCache$ClientVector
Event: 19.188 Loading class sun/net/www/http/KeepAliveCache$ClientVector done
Event: 19.188 Loading class sun/net/www/http/KeepAliveEntry
Event: 19.188 Loading class jdk/internal/event/ThreadSleepEvent
Event: 19.188 Loading class sun/net/www/http/KeepAliveEntry done
Event: 19.188 Loading class jdk/internal/event/ThreadSleepEvent done

Classes unloaded (0 events):
No events

Classes redefined (0 events):
No events

Internal exceptions (20 events):
Event: 15.040 Thread 0x0000028d486025d0 Exception <a 'sun/nio/fs/WindowsException'{0x00000000944b6068}> (0x00000000944b6068) 
thrown [s\src\hotspot\share\prims\jni.cpp, line 520]
Event: 15.040 Thread 0x0000028d486025d0 Exception <a 'sun/nio/fs/WindowsException'{0x00000000944b6c70}> (0x00000000944b6c70) 
thrown [s\src\hotspot\share\prims\jni.cpp, line 520]
Event: 21.440 Thread 0x0000028d48603980 Exception <a 'sun/nio/fs/WindowsException'{0x0000000090c88740}> (0x0000000090c88740) 
thrown [s\src\hotspot\share\prims\jni.cpp, line 520]
Event: 21.441 Thread 0x0000028d48603980 Exception <a 'sun/nio/fs/WindowsException'{0x0000000090c88b90}> (0x0000000090c88b90) 
thrown [s\src\hotspot\share\prims\jni.cpp, line 520]
Event: 22.572 Thread 0x0000028d486046a0 Exception <a 'sun/nio/fs/WindowsException'{0x0000000092d6f4a8}> (0x0000000092d6f4a8) 
thrown [s\src\hotspot\share\prims\jni.cpp, line 520]
Event: 22.572 Thread 0x0000028d483ded60 Exception <a 'sun/nio/fs/WindowsException'{0x0000000092c0bec8}> (0x0000000092c0bec8) 
thrown [s\src\hotspot\share\prims\jni.cpp, line 520]
Event: 22.572 Thread 0x0000028d486046a0 Exception <a 'sun/nio/fs/WindowsException'{0x0000000092d6fa08}> (0x0000000092d6fa08) 
thrown [s\src\hotspot\share\prims\jni.cpp, line 520]
Event: 22.572 Thread 0x0000028d483ded60 Exception <a 'sun/nio/fs/WindowsException'{0x0000000092c0c498}> (0x0000000092c0c498) 
thrown [s\src\hotspot\share\prims\jni.cpp, line 520]
Event: 22.572 Thread 0x0000028d483dd320 Exception <a 'sun/nio/fs/WindowsException'{0x0000000092fe03f8}> (0x0000000092fe03f8) 
thrown [s\src\hotspot\share\prims\jni.cpp, line 520]
Event: 22.572 Thread 0x0000028d483dd320 Exception <a 'sun/nio/fs/WindowsException'{0x0000000092fe09e8}> (0x0000000092fe09e8) 
thrown [s\src\hotspot\share\prims\jni.cpp, line 520]
Event: 22.573 Thread 0x0000028d486046a0 Exception <a 'sun/nio/fs/WindowsException'{0x0000000092d707d8}> (0x0000000092d707d8) 
thrown [s\src\hotspot\share\prims\jni.cpp, line 520]
Event: 22.574 Thread 0x0000028d486046a0 Exception <a 'sun/nio/fs/WindowsException'{0x0000000092d70d70}> (0x0000000092d70d70) 
thrown [s\src\hotspot\share\prims\jni.cpp, line 520]
Event: 22.574 Thread 0x0000028d486032f0 Exception <a 'sun/nio/fs/WindowsException'{0x0000000092efde48}> (0x0000000092efde48) 
thrown [s\src\hotspot\share\prims\jni.cpp, line 520]
Event: 22.574 Thread 0x0000028d486032f0 Exception <a 'sun/nio/fs/WindowsException'{0x0000000092efe3e8}> (0x0000000092efe3e8) 
thrown [s\src\hotspot\share\prims\jni.cpp, line 520]
Event: 22.622 Thread 0x0000028d486032f0 Exception <a 'sun/nio/fs/WindowsException'{0x0000000090c79a50}> (0x0000000090c79a50) 
thrown [s\src\hotspot\share\prims\jni.cpp, line 520]
Event: 22.622 Thread 0x0000028d486032f0 Exception <a 'sun/nio/fs/WindowsException'{0x0000000090c79f10}> (0x0000000090c79f10) 
thrown [s\src\hotspot\share\prims\jni.cpp, line 520]
Event: 22.629 Thread 0x0000028d486032f0 Exception <a 'sun/nio/fs/WindowsException'{0x000000009075ec18}> (0x000000009075ec18) 
thrown [s\src\hotspot\share\prims\jni.cpp, line 520]
Event: 22.629 Thread 0x0000028d486032f0 Exception <a 'sun/nio/fs/WindowsException'{0x000000009075f158}> (0x000000009075f158) 
thrown [s\src\hotspot\share\prims\jni.cpp, line 520]
Event: 22.629 Thread 0x0000028d48604d30 Exception <a 'sun/nio/fs/WindowsException'{0x00000000908cecc0}> (0x00000000908cecc0) 
thrown [s\src\hotspot\share\prims\jni.cpp, line 520]
Event: 22.629 Thread 0x0000028d48604d30 Exception <a 'sun/nio/fs/WindowsException'{0x00000000908cf1e0}> (0x00000000908cf1e0) 
thrown [s\src\hotspot\share\prims\jni.cpp, line 520]

ZGC Phase Switch (0 events):
No events

VM Operations (20 events):
Event: 21.613 Executing VM operation: G1TryInitiateConcMark (G1 Humongous Allocation) done
Event: 21.699 Executing VM operation: G1PauseRemark
Event: 21.709 Executing VM operation: G1PauseRemark done
Event: 21.748 Executing VM operation: G1PauseCleanup
Event: 21.749 Executing VM operation: G1PauseCleanup done
Event: 21.855 Executing VM operation: G1CollectForAllocation (G1 Evacuation Pause)
Event: 21.868 Executing VM operation: G1CollectForAllocation (G1 Evacuation Pause) done
Event: 22.041 Executing VM operation: G1CollectForAllocation (G1 Evacuation Pause)
Event: 22.051 Executing VM operation: G1CollectForAllocation (G1 Evacuation Pause) done
Event: 22.237 Executing VM operation: G1CollectForAllocation (G1 Evacuation Pause)
Event: 22.248 Executing VM operation: G1CollectForAllocation (G1 Evacuation Pause) done
Event: 22.336 Executing VM operation: G1PauseRemark
Event: 22.342 Executing VM operation: G1PauseRemark done
Event: 22.390 Executing VM operation: G1PauseCleanup
Event: 22.390 Executing VM operation: G1PauseCleanup done
Event: 22.423 Executing VM operation: G1CollectForAllocation (G1 Evacuation Pause)
Event: 22.423 Executing VM operation: G1CollectForAllocation (G1 Evacuation Pause) done
Event: 22.423 Executing VM operation: G1CollectForAllocation (GCLocker Initiated GC)
Event: 22.434 Executing VM operation: G1CollectForAllocation (GCLocker Initiated GC) done
Event: 22.631 Executing VM operation: G1CollectForAllocation (G1 Evacuation Pause)

Memory protections (0 events):
No events

Nmethod flushes (20 events):
Event: 21.708 Thread 0x0000028d7fa7ee10 flushing  nmethod 0x0000028d7a04aa10
Event: 21.708 Thread 0x0000028d7fa7ee10 flushing  nmethod 0x0000028d7a04bd90
Event: 21.708 Thread 0x0000028d7fa7ee10 flushing  nmethod 0x0000028d7a04c110
Event: 21.708 Thread 0x0000028d7fa7ee10 flushing  nmethod 0x0000028d7a04d810
Event: 21.708 Thread 0x0000028d7fa7ee10 flushing  nmethod 0x0000028d7a04e710
Event: 21.708 Thread 0x0000028d7fa7ee10 flushing  nmethod 0x0000028d7a04f590
Event: 21.708 Thread 0x0000028d7fa7ee10 flushing  nmethod 0x0000028d7a0d0590
Event: 21.708 Thread 0x0000028d7fa7ee10 flushing  nmethod 0x0000028d7a0d0890
Event: 21.708 Thread 0x0000028d7fa7ee10 flushing  nmethod 0x0000028d7a0d0c10
Event: 21.708 Thread 0x0000028d7fa7ee10 flushing  nmethod 0x0000028d7a0d0f10
Event: 21.708 Thread 0x0000028d7fa7ee10 flushing  nmethod 0x0000028d7a0d1390
Event: 21.708 Thread 0x0000028d7fa7ee10 flushing osr nmethod 0x0000028d7a0d3190
Event: 21.708 Thread 0x0000028d7fa7ee10 flushing  nmethod 0x0000028d7a126110
Event: 21.708 Thread 0x0000028d7fa7ee10 flushing  nmethod 0x0000028d7a126410
Event: 21.708 Thread 0x0000028d7fa7ee10 flushing  nmethod 0x0000028d7a127010
Event: 21.708 Thread 0x0000028d7fa7ee10 flushing  nmethod 0x0000028d7a127610
Event: 21.708 Thread 0x0000028d7fa7ee10 flushing  nmethod 0x0000028d7a141d10
Event: 21.708 Thread 0x0000028d7fa7ee10 flushing  nmethod 0x0000028d7a142410
Event: 21.708 Thread 0x0000028d7fa7ee10 flushing  nmethod 0x0000028d7a142b10
Event: 21.708 Thread 0x0000028d7fa7ee10 flushing  nmethod 0x0000028d7a142e90

Events (20 events):
Event: 7.866 Thread 0x0000028d483dd9b0 Thread added: 0x0000028d48603980
Event: 7.866 Thread 0x0000028d483dd9b0 Thread added: 0x0000028d48604d30
Event: 7.867 Thread 0x0000028d483dd9b0 Thread added: 0x0000028d486046a0
Event: 7.868 Thread 0x0000028d483dd9b0 Thread added: 0x0000028d486032f0
Event: 7.868 Thread 0x0000028d483dd9b0 Thread added: 0x0000028d486018b0
Event: 8.222 Thread 0x0000028d7fa68650 Thread added: 0x0000028d486053c0
Event: 9.037 Thread 0x0000028d48380500 Thread added: 0x0000028d486025d0
Event: 9.038 Thread 0x0000028d48380500 Thread added: 0x0000028d486060e0
Event: 9.580 Thread 0x0000028d7fb5b0a0 Thread exited: 0x0000028d7fb5b0a0
Event: 9.581 Thread 0x0000028d7fb5a300 Thread exited: 0x0000028d7fb5a300
Event: 9.581 Thread 0x0000028d7fb5b770 Thread exited: 0x0000028d7fb5b770
Event: 12.566 Thread 0x0000028d7fab46c0 Thread added: 0x0000028d7fb5b770
Event: 13.970 Thread 0x0000028d7fb5b770 Thread exited: 0x0000028d7fb5b770
Event: 14.953 Thread 0x0000028d7fab46c0 Thread added: 0x0000028d7fb5a300
Event: 17.573 Thread 0x0000028d486060e0 Thread added: 0x0000028d48602c60
Event: 17.574 Thread 0x0000028d48602c60 Thread exited: 0x0000028d48602c60
Event: 18.281 Thread 0x0000028d7fb5a300 Thread exited: 0x0000028d7fb5a300
Event: 19.002 Thread 0x0000028d7fab46c0 Thread added: 0x0000028d7fb5b770
Event: 19.004 Thread 0x0000028d7fab46c0 Thread added: 0x0000028d7fb58e90
Event: 19.188 Thread 0x0000028d486060e0 Thread added: 0x0000028d48602c60


Dynamic libraries:
0x00007ff7752f0000 - 0x00007ff7752fe000 	c:\Users\Glymin Terra Selasi\.trae\extensions\redhat.java-1.52.0-win32-x64\jre\21.0.9-win32-x86_64\bin\java.exe
0x00007ffdd3e20000 - 0x00007ffdd4088000 	C:\WINDOWS\SYSTEM32\ntdll.dll
0x00007ffdd2bb0000 - 0x00007ffdd2c79000 	C:\WINDOWS\System32\KERNEL32.DLL
0x00007ffdd0fe0000 - 0x00007ffdd13d2000 	C:\WINDOWS\System32\KERNELBASE.dll
0x00007ffdd1940000 - 0x00007ffdd1a8b000 	C:\WINDOWS\System32\ucrtbase.dll
0x00007ffd7bc80000 - 0x00007ffd7bc98000 	c:\Users\Glymin Terra Selasi\.trae\extensions\redhat.java-1.52.0-win32-x64\jre\21.0.9-win32-x86_64\bin\jli.dll
0x00007ffd85130000 - 0x00007ffd8514e000 	c:\Users\Glymin Terra Selasi\.trae\extensions\redhat.java-1.52.0-win32-x64\jre\21.0.9-win32-x86_64\bin\VCRUNTIME140.dll
0x00007ffdd3b90000 - 0x00007ffdd3d55000 	C:\WINDOWS\System32\USER32.dll
0x00007ffdd0fb0000 - 0x00007ffdd0fd7000 	C:\WINDOWS\System32\win32u.dll
0x00007ffdb7600000 - 0x00007ffdb7893000 	C:\WINDOWS\WinSxS\amd64_microsoft.windows.common-controls_6595b64144ccf1df_6.0.26100.6899_none_3e0efeeae32e88c1\COMCTL32.dll
0x00007ffdd2a80000 - 0x00007ffdd2aab000 	C:\WINDOWS\System32\GDI32.dll
0x00007ffdd2340000 - 0x00007ffdd23e9000 	C:\WINDOWS\System32\msvcrt.dll
0x00007ffdd16d0000 - 0x00007ffdd17fd000 	C:\WINDOWS\System32\gdi32full.dll
0x00007ffdd1800000 - 0x00007ffdd18a3000 	C:\WINDOWS\System32\msvcp_win.dll
0x00007ffdd2510000 - 0x00007ffdd253f000 	C:\WINDOWS\System32\IMM32.DLL
0x00007ffd85650000 - 0x00007ffd8565c000 	c:\Users\Glymin Terra Selasi\.trae\extensions\redhat.java-1.52.0-win32-x64\jre\21.0.9-win32-x86_64\bin\vcruntime140_1.dll
0x00007ffd590c0000 - 0x00007ffd5914d000 	c:\Users\Glymin Terra Selasi\.trae\extensions\redhat.java-1.52.0-win32-x64\jre\21.0.9-win32-x86_64\bin\msvcp140.dll
0x00007ffd58320000 - 0x00007ffd590c0000 	c:\Users\Glymin Terra Selasi\.trae\extensions\redhat.java-1.52.0-win32-x64\jre\21.0.9-win32-x86_64\bin\server\jvm.dll
0x00007ffdd3150000 - 0x00007ffdd3204000 	C:\WINDOWS\System32\ADVAPI32.dll
0x00007ffdd3430000 - 0x00007ffdd34d6000 	C:\WINDOWS\System32\sechost.dll
0x00007ffdd23f0000 - 0x00007ffdd2508000 	C:\WINDOWS\System32\RPCRT4.dll
0x00007ffdd3d60000 - 0x00007ffdd3dd4000 	C:\WINDOWS\System32\WS2_32.dll
0x00007ffdd0e10000 - 0x00007ffdd0e6e000 	C:\WINDOWS\SYSTEM32\POWRPROF.dll
0x00007ffdc95f0000 - 0x00007ffdc9625000 	C:\WINDOWS\SYSTEM32\WINMM.dll
0x00007ffdc1250000 - 0x00007ffdc125b000 	C:\WINDOWS\SYSTEM32\VERSION.dll
0x00007ffdd0df0000 - 0x00007ffdd0e04000 	C:\WINDOWS\SYSTEM32\UMPDC.dll
0x00007ffdcfd80000 - 0x00007ffdcfd9b000 	C:\WINDOWS\SYSTEM32\kernel.appcore.dll
0x00007ffd852c0000 - 0x00007ffd852ca000 	c:\Users\Glymin Terra Selasi\.trae\extensions\redhat.java-1.52.0-win32-x64\jre\21.0.9-win32-x86_64\bin\jimage.dll
0x00007ffdce7d0000 - 0x00007ffdcea12000 	C:\WINDOWS\SYSTEM32\DBGHELP.DLL
0x00007ffdd2c80000 - 0x00007ffdd2ffb000 	C:\WINDOWS\System32\combase.dll
0x00007ffdd3010000 - 0x00007ffdd30e7000 	C:\WINDOWS\System32\OLEAUT32.dll
0x00007ffd9a130000 - 0x00007ffd9a16c000 	C:\WINDOWS\SYSTEM32\dbgcore.DLL
0x00007ffdd1a90000 - 0x00007ffdd1b28000 	C:\WINDOWS\System32\bcryptPrimitives.dll
0x00007ffd7a840000 - 0x00007ffd7a860000 	c:\Users\Glymin Terra Selasi\.trae\extensions\redhat.java-1.52.0-win32-x64\jre\21.0.9-win32-x86_64\bin\java.dll
0x00007ffdd1bf0000 - 0x00007ffdd233d000 	C:\WINDOWS\System32\SHELL32.dll
0x00007ffdd1560000 - 0x00007ffdd16cb000 	C:\WINDOWS\System32\wintypes.dll
0x00007ffdcebd0000 - 0x00007ffdcf42d000 	C:\WINDOWS\SYSTEM32\windows.storage.dll
0x00007ffdd3750000 - 0x00007ffdd3842000 	C:\WINDOWS\System32\SHCORE.dll
0x00007ffdd34f0000 - 0x00007ffdd3552000 	C:\WINDOWS\System32\shlwapi.dll
0x00007ffdd0ed0000 - 0x00007ffdd0ef9000 	C:\WINDOWS\SYSTEM32\profapi.dll
0x00007ffd7a340000 - 0x00007ffd7a358000 	c:\Users\Glymin Terra Selasi\.trae\extensions\redhat.java-1.52.0-win32-x64\jre\21.0.9-win32-x86_64\bin\zip.dll
0x00007ffd83760000 - 0x00007ffd83770000 	C:\Users\Glymin Terra Selasi\.trae\extensions\redhat.java-1.52.0-win32-x64\jre\21.0.9-win32-x86_64\bin\net.dll
0x00007ffdc3530000 - 0x00007ffdc364f000 	C:\WINDOWS\SYSTEM32\WINHTTP.dll
0x00007ffdd02f0000 - 0x00007ffdd035b000 	C:\WINDOWS\system32\mswsock.dll
0x00007ffd7a220000 - 0x00007ffd7a236000 	C:\Users\Glymin Terra Selasi\.trae\extensions\redhat.java-1.52.0-win32-x64\jre\21.0.9-win32-x86_64\bin\nio.dll
0x00007ffd831c0000 - 0x00007ffd831d0000 	c:\Users\Glymin Terra Selasi\.trae\extensions\redhat.java-1.52.0-win32-x64\jre\21.0.9-win32-x86_64\bin\verify.dll
0x00007ffdd05a0000 - 0x00007ffdd05bb000 	C:\WINDOWS\SYSTEM32\CRYPTSP.dll
0x00007ffdcfce0000 - 0x00007ffdcfd1b000 	C:\WINDOWS\system32\rsaenh.dll
0x00007ffdd0390000 - 0x00007ffdd03bb000 	C:\WINDOWS\SYSTEM32\USERENV.dll
0x00007ffdd0ea0000 - 0x00007ffdd0ec6000 	C:\WINDOWS\SYSTEM32\bcrypt.dll
0x00007ffdd05c0000 - 0x00007ffdd05cc000 	C:\WINDOWS\SYSTEM32\CRYPTBASE.dll
0x00007ffdcf760000 - 0x00007ffdcf794000 	C:\WINDOWS\SYSTEM32\IPHLPAPI.DLL
0x00007ffdd34e0000 - 0x00007ffdd34ea000 	C:\WINDOWS\System32\NSI.dll
0x00007ffdcbb30000 - 0x00007ffdcbb3a000 	C:\Users\Glymin Terra Selasi\.trae\extensions\redhat.java-1.52.0-win32-x64\jre\21.0.9-win32-x86_64\bin\management.dll
0x00007ffdcbb20000 - 0x00007ffdcbb2c000 	C:\Users\Glymin Terra Selasi\.trae\extensions\redhat.java-1.52.0-win32-x64\jre\21.0.9-win32-x86_64\bin\management_ext.dll
0x00007ffdd3000000 - 0x00007ffdd3008000 	C:\WINDOWS\System32\PSAPI.DLL
0x00007ffdbb770000 - 0x00007ffdbb77e000 	C:\Users\Glymin Terra Selasi\.trae\extensions\redhat.java-1.52.0-win32-x64\jre\21.0.9-win32-x86_64\bin\sunmscapi.dll
0x00007ffdd13e0000 - 0x00007ffdd1557000 	C:\WINDOWS\System32\CRYPT32.dll
0x00007ffdd07c0000 - 0x00007ffdd07f0000 	C:\WINDOWS\SYSTEM32\ncrypt.dll
0x00007ffdd0770000 - 0x00007ffdd07af000 	C:\WINDOWS\SYSTEM32\NTASN1.dll
0x00007ffdcf7a0000 - 0x00007ffdcf8c6000 	C:\WINDOWS\SYSTEM32\DNSAPI.dll
0x00007ffdc1900000 - 0x00007ffdc190b000 	C:\Windows\System32\rasadhlp.dll
0x00007ffdcb4d0000 - 0x00007ffdcb556000 	C:\WINDOWS\System32\fwpuclnt.dll
0x00007ffdbb6c0000 - 0x00007ffdbb6c9000 	C:\Users\Glymin Terra Selasi\.trae\extensions\redhat.java-1.52.0-win32-x64\jre\21.0.9-win32-x86_64\bin\extnet.dll

JVMTI agents: none

dbghelp: loaded successfully - version: 4.0.5 - missing functions: none
symbol engine: initialized successfully - sym options: 0x614 - pdb path: .;c:\Users\Glymin Terra Selasi\.trae\extensions\redhat.java-1.52.0-win32-x64\jre\21.0.9-win32-x86_64\bin;C:\WINDOWS\SYSTEM32;C:\WINDOWS\WinSxS\amd64_microsoft.windows.common-controls_6595b64144ccf1df_6.0.26100.6899_none_3e0efeeae32e88c1;c:\Users\Glymin Terra Selasi\.trae\extensions\redhat.java-1.52.0-win32-x64\jre\21.0.9-win32-x86_64\bin\server

VM Arguments:
jvm_args: -Dsts.lsp.client=vscode -Dsts.log.file=/dev/null -XX:TieredStopAtLevel=1 -Xlog:jni+resolve=off -Dspring.config.location=file:c:\Users\Glymin Terra Selasi\.trae\extensions\pivotal.vscode-spring-boot-1.43.0-universal\language-server\BOOT-INF\classes\application.properties 
java_command: org.springframework.ide.vscode.boot.app.BootLanguageServerBootApp
java_class_path (initial): c:\Users\Glymin Terra Selasi\.trae\extensions\pivotal.vscode-spring-boot-1.43.0-universal\language-server\BOOT-INF\classes;c:\Users\Glymin Terra Selasi\.trae\extensions\pivotal.vscode-spring-boot-1.43.0-universal\language-server\BOOT-INF\lib\annotations-23.1.0.jar;c:\Users\Glymin Terra Selasi\.trae\extensions\pivotal.vscode-spring-boot-1.43.0-universal\language-server\BOOT-INF\lib\ant-1.10.12.jar;c:\Users\Glymin Terra Selasi\.trae\extensions\pivotal.vscode-spring-boot-1.43.0-universal\language-server\BOOT-INF\lib\ant-launcher-1.10.12.jar;c:\Users\Glymin Terra Selasi\.trae\extensions\pivotal.vscode-spring-boot-1.43.0-universal\language-server\BOOT-INF\lib\antlr-runtime-3.5.2.jar;c:\Users\Glymin Terra Selasi\.trae\extensions\pivotal.vscode-spring-boot-1.43.0-universal\language-server\BOOT-INF\lib\antlr4-4.9.3.jar;c:\Users\Glymin Terra Selasi\.trae\extensions\pivotal.vscode-spring-boot-1.43.0-universal\language-server\BOOT-INF\lib\antlr4-runtime-4.9.3.jar;c:\Users\Glymin Terra Selasi\.trae\extensions\pivotal.vscode-spring-boot-1.43.0-universal\language-server\BOOT-INF\lib\apiguardian-api-1.1.2.jar;c:\Users\Glymin Terra Selasi\.trae\extensions\pivotal.vscode-spring-boot-1.43.0-universal\language-server\BOOT-INF\lib\asm-9.4.jar;c:\Users\Glymin Terra Selasi\.trae\extensions\pivotal.vscode-spring-boot-1.43.0-universal\language-server\BOOT-INF\lib\asm-analysis-9.4.jar;c:\Users\Glymin Terra Selasi\.trae\extensions\pivotal.vscode-spring-boot-1.43.0-universal\language-server\BOOT-INF\lib\asm-tree-9.4.jar;c:\Users\Glymin Terra Selasi\.trae\extensions\pivotal.vscode-spring-boot-1.43.0-universal\language-server\BOOT-INF\lib\asm-util-9.4.jar;c:\Users\Glymin Terra Selasi\.trae\extensions\pivotal.vscode-spring-boot-1.43.0-universal\language-server\BOOT-INF\lib\caffeine-3.1.2.jar;c:\Users\Glymin Terra Selasi\.trae\extensions\pivotal.vscode-spring-boot-1.43.0-universal\language-server\BOOT-INF\lib\checker-qual-3.12.0.jar;c:\Users\Glymin Terra Selasi\.trae\extensions\pivotal.vscode-spring-boot-1.43.0-universal\language-server\BOOT-INF\lib\ci-environment-9.1.0.jar;c:\Users\Glymin Terra Selasi\.trae\extensions\pivotal.vscode-spring-boot-1.43.0-universal\language-server\BOOT-INF\lib\classgraph-4.8.149.jar;c:\Users\Glymin Terra Selasi\.trae\extensions\pivotal.vscode-spring-boot-1.43.0-universal\language-server\BOOT-INF\lib\commons-codec-1.15.jar;c:\Users\Glymin Terra Selasi\.trae\extensions\pivotal.vscode-spring-boot-1.43.0-universal\language-server\BOOT-INF\lib\commons-compress-1.22.jar;c:\Users\Glymin Terra Selasi\.trae\extensions\pivotal.vscode-spring-boot-1.43.0-universal\language-server\BOOT-INF\lib\commons-io-2.4.jar;c:\Users\Glymin Terra Selasi\.trae\extensions\pivotal.vscode-spring-boot-1.43.0-universal\language-server\BOOT-INF\lib\commons-java-1.43.0-SNAPSHOT.jar;c:\Users\Glymin Terra Selasi\.trae\extensions\pivotal.vscode-spring-boot-1.43.0-universal\language-server\BOOT-INF\lib\commons-lang3-3.12.0.jar;c:\Users\Glymin Terra Selasi\.trae\extensions\pivotal.vscode-spring-boot-1.43.0-universal\language-server\BOOT-INF\lib\commons-language-server-1.43.0-SNAPSHOT.jar;c:\Users\Glymin Terra Selasi\.trae\extensions\pivotal.vscode-spring-boot-1.43.0-universal\language-server\BOOT-INF\lib\commons-lsp-extensions-1.43.0-SNAPSHOT.jar;c:\Users\Glymin Terra Selasi\.trae\extensions\pivotal.vscode-spring-boot-1.43.0-universal\language-server\BOOT-INF\lib\commons-rewrite-1.43.0-SNAPSHOT.jar;c:\Users\Glymin Terra Selasi\.trae\extensions\pivotal.vscode-spring-boot-1.43.0-universal\language-server\BOOT-INF\lib\commons-text-1.10.0.jar;c:\Users\Glymin Terra Selasi\.trae\extensions\pivotal.vscode-spring-boot-1.43.0-universal\language-server\BOOT-INF\lib\commons-util-1.43.0-SNAPSHOT.jar;c:\Users\Glymin Terra Selasi\.trae\extensions\pivotal.vscode-spring-boot-1.43.0-universal\language-server\BOOT-INF\lib\commons-yaml-1.43.0-SNAPSHOT.jar;c:\Users\Glymin Terra Selasi\.trae\extensions\pivotal.vscode-spring-boot-1.43.0-universal\language-server\BOOT-INF\lib\cucumber-core-7.9.0.jar;c:\Users\Glymin Terra Selasi\.trae\extensions\pivotal.vscode-spring-boot-1.43.0-universal\language-server\BOOT-INF\lib\cucumber-expressions-16.0.0.jar;c:\Users\Glymin Terra Selasi\.trae\extensions\pivotal.vscode-spring-boot-1.43.0-universal\language-server\BOOT-INF\lib\cucumber-gherkin-7.9.0.jar;c:\Users\Glymin Terra Selasi\.trae\extensions\pivotal.vscode-spring-boot-1.43.0-universal\language-server\BOOT-INF\lib\cucumber-gherkin-messages-7.9.0.jar;c:\Users\Glymin Terra Selasi\.trae\extensions\pivotal.vscode-spring-boot-1.43.0-universal\language-server\BOOT-INF\lib\cucumber-java-7.9.0.jar;c:\Users\Glymin Terra Selasi\.trae\extensions\pivotal.vscode-spring-boot-1.43.0-universal\language-server\BOOT-INF\lib\cucumber-java8-7.9.0.jar;c:\Users\Glymin Terra Selasi\.trae\extensions\pivotal.vscode-spring-boot-1.43.0-universal\language-server\BOOT-INF\lib\cucumber-junit-platform-engine-7.9.0.jar;c:\Users\Glymin Terra Selasi\.trae\extensions\pivotal.vscode-spring-boot-1.43.0-universal\language-server\BOOT-INF\lib\cucumber-plugin-7.9.0.jar;c:\Users\Glymin Terra Selasi\.trae\extensions\pivotal.vscode-spring-boot-1.43.0-universal\language-server\BOOT-INF\lib\datatable-7.9.0.jar;c:\Users\Glymin Terra Selasi\.trae\extensions\pivotal.vscode-spring-boot-1.43.0-universal\language-server\BOOT-INF\lib\docstring-7.9.0.jar;c:\Users\Glymin Terra Selasi\.trae\extensions\pivotal.vscode-spring-boot-1.43.0-universal\language-server\BOOT-INF\lib\error_prone_annotations-2.11.0.jar;c:\Users\Glymin Terra Selasi\.trae\extensions\pivotal.vscode-spring-boot-1.43.0-universal\language-server\BOOT-INF\lib\failureaccess-1.0.1.jar;c:\Users\Glymin Terra Selasi\.trae\extensions\pivotal.vscode-spring-boot-1.43.0-universal\language-server\BOOT-INF\lib\fastfilter-1.0.2.jar;c:\Users\Glymin Terra Selasi\.trae\extensions\pivotal.vscode-spring-boot-1.43.0-universal\language-server\BOOT-INF\lib\gherkin-24.1.0.jar;c:\Users\Glymin Terra Selasi\.trae\extensions\pivotal.vscode-spring-boot-1.43.0-universal\language-server\BOOT-INF\lib\gizmo-1.0.11.Final.jar;c:\Users\Glymin Terra Selasi\.trae\extensions\pivotal.vscode-spring-boot-1.43.0-universal\language-server\BOOT-INF\lib\gson-2.9.1.jar;c:\Users\Glymin Terra Selasi\.trae\extensions\pivotal.vscode-spring-boot-1.43.0-universal\language-server\BOOT-INF\lib\guava-31.1-jre.jar;c:\Users\Glymin Terra Selasi\.trae\extensions\pivotal.vscode-spring-boot-1.43.0-universal\language-server\BOOT-INF\lib\hamcrest-2.2.jar;c:\Users\Glymin Terra Selasi\.trae\extensions\pivotal.vscode-spring-boot-1.43.0-universal\language-server\BOOT-INF\lib\HdrHistogram-2.1.12.jar;c:\Users\Glymin Terra Selasi\.trae\extensions\pivotal.vscode-spring-boot-1.43.0-universal\language-server\BOOT-INF\lib\html-formatter-20.1.0.jar;c:\Users\Glymin Terra Selasi\.trae\extensions\pivotal.vscode-spring-boot-1.43.0-universal\language-server\BOOT-INF\lib\icu4j-69.1.jar;c:\Users\Glymin Terra Selasi\.trae\extensions\pivotal.vscode-spring-boot-1.43.0-universal\language-server\BOOT-INF\lib\j2objc-annotations-1.3.jar;c:\Users\Glymin Terra Selasi\.trae\extensions\pivotal.vscode-spring-boot-1.43.0-universal\language-server\BOOT-INF\lib\jackson-annotations-2.14.1.jar;c:\Users\Glymin Terra Selasi\.trae\extensions\pivotal.vscode-spring-boot-1.43.0-universal\language-server\BOOT-INF\lib\jackson-core-2.14.1.jar;c:\Users\Glymin Terra Selasi\.trae\extensions\pivotal.vscode-spring-boot-1.43.0-universal\language-server\BOOT-INF\lib\jackson-databind-2.14.1.jar;c:\Users\Glymin Terra Selasi\.trae\extensions\pivotal.vscode-spring-boot-1.43.0-universal\language-server\BOOT-INF\lib\jackson-dataformat-smile-2.14.1.jar;c:\Users\Glymin Terra Selasi\.trae\extensions\pivotal.vscode-spring-boot-1.43.0-universal\language-server\BOOT-INF\lib\jackson-dataformat-xml-2.14.1.jar;c:\Users\Glymin Terra Selasi\.trae\extensions\pivotal.vscode-spring-boot-1.43.0-universal\language-server\BOOT-INF\lib\jackson-datatype-jdk8-2.14.1.jar;c:\Users\Glymin Terra Selasi\.trae\extensions\pivotal.vscode-spring-boot-1.43.0-universal\language-server\BOOT-INF\lib\jackson-module-jaxb-annotations-2.14.1.jar;c:\Users\Glymin Terra Selasi\.trae\extensions\pivotal.vscode-spring-boot-1.43.0-universal\language-server\BOOT-INF\lib\jackson-module-parameter-names-2.14.1.jar;c:\Users\Glymin Terra Selasi\.trae\extensions\pivotal.vscode-spring-boot-1.43.0-universal\language-server\BOOT-INF\lib\jakarta.activation-api-2.1.0.jar;c:\Users\Glymin Terra Selasi\.trae\extensions\pivotal.vscode-spring-boot-1.43.0-universal\language-server\BOOT-INF\lib\jakarta.annotation-api-2.1.1.jar;c:\Users\Glymin Terra Selasi\.trae\extensions\pivotal.vscode-spring-boot-1.43.0-universal\language-server\BOOT-INF\lib\jakarta.xml.bind-api-4.0.0.jar;c:\Users\Glymin Terra Selasi\.trae\extensions\pivotal.vscode-spring-boot-1.43.0-universal\language-server\BOOT-INF\lib\jandex-2.0.5.Final.jar;c:\Users\Glymin Terra Selasi\.trae\extensions\pivotal.vscode-spring-boot-1.43.0-universal\language-server\BOOT-INF\lib\java-object-diff-0.95.jar;c:\Users\Glymin Terra Selasi\.trae\extensions\pivotal.vscode-spring-boot-1.43.0-universal\language-server\BOOT-INF\lib\java-properties-1.43.0-SNAPSHOT.jar;c:\Users\Glymin Terra Selasi\.trae\extensions\pivotal.vscode-spring-boot-1.43.0-universal\language-server\BOOT-INF\lib\javax.activation-api-1.2.0.jar;c:\Users\Glymin Terra Selasi\.trae\extensions\pivotal.vscode-spring-boot-1.43.0-universal\language-server\BOOT-INF\lib\javax.inject-1.jar;c:\Users\Glymin Terra Selasi\.trae\extensions\pivotal.vscode-spring-boot-1.43.0-universal\language-server\BOOT-INF\lib\javax.json-1.0.4.jar;c:\Users\Glymin Terra Selasi\.trae\extensions\pivotal.vscode-spring-boot-1.43.0-universal\language-server\BOOT-INF\lib\javolution-core-java-6.0.0.jar;c:\Users\Glymin Terra Selasi\.trae\extensions\pivotal.vscode-spring-boot-1.43.0-universal\language-server\BOOT-INF\lib\jaxb-api-2.3.1.jar;c:\Users\Glymin Terra Selasi\.trae\extensions\pivotal.vscode-spring-boot-1.43.0-universal\language-server\BOOT-INF\lib\jna-5.12.1.jar;c:\Users\Glymin Terra Selasi\.trae\extensions\pivotal.vscode-spring-boot-1.43.0-universal\language-server\BOOT-INF\lib\jna-platform-5.12.1.jar;c:\Users\Glymin Terra Selasi\.trae\extensions\pivotal.vscode-spring-boot-1.43.0-universal\language-server\BOOT-INF\lib\json-20160810.jar;c:\Users\Glymin Terra Selasi\.trae\extensions\pivotal.vscode-spring-boot-1.43.0-universal\language-server\BOOT-INF\lib\jsoup-1.9.2.jar;c:\Users\Glymin Terra Selasi\.trae\extensions\pivotal.vscode-spring-boot-1.43.0-universal\language-server\BOOT-INF\lib\jsr305-3.0.2.jar;c:\Users\Glymin Terra Selasi\.trae\extensions\pivotal.vscode-spring-boot-1.43.0-universal\language-server\BOOT-INF\lib\jul-to-slf4j-2.0.4.jar;c:\Users\Glymin Terra Selasi\.trae\extensions\pivotal.vscode-spring-boot-1.43.0-universal\language-server\BOOT-INF\lib\junit-jupiter-params-5.9.1.jar;c:\Users\Glymin Terra Selasi\.trae\extensions\pivotal.vscode-spring-boot-1.43.0-universal\language-server\BOOT-INF\lib\junit-platform-commons-1.9.1.jar;c:\Users\Glymin Terra Selasi\.trae\extensions\pivotal.vscode-spring-boot-1.43.0-universal\language-server\BOOT-INF\lib\junit-platform-engine-1.9.1.jar;c:\Users\Glymin Terra Selasi\.trae\extensions\pivotal.vscode-spring-boot-1.43.0-universal\language-server\BOOT-INF\lib\junit-platform-suite-api-1.9.1.jar;c:\Users\Glymin Terra Selasi\.trae\extensions\pivotal.vscode-spring-boot-1.43.0-universal\language-server\BOOT-INF\lib\language-server-starter-1.43.0-SNAPSHOT.jar;c:\Users\Glymin Terra Selasi\.trae\extensions\pivotal.vscode-spring-boot-1.43.0-universal\language-server\BOOT-INF\lib\LatencyUtils-2.0.3.jar;c:\Users\Glymin Terra Selasi\.trae\extensions\pivotal.vscode-spring-boot-1.43.0-universal\language-server\BOOT-INF\lib\listenablefuture-9999.0-empty-to-avoid-conflict-with-guava.jar;c:\Users\Glymin Terra Selasi\.trae\extensions\pivotal.vscode-spring-boot-1.43.0-universal\language-server\BOOT-INF\lib\log4j-api-2.19.0.jar;c:\Users\Glymin Terra Selasi\.trae\extensions\pivotal.vscode-spring-boot-1.43.0-universal\language-server\BOOT-INF\lib\log4j-to-slf4j-2.19.0.jar;c:\Users\Glymin Terra Selasi\.trae\extensions\pivotal.vscode-spring-boot-1.43.0-universal\language-server\BOOT-INF\lib\logback-classic-1.4.5.jar;c:\Users\Glymin Terra Selasi\.trae\extensions\pivotal.vscode-spring-boot-1.43.0-universal\language-server\BOOT-INF\lib\logback-core-1.4.5.jar;c:\Users\Glymin Terra Selasi\.trae\extensions\pivotal.vscode-spring-boot-1.43.0-universal\language-server\BOOT-INF\lib\messages-19.1.4.jar;c:\Users\Glymin Terra Selasi\.trae\extensions\pivotal.vscode-spring-boot-1.43.0-universal\language-server\BOOT-INF\lib\micrometer-commons-1.10.2.jar;c:\Users\Glymin Terra Selasi\.trae\extensions\pivotal.vscode-spring-boot-1.43.0-universal\language-server\BOOT-INF\lib\micrometer-core-1.10.2.jar;c:\Users\Glymin Terra Selasi\.trae\extensions\pivotal.vscode-spring-boot-1.43.0-universal\language-server\BOOT-INF\lib\micrometer-observation-1.10.2.jar;c:\Users\Glymin Terra Selasi\.trae\extensions\pivotal.vscode-spring-boot-1.43.0-universal\language-server\BOOT-INF\lib\opentest4j-1.2.0.jar;c:\Users\Glymin Terra Selasi\.trae\extensions\pivotal.vscode-spring-boot-1.43.0-universal\language-server\BOOT-INF\lib\org.abego.treelayout.core-1.0.3.jar;c:\Users\Glymin Terra Selasi\.trae\extensions\pivotal.vscode-spring-boot-1.43.0-universal\language-server\BOOT-INF\lib\org.eclipse.core.commands-3.10.300.jar;c:\Users\Glymin Terra Selasi\.trae\extensions\pivotal.vscode-spring-boot-1.43.0-universal\language-server\BOOT-INF\lib\org.eclipse.core.contenttype-3.8.200.jar;c:\Users\Glymin Terra Selasi\.trae\extensions\pivotal.vscode-spring-boot-1.43.0-universal\language-server\BOOT-INF\lib\org.eclipse.core.expressions-3.8.200.jar;c:\Users\Glymin Terra Selasi\.trae\extensions\pivotal.vscode-spring-boot-1.43.0-universal\language-server\BOOT-INF\lib\org.eclipse.core.filesystem-1.9.500.jar;c:\Users\Glymin Terra Selasi\.trae\extensions\pivotal.vscode-spring-boot-1.43.0-universal\language-server\BOOT-INF\lib\org.eclipse.core.jobs-3.13.200.jar;c:\Users\Glymin Terra Selasi\.trae\extensions\pivotal.vscode-spring-boot-1.43.0-universal\language-server\BOOT-INF\lib\org.eclipse.core.resources-3.18.100.jar;c:\Users\Glymin Terra Selasi\.trae\extensions\pivotal.vscode-spring-boot-1.43.0-universal\language-server\BOOT-INF\lib\org.eclipse.core.runtime-3.26.100.jar;c:\Users\Glymin Terra Selasi\.trae\extensions\pivotal.vscode-spring-boot-1.43.0-universal\language-server\BOOT-INF\lib\org.eclipse.equinox.app-1.6.200.jar;c:\Users\Glymin Terra Selasi\.trae\extensions\pivotal.vscode-spring-boot-1.43.0-universal\language-server\BOOT-INF\lib\org.eclipse.equinox.common-3.17.0.jar;c:\Users\Glymin Terra Selasi\.trae\extensions\pivotal.vscode-spring-boot-1.43.0-universal\language-server\BOOT-INF\lib\org.eclipse.equinox.preferences-3.10.1.jar;c:\Users\Glymin Terra Selasi\.trae\extensions\pivotal.vscode-spring-boot-1.43.0-universal\language-server\BOOT-INF\lib\org.eclipse.equinox.registry-3.11.200.jar;c:\Users\Glymin Terra Selasi\.trae\extensions\pivotal.vscode-spring-boot-1.43.0-universal\language-server\BOOT-INF\lib\org.eclipse.jdt.core-3.32.0.jar;c:\Users\Glymin Terra Selasi\.trae\extensions\pivotal.vscode-spring-boot-1.43.0-universal\language-server\BOOT-INF\lib\org.eclipse.lemminx-0.13.1.jar;c:\Users\Glymin Terra Selasi\.trae\extensions\pivotal.vscode-spring-boot-1.43.0-universal\language-server\BOOT-INF\lib\org.eclipse.lsp4j-0.19.0.jar;c:\Users\Glymin Terra Selasi\.trae\extensions\pivotal.vscode-spring-boot-1.43.0-universal\language-server\BOOT-INF\lib\org.eclipse.lsp4j.generator-0.19.0.jar;c:\Users\Glymin Terra Selasi\.trae\extensions\pivotal.vscode-spring-boot-1.43.0-universal\language-server\BOOT-INF\lib\org.eclipse.lsp4j.jsonrpc-0.19.0.jar;c:\Users\Glymin Terra Selasi\.trae\extensions\pivotal.vscode-spring-boot-1.43.0-universal\language-server\BOOT-INF\lib\org.eclipse.osgi-3.18.200.jar;c:\Users\Glymin Terra Selasi\.trae\extensions\pivotal.vscode-spring-boot-1.43.0-universal\language-server\BOOT-INF\lib\org.eclipse.text-3.12.300.jar;c:\Users\Glymin Terra Selasi\.trae\extensions\pivotal.vscode-spring-boot-1.43.0-universal\language-server\BOOT-INF\lib\org.eclipse.xtend.lib-2.28.0.jar;c:\Users\Glymin Terra Selasi\.trae\extensions\pivotal.vscode-spring-boot-1.43.0-universal\language-server\BOOT-INF\lib\org.eclipse.xtend.lib.macro-2.28.0.jar;c:\Users\Glymin Terra Selasi\.trae\extensions\pivotal.vscode-spring-boot-1.43.0-universal\language-server\BOOT-INF\lib\org.eclipse.xtext.xbase.lib-2.28.0.jar;c:\Users\Glymin Terra Selasi\.trae\extensions\pivotal.vscode-spring-boot-1.43.0-universal\language-server\BOOT-INF\lib\org.json-1.0.0-SNAPSHOT.jar;c:\Users\Glymin Terra Selasi\.trae\extensions\pivotal.vscode-spring-boot-1.43.0-universal\language-server\BOOT-INF\lib\org.osgi.service.prefs-1.1.2.jar;c:\Users\Glymin Terra Selasi\.trae\extensions\pivotal.vscode-spring-boot-1.43.0-universal\language-server\BOOT-INF\lib\osgi.annotation-8.0.1.jar;c:\Users\Glymin Terra Selasi\.trae\extensions\pivotal.vscode-spring-boot-1.43.0-universal\language-server\BOOT-INF\lib\reactive-streams-1.0.4.jar;c:\Users\Glymin Terra Selasi\.trae\extensions\pivotal.vscode-spring-boot-1.43.0-universal\language-server\BOOT-INF\lib\reactor-core-3.5.0.jar;c:\Users\Glymin Terra Selasi\.trae\extensions\pivotal.vscode-spring-boot-1.43.0-universal\language-server\BOOT-INF\lib\remark-1.0.0.jar;c:\Users\Glymin Terra Selasi\.trae\extensions\pivotal.vscode-spring-boot-1.43.0-universal\language-server\BOOT-INF\lib\resilience4j-core-1.7.0.jar;c:\Users\Glymin Terra Selasi\.trae\extensions\pivotal.vscode-spring-boot-1.43.0-universal\language-server\BOOT-INF\lib\resilience4j-retry-1.7.0.jar;c:\Users\Glymin Terra Selasi\.trae\extensions\pivotal.vscode-spring-boot-1.43.0-universal\language-server\BOOT-INF\lib\rewrite-core-7.34.0.jar;c:\Users\Glymin Terra Selasi\.trae\extensions\pivotal.vscode-spring-boot-1.43.0-universal\language-server\BOOT-INF\lib\rewrite-java-11-7.34.0.jar;c:\Users\Glymin Terra Selasi\.trae\extensions\pivotal.vscode-spring-boot-1.43.0-universal\language-server\BOOT-INF\lib\rewrite-java-17-7.34.0.jar;c:\Users\Glymin Terra Selasi\.trae\extensions\pivotal.vscode-spring-boot-1.43.0-universal\language-server\BOOT-INF\lib\rewrite-java-7.34.0.jar;c:\Users\Glymin Terra Selasi\.trae\extensions\pivotal.vscode-spring-boot-1.43.0-universal\language-server\BOOT-INF\lib\rewrite-java-8-7.34.0.jar;c:\Users\Glymin Terra Selasi\.trae\extensions\pivotal.vscode-spring-boot-1.43.0-universal\language-server\BOOT-INF\lib\rewrite-maven-7.34.0.jar;c:\Users\Glymin Terra Selasi\.trae\extensions\pivotal.vscode-spring-boot-1.43.0-universal\language-server\BOOT-INF\lib\rewrite-migrate-java-1.15.0.jar;c:\Users\Glymin Terra Selasi\.trae\extensions\pivotal.vscode-spring-boot-1.43.0-universal\language-server\BOOT-INF\lib\rewrite-properties-7.34.0.jar;c:\Users\Glymin Terra Selasi\.trae\extensions\pivotal.vscode-spring-boot-1.43.0-universal\language-server\BOOT-INF\lib\rewrite-spring-4.31.0.jar;c:\Users\Glymin Terra Selasi\.trae\extensions\pivotal.vscode-spring-boot-1.43.0-universal\language-server\BOOT-INF\lib\rewrite-testing-frameworks-1.32.0.jar;c:\Users\Glymin Terra Selasi\.trae\extensions\pivotal.vscode-spring-boot-1.43.0-universal\language-server\BOOT-INF\lib\rewrite-xml-7.34.0.jar;c:\Users\Glymin Terra Selasi\.trae\extensions\pivotal.vscode-spring-boot-1.43.0-universal\language-server\BOOT-INF\lib\rewrite-yaml-7.34.0.jar;c:\Users\Glymin Terra Selasi\.trae\extensions\pivotal.vscode-spring-boot-1.43.0-universal\language-server\BOOT-INF\lib\slf4j-api-2.0.4.jar;c:\Users\Glymin Terra Selasi\.trae\extensions\pivotal.vscode-spring-boot-1.43.0-universal\language-server\BOOT-INF\lib\snakeyaml-1.33.jar;c:\Users\Glymin Terra Selasi\.trae\extensions\pivotal.vscode-spring-boot-1.43.0-universal\language-server\BOOT-INF\lib\snappy-java-1.1.8.4.jar;c:\Users\Glymin Terra Selasi\.trae\extensions\pivotal.vscode-spring-boot-1.43.0-universal\language-server\BOOT-INF\lib\spring-aop-6.0.2.jar;c:\Users\Glymin Terra Selasi\.trae\extensions\pivotal.vscode-spring-boot-1.43.0-universal\language-server\BOOT-INF\lib\spring-beans-6.0.2.jar;c:\Users\Glymin Terra Selasi\.trae\extensions\pivotal.vscode-spring-boot-1.43.0-universal\language-server\BOOT-INF\lib\spring-boot-3.0.0.jar;c:\Users\Glymin Terra Selasi\.trae\extensions\pivotal.vscode-spring-boot-1.43.0-universal\language-server\BOOT-INF\lib\spring-boot-autoconfigure-3.0.0.jar;c:\Users\Glymin Terra Selasi\.trae\extensions\pivotal.vscode-spring-boot-1.43.0-universal\language-server\BOOT-INF\lib\spring-boot-jarmode-layertools-3.0.0.jar;c:\Users\Glymin Terra Selasi\.trae\extensions\pivotal.vscode-spring-boot-1.43.0-universal\language-server\BOOT-INF\lib\spring-context-6.0.2.jar;c:\Users\Glymin Terra Selasi\.trae\extensions\pivotal.vscode-spring-boot-1.43.0-universal\language-server\BOOT-INF\lib\spring-context-indexer-6.0.2.jar;c:\Users\Glymin Terra Selasi\.trae\extensions\pivotal.vscode-spring-boot-1.43.0-universal\language-server\BOOT-INF\lib\spring-core-6.0.2.jar;c:\Users\Glymin Terra Selasi\.trae\extensions\pivotal.vscode-spring-boot-1.43.0-universal\language-server\BOOT-INF\lib\spring-expression-6.0.2.jar;c:\Users\Glymin Terra Selasi\.trae\extensions\pivotal.vscode-spring-boot-1.43.0-universal\language-server\BOOT-INF\lib\spring-jcl-6.0.2.jar;c:\Users\Glymin Terra Selasi\.trae\extensions\pivotal.vscode-spring-boot-1.43.0-universal\language-server\BOOT-INF\lib\spring-web-6.0.2.jar;c:\Users\Glymin Terra Selasi\.trae\extensions\pivotal.vscode-spring-boot-1.43.0-universal\language-server\BOOT-INF\lib\ST4-4.3.1.jar;c:\Users\Glymin Terra Selasi\.trae\extensions\pivotal.vscode-spring-boot-1.43.0-universal\language-server\BOOT-INF\lib\stax2-api-4.2.1.jar;c:\Users\Glymin Terra Selasi\.trae\extensions\pivotal.vscode-spring-boot-1.43.0-universal\language-server\BOOT-INF\lib\tag-expressions-4.1.0.jar;c:\Users\Glymin Terra Selasi\.trae\extensions\pivotal.vscode-spring-boot-1.43.0-universal\language-server\BOOT-INF\lib\typetools-0.6.3.jar;c:\Users\Glymin Terra Selasi\.trae\extensions\pivotal.vscode-spring-boot-1.43.0-universal\language-server\BOOT-INF\lib\vavr-0.10.2.jar;c:\Users\Glymin Terra Selasi\.trae\extensions\pivotal.vscode-spring-boot-1.43.0-universal\language-server\BOOT-INF\lib\vavr-match-0.10.2.jar;c:\Users\Glymin Terra Selasi\.trae\extensions\pivotal.vscode-spring-boot-1.43.0-universal\language-server\BOOT-INF\lib\woodstox-core-6.4.0.jar;c:\Users\Glymin Terra Selasi\.trae\extensions\pivotal.vscode-spring-boot-1.43.0-universal\language-server\BOOT-INF\lib\xercesImpl-2.12.0.jar;c:\Users\Glymin Terra Selasi\.trae\extensions\pivotal.vscode-spring-boot-1.43.0-universal\language-server\BOOT-INF\lib\xml-apis-1.4.01.jar;c:\Users\Glymin Terra Selasi\.trae\extensions\pivotal.vscode-spring-boot-1.43.0-universal\language-server\BOOT-INF\lib\xml-resolver-1.2.jar
Launcher Type: SUN_STANDARD

[Global flags]
     intx CICompilerCount                          = 4                                         {product} {ergonomic}
     uint ConcGCThreads                            = 2                                         {product} {ergonomic}
     uint G1ConcRefinementThreads                  = 8                                         {product} {ergonomic}
   size_t G1HeapRegionSize                         = 1048576                                   {product} {ergonomic}
    uintx GCDrainStackTargetSize                   = 64                                        {product} {ergonomic}
   size_t InitialHeapSize                          = 130023424                                 {product} {ergonomic}
   size_t MarkStackSize                            = 4194304                                   {product} {ergonomic}
   size_t MaxHeapSize                              = 2080374784                                {product} {ergonomic}
   size_t MaxNewSize                               = 1247805440                                {product} {ergonomic}
   size_t MinHeapDeltaBytes                        = 1048576                                   {product} {ergonomic}
   size_t MinHeapSize                              = 8388608                                   {product} {ergonomic}
    uintx NonNMethodCodeHeapSize                   = 4096                                   {pd product} {ergonomic}
    uintx NonProfiledCodeHeapSize                  = 0                                      {pd product} {ergonomic}
     bool ProfileInterpreter                       = false                                  {pd product} {command line}
    uintx ProfiledCodeHeapSize                     = 0                                      {pd product} {ergonomic}
   size_t SoftMaxHeapSize                          = 2080374784                             {manageable} {ergonomic}
     intx TieredStopAtLevel                        = 1                                         {product} {command line}
     bool UseCompressedOops                        = true                           {product lp64_product} {ergonomic}
     bool UseG1GC                                  = true                                      {product} {ergonomic}
     bool UseLargePagesIndividualAllocation        = false                                  {pd product} {ergonomic}

Logging:
Log output configuration:
 #0: stdout all=warning,jni+resolve=off uptime,level,tags foldmultilines=false
 #1: stderr all=off uptime,level,tags foldmultilines=false

Release file:
JAVA_VERSION="21.0.9" 
MODULES="java.base java.compiler java.datatransfer java.xml java.prefs java.desktop java.instrument java.logging java.management java.security.sasl java.naming java.rmi java.management.rmi java.net.http java.scripting java.security.jgss java.transaction.xa java.sql java.sql.rowset java.xml.crypto java.se java.smartcardio jdk.accessibility jdk.internal.jvmstat jdk.attach jdk.charsets jdk.internal.opt jdk.zipfs jdk.compiler jdk.crypto.ec jdk.crypto.cryptoki jdk.crypto.mscapi jdk.dynalink jdk.internal.ed jdk.editpad jdk.hotspot.agent jdk.httpserver jdk.internal.le jdk.internal.vm.ci jdk.internal.vm.compiler jdk.internal.vm.compiler.management jdk.jartool jdk.javadoc jdk.jcmd jdk.management jdk.management.agent jdk.jconsole jdk.jdeps jdk.jdwp.agent jdk.jdi jdk.jfr jdk.jshell jdk.jsobject jdk.jstatd jdk.localedata jdk.management.jfr jdk.naming.dns jdk.naming.rmi jdk.net jdk.nio.mapmode jdk.random jdk.sctp jdk.security.auth jdk.security.jgss jdk.unsupported jdk.unsupported.desktop jdk.xml.dom" 

Environment Variables:
JAVA_HOME=C:\Program Files\jdk-23.0.1
PATH=c:\Users\Glymin Terra Selasi\.trae\tools\trae-gopls\current;c:\Users\Glymin Terra Selasi\.trae\sdks\workspaces\3ecfd569\versions\node\current;c:\Users\Glymin Terra Selasi\.trae\sdks\versions\node\current;C:\Python312\Scripts\;C:\Python312\;C:\WINDOWS\system32;C:\WINDOWS;C:\WINDOWS\System32\Wbem;C:\WINDOWS\System32\WindowsPowerShell\v1.0\;C:\WINDOWS\System32\OpenSSH\;C:\Program Files\dotnet\;C:\ProgramData\chocolatey\bin;C:\Program Files (x86)\Microsoft SQL Server\160\Tools\Binn\;C:\Program Files\Microsoft SQL Server\160\Tools\Binn\;C:\Program Files\Microsoft SQL Server\Client SDK\ODBC\170\Tools\Binn\;C:\Program Files\Microsoft SQL Server\160\DTS\Binn\;C:\Program Files\php-8.3.12;C:\Program Files\php-8.3.12\php;C:\xampp\php;C:\Users\Glymin Terra Selasi\AppData\Local\Yarn\bin;C:\Program Files\PostgreSQL\15\bin;C:\Program Files\Git\cmd;C:\Program Files\jdk-23.0.1\bin;C:\Program Files\PostgreSQL\12\bin;C:\Program Files (x86)\cloudflared\;C:\Windows\System32;C:\composer;C:\Users\Glymin Terra Selasi\AppData\Roaming\npm;C:\Users\Glymin Terra Selasi\AppData\Roaming\nvm;C:\Program Files\nodejs;C:\xampp\mysql\bin;C:\Program Files\apache-maven-3.9.11\bin;C:\Python312\Scripts\;C:\Python312\;C:\WINDOWS\system32;C:\WINDOWS;C:\WINDOWS\System32\Wbem;C:\WINDOWS\System32\WindowsPowerShell\v1.0\;C:\WINDOWS\System32\OpenSSH\;C:\Program Files\dotnet\;C:\ProgramData\chocolatey\bin;C:\Program Files (x86)\Microsoft SQL Server\160\Tools\Binn\;C:\Program Files\Microsoft SQL Server\160\Tools\Binn\;C:\Program Files\Microsoft SQL Server\Client SDK\ODBC\170\Tools\Binn\;C:\Program Files\Microsoft SQL Server\160\DTS\Binn\;C:\Program Files (x86)\Microsoft SQL Server\160\DTS\Binn\;C:\Program Files\php-8.3.12;C:\Program Files\php-8.3.12\php;C:\xampp\php;C:\Users\Glymin Terra Selasi\AppData\Local\Yarn\bin;C:\Program Files\PostgreSQL\15\bin;C:\Program Files\Git\cmd;C:\Program Files\jdk-23.0.1\bin;C:\Program Files\PostgreSQL\12\bin;C:\Program Files (x86)\cloudflared\;C:\Windows\System32;C:\composer;C:\Users\Glymin Terra Selasi\AppData\Local\Microsoft\WindowsApps;C:\Users\Glymin Terra Selasi\AppData\Local\Programs\Microsoft VS Code\bin;C:\Users\Glymin Terra Sela;C:\Users\Glymin Terra Selasi\AppData\Roaming\npm;C:\Users\Glymin Terra Selasi\AppData\Roaming\nvm;C:\Program Files\nodejs;C:\Users\Glymin Terra Selasi\AppData\Local\Microsoft\WindowsApps;C:\Users\Glymin Terra Selasi\AppData\Local\Programs\Antigravity\bin;c:\Users\Glymin Terra Selasi\AppData\Local\Programs\Trae1\resources\app\bin\lib
USERNAME=Glymin Terra Selasi
OS=Windows_NT
PROCESSOR_IDENTIFIER=Intel64 Family 6 Model 140 Stepping 1, GenuineIntel
TMP=C:\Users\GLYMIN~1\AppData\Local\Temp
TEMP=C:\Users\GLYMIN~1\AppData\Local\Temp




Periodic native trim disabled

---------------  S Y S T E M  ---------------

OS:
 Windows 11 , 64 bit Build 26100 (10.0.26100.6725)
OS uptime: 0 days 8:48 hours
Hyper-V role detected

CPU: total 8 (initial active 8) (4 cores per cpu, 2 threads per core) family 6 model 140 stepping 1 microcode 0xbe, cx8, cmov, fxsr, ht, mmx, 3dnowpref, sse, sse2, sse3, ssse3, sse4.1, sse4.2, popcnt, lzcnt, tsc, tscinvbit, avx, avx2, aes, erms, clmul, bmi1, bmi2, adx, avx512f, avx512dq, avx512cd, avx512bw, avx512vl, sha, fma, vzeroupper, avx512_vpopcntdq, avx512_vpclmulqdq, avx512_vaes, avx512_vnni, clflush, clflushopt, clwb, avx512_vbmi2, avx512_vbmi, hv, rdtscp, rdpid, fsrm, gfni, avx512_bitalg, f16c, cet_ibt, cet_ss, avx512_ifma
Processor Information for the first 8 processors :
  Max Mhz: 2419, Current Mhz: 2419, Mhz Limit: 2419

Memory: 4k page, system-wide physical 7934M (582M free)
TotalPageFile size 29130M (AvailPageFile size 172M)
current process WorkingSet (physical memory assigned to process): 517M, peak: 517M
current process commit charge ("private bytes"): 622M, peak: 839M

vm_info: OpenJDK 64-Bit Server VM (21.0.9+10-LTS) for windows-amd64 JRE (21.0.9+10-LTS), built on 2025-10-21T00:00:00Z by "admin" with unknown MS VC++:1942

END.
