#
# There is insufficient memory for the Java Runtime Environment to continue.
# Native memory allocation (mmap) failed to map 343932928 bytes. Error detail: G1 virtual space
# Possible reasons:
#   The system is out of physical RAM or swap space
#   This process is running with CompressedOops enabled, and the Java Heap may be blocking the growth of the native heap
# Possible solutions:
#   Reduce memory load on the system
#   Increase physical memory or swap space
#   Check if swap backing store is full
#   Decrease Java heap size (-Xmx/-Xms)
#   Decrease number of Java threads
#   Decrease Java thread stack sizes (-Xss)
#   Set larger code cache with -XX:ReservedCodeCacheSize=
#   JVM is running with Unscaled Compressed Oops mode in which the Java heap is
#     placed in the first 4GB address space. The Java Heap base address is the
#     maximum limit for the native heap growth. Please use -XX:HeapBaseMinAddress
#     to set the Java Heap base and to place the Java Heap above 4GB virtual address.
# This output file may be truncated or incomplete.
#
#  Out of Memory Error (os_windows.cpp:3713), pid=30168, tid=23640
#
# JRE version: OpenJDK Runtime Environment Temurin-21.0.9+10 (21.0.9+10) (build 21.0.9+10-LTS)
# Java VM: OpenJDK 64-Bit Server VM Temurin-21.0.9+10 (21.0.9+10-LTS, mixed mode, emulated-client, sharing, tiered, compressed oops, compressed class ptrs, g1 gc, windows-amd64)
# No core dump will be written. Minidumps are not enabled by default on client versions of Windows
#

---------------  S U M M A R Y ------------

Command Line: -Dsts.lsp.client=vscode -Dsts.log.file=/dev/null -XX:TieredStopAtLevel=1 -Xlog:jni+resolve=off -Dspring.config.location=file:c:\Users\Glymin Terra Selasi\.trae\extensions\pivotal.vscode-spring-boot-1.43.0-universal\language-server\BOOT-INF\classes\application.properties org.springframework.ide.vscode.boot.app.BootLanguageServerBootApp

Host: 11th Gen Intel(R) Core(TM) i5-1135G7 @ 2.40GHz, 8 cores, 7G,  Windows 11 , 64 bit Build 26100 (10.0.26100.6725)
Time: Thu Feb 19 12:24:41 2026 Greenwich Standard Time elapsed time: 48.014795 seconds (0d 0h 0m 48s)

---------------  T H R E A D  ---------------

Current thread (0x0000020e2090efe0):  VMThread "VM Thread"          [id=23640, stack(0x0000006b79c00000,0x0000006b79d00000) (1024K)]

Stack: [0x0000006b79c00000,0x0000006b79d00000]
Native frames: (J=compiled Java code, j=interpreted, Vv=VM code, C=native code)
V  [jvm.dll+0x6d6e29]
V  [jvm.dll+0x8b4b76]
V  [jvm.dll+0x8b712e]
V  [jvm.dll+0x8b7813]
V  [jvm.dll+0x283d86]
V  [jvm.dll+0x6d3745]
V  [jvm.dll+0x6c747a]
V  [jvm.dll+0x35e7e8]
V  [jvm.dll+0x366426]
V  [jvm.dll+0x3b73fe]
V  [jvm.dll+0x3b76a8]
V  [jvm.dll+0x3329ec]
V  [jvm.dll+0x332a77]
V  [jvm.dll+0x37684c]
V  [jvm.dll+0x374fee]
V  [jvm.dll+0x332131]
V  [jvm.dll+0x37465a]
V  [jvm.dll+0x8bd500]
V  [jvm.dll+0x8be8a4]
V  [jvm.dll+0x8bede0]
V  [jvm.dll+0x8bf083]
V  [jvm.dll+0x85e9ad]
V  [jvm.dll+0x6d565d]
C  [ucrtbase.dll+0x37b0]
C  [KERNEL32.DLL+0x2e8d7]
C  [ntdll.dll+0x8c53c]

VM_Operation (0x0000006b7befe280): G1CollectForAllocation, mode: safepoint, requested by thread 0x0000020e6714dc90


---------------  P R O C E S S  ---------------

Threads class SMR info:
_java_thread_list=0x0000020e67467ac0, length=35, elements={
0x0000020e2092ec70, 0x0000020e2092f870, 0x0000020e20931480, 0x0000020e20934290,
0x0000020e20934e90, 0x0000020e2093dd00, 0x0000020e2095ff10, 0x0000020e20adeb40,
0x0000020e20ae63b0, 0x0000020e66d1a530, 0x0000020e670dcfc0, 0x0000020e670dda30,
0x0000020e670de090, 0x0000020e67186580, 0x0000020e6723a000, 0x0000020e66f06590,
0x0000020e67286480, 0x0000020e672874c0, 0x0000020e6714c8e0, 0x0000020e6714cf70,
0x0000020e6714e9b0, 0x0000020e6714d600, 0x0000020e6714c250, 0x0000020e6714b530,
0x0000020e6714dc90, 0x0000020e6714e320, 0x0000020e6714bbc0, 0x0000020e67447570,
0x0000020e67444e10, 0x0000020e674461c0, 0x0000020e674440f0, 0x0000020e67446ee0,
0x0000020e674454a0, 0x0000020e67446850, 0x0000020e67445b30
}

Java Threads: ( => current thread )
  0x0000020e2092ec70 JavaThread "Reference Handler"          daemon [_thread_blocked, id=23076, stack(0x0000006b79d00000,0x0000006b79e00000) (1024K)]
  0x0000020e2092f870 JavaThread "Finalizer"                  daemon [_thread_blocked, id=20104, stack(0x0000006b79e00000,0x0000006b79f00000) (1024K)]
  0x0000020e20931480 JavaThread "Signal Dispatcher"          daemon [_thread_blocked, id=25508, stack(0x0000006b79f00000,0x0000006b7a000000) (1024K)]
  0x0000020e20934290 JavaThread "Attach Listener"            daemon [_thread_blocked, id=20808, stack(0x0000006b7a000000,0x0000006b7a100000) (1024K)]
  0x0000020e20934e90 JavaThread "Service Thread"             daemon [_thread_blocked, id=10292, stack(0x0000006b7a100000,0x0000006b7a200000) (1024K)]
  0x0000020e2093dd00 JavaThread "Monitor Deflation Thread"   daemon [_thread_blocked, id=22780, stack(0x0000006b7a200000,0x0000006b7a300000) (1024K)]
  0x0000020e2095ff10 JavaThread "C1 CompilerThread0"         daemon [_thread_blocked, id=25088, stack(0x0000006b7a300000,0x0000006b7a400000) (1024K)]
  0x0000020e20adeb40 JavaThread "Notification Thread"        daemon [_thread_blocked, id=24860, stack(0x0000006b7a500000,0x0000006b7a600000) (1024K)]
  0x0000020e20ae63b0 JavaThread "Common-Cleaner"             daemon [_thread_blocked, id=17532, stack(0x0000006b7a600000,0x0000006b7a700000) (1024K)]
  0x0000020e66d1a530 JavaThread "boundedElastic-evictor-1"   daemon [_thread_blocked, id=14296, stack(0x0000006b7ac00000,0x0000006b7ad00000) (1024K)]
  0x0000020e670dcfc0 JavaThread "pool-11-thread-1"                  [_thread_blocked, id=5084, stack(0x0000006b7b100000,0x0000006b7b200000) (1024K)]
  0x0000020e670dda30 JavaThread "LanguageServerApp-lifecycle"        [_thread_blocked, id=29000, stack(0x0000006b7b200000,0x0000006b7b300000) (1024K)]
  0x0000020e670de090 JavaThread "DestroyJavaVM"                     [_thread_blocked, id=23824, stack(0x0000006b79500000,0x0000006b79600000) (1024K)]
  0x0000020e67186580 JavaThread "pool-12-thread-1"                  [_thread_in_native, id=21136, stack(0x0000006b7b300000,0x0000006b7b400000) (1024K)]
  0x0000020e6723a000 JavaThread "Simple-Language-Server main thread" daemon [_thread_blocked, id=19000, stack(0x0000006b7a400000,0x0000006b7a500000) (1024K)]
  0x0000020e66f06590 JavaThread "pool-8-thread-1"                   [_thread_blocked, id=21616, stack(0x0000006b7b400000,0x0000006b7b500000) (1024K)]
  0x0000020e67286480 JavaThread "parallel-1"                 daemon [_thread_blocked, id=9928, stack(0x0000006b7b500000,0x0000006b7b600000) (1024K)]
  0x0000020e672874c0 JavaThread "parallel-2"                 daemon [_thread_blocked, id=28316, stack(0x0000006b7b600000,0x0000006b7b700000) (1024K)]
  0x0000020e6714c8e0 JavaThread "ForkJoinPool.commonPool-worker-1" daemon [_thread_blocked, id=29044, stack(0x0000006b7b700000,0x0000006b7b800000) (1024K)]
  0x0000020e6714cf70 JavaThread "parallel-3"                 daemon [_thread_blocked, id=17884, stack(0x0000006b7b900000,0x0000006b7ba00000) (1024K)]
  0x0000020e6714e9b0 JavaThread "ClassGraph-worker-0"        daemon [_thread_blocked, id=15872, stack(0x0000006b7ba00000,0x0000006b7bb00000) (1024K)]
  0x0000020e6714d600 JavaThread "Reconciler-1"               daemon [_thread_blocked, id=2612, stack(0x0000006b7bb00000,0x0000006b7bc00000) (1024K)]
  0x0000020e6714c250 JavaThread "ClassGraph-worker-1"        daemon [_thread_blocked, id=29304, stack(0x0000006b7bc00000,0x0000006b7bd00000) (1024K)]
  0x0000020e6714b530 JavaThread "ClassGraph-worker-2"        daemon [_thread_blocked, id=16876, stack(0x0000006b7bd00000,0x0000006b7be00000) (1024K)]
  0x0000020e6714dc90 JavaThread "ClassGraph-worker-3"        daemon [_thread_blocked, id=12208, stack(0x0000006b7be00000,0x0000006b7bf00000) (1024K)]
  0x0000020e6714e320 JavaThread "ClassGraph-worker-4"        daemon [_thread_blocked, id=25168, stack(0x0000006b7bf00000,0x0000006b7c000000) (1024K)]
  0x0000020e6714bbc0 JavaThread "ClassGraph-worker-5"        daemon [_thread_blocked, id=19492, stack(0x0000006b7c000000,0x0000006b7c100000) (1024K)]
  0x0000020e67447570 JavaThread "ClassGraph-worker-6"        daemon [_thread_blocked, id=13416, stack(0x0000006b7c100000,0x0000006b7c200000) (1024K)]
  0x0000020e67444e10 JavaThread "ClassGraph-worker-7"        daemon [_thread_blocked, id=19668, stack(0x0000006b7c200000,0x0000006b7c300000) (1024K)]
  0x0000020e674461c0 JavaThread "ClassGraph-worker-8"        daemon [_thread_blocked, id=30564, stack(0x0000006b7c300000,0x0000006b7c400000) (1024K)]
  0x0000020e674440f0 JavaThread "ClassGraph-worker-9"        daemon [_thread_blocked, id=29920, stack(0x0000006b7c400000,0x0000006b7c500000) (1024K)]
  0x0000020e67446ee0 JavaThread "ClassGraph-worker-10"       daemon [_thread_blocked, id=15108, stack(0x0000006b7c500000,0x0000006b7c600000) (1024K)]
  0x0000020e674454a0 JavaThread "ClassGraph-worker-11"       daemon [_thread_blocked, id=18500, stack(0x0000006b7c600000,0x0000006b7c700000) (1024K)]
  0x0000020e67446850 JavaThread "ClassGraph-worker-12"       daemon [_thread_blocked, id=22736, stack(0x0000006b7c700000,0x0000006b7c800000) (1024K)]
  0x0000020e67445b30 JavaThread "ClassGraph-worker-13"       daemon [_thread_blocked, id=29752, stack(0x0000006b7c800000,0x0000006b7c900000) (1024K)]
Total: 35

Other Threads:
=>0x0000020e2090efe0 VMThread "VM Thread"                           [id=23640, stack(0x0000006b79c00000,0x0000006b79d00000) (1024K)]
  0x0000020e208f50c0 WatcherThread "VM Periodic Task Thread"        [id=24180, stack(0x0000006b79b00000,0x0000006b79c00000) (1024K)]
  0x0000020e155833b0 WorkerThread "GC Thread#0"                     [id=3784, stack(0x0000006b79600000,0x0000006b79700000) (1024K)]
  0x0000020e66578670 WorkerThread "GC Thread#1"                     [id=28940, stack(0x0000006b7a700000,0x0000006b7a800000) (1024K)]
  0x0000020e66734ab0 WorkerThread "GC Thread#2"                     [id=10356, stack(0x0000006b7a800000,0x0000006b7a900000) (1024K)]
  0x0000020e66734e50 WorkerThread "GC Thread#3"                     [id=20540, stack(0x0000006b7a900000,0x0000006b7aa00000) (1024K)]
  0x0000020e667351f0 WorkerThread "GC Thread#4"                     [id=24760, stack(0x0000006b7aa00000,0x0000006b7ab00000) (1024K)]
  0x0000020e66919600 WorkerThread "GC Thread#5"                     [id=13468, stack(0x0000006b7ad00000,0x0000006b7ae00000) (1024K)]
  0x0000020e669199a0 WorkerThread "GC Thread#6"                     [id=18464, stack(0x0000006b7ae00000,0x0000006b7af00000) (1024K)]
  0x0000020e66924270 WorkerThread "GC Thread#7"                     [id=28820, stack(0x0000006b7af00000,0x0000006b7b000000) (1024K)]
  0x0000020e155939a0 ConcurrentGCThread "G1 Main Marker"            [id=23264, stack(0x0000006b79700000,0x0000006b79800000) (1024K)]
  0x0000020e15595130 WorkerThread "G1 Conc#0"                       [id=29740, stack(0x0000006b79800000,0x0000006b79900000) (1024K)]
  0x0000020e6692da50 WorkerThread "G1 Conc#1"                       [id=28904, stack(0x0000006b7b000000,0x0000006b7b100000) (1024K)]
  0x0000020e207c4990 ConcurrentGCThread "G1 Refine#0"               [id=5540, stack(0x0000006b79900000,0x0000006b79a00000) (1024K)]
  0x0000020e207c7320 ConcurrentGCThread "G1 Service"                [id=27040, stack(0x0000006b79a00000,0x0000006b79b00000) (1024K)]
Total: 15

Threads with active compile tasks:
Total: 0

VM state: at safepoint (normal execution)

VM Mutex/Monitor currently owned by a thread:  ([mutex/lock_event])
[0x00007ffd58fdd570] Threads_lock - owner thread: 0x0000020e2090efe0
[0x00007ffd58fdd670] Heap_lock - owner thread: 0x0000020e6714dc90

Heap address: 0x0000000084000000, size: 1984 MB, Compressed Oops mode: 32-bit

CDS archive(s) mapped at: [0x0000020e21000000-0x0000020e21ba0000-0x0000020e21ba0000), size 12189696, SharedBaseAddress: 0x0000020e21000000, ArchiveRelocationMode: 1.
Compressed class space mapped at: 0x0000020e22000000-0x0000020e62000000, reserved size: 1073741824
Narrow klass base: 0x0000020e21000000, Narrow klass shift: 0, Narrow klass range: 0x100000000

GC Precious Log:
 CardTable entry size: 512
 Card Set container configuration: InlinePtr #cards 5 size 8 Array Of Cards #cards 12 size 40 Howl #buckets 4 coarsen threshold 1843 Howl Bitmap #cards 512 size 80 coarsen threshold 460 Card regions per heap region 1 cards per card region 2048
 CPUs: 8 total, 8 available
 Memory: 7934M
 Large Page Support: Disabled
 NUMA Support: Disabled
 Compressed Oops: Enabled (32-bit)
 Heap Region Size: 1M
 Heap Min Capacity: 8M
 Heap Initial Capacity: 124M
 Heap Max Capacity: 1984M
 Pre-touch: Disabled
 Parallel Workers: 8
 Concurrent Workers: 2
 Concurrent Refinement Workers: 8
 Periodic GC: Disabled

Heap:
 garbage-first heap   total 335872K, used 126312K [0x0000000084000000, 0x0000000100000000)
  region size 1024K, 18 young (18432K), 18 survivors (18432K)
 Metaspace       used 28972K, committed 29568K, reserved 1114112K
  class space    used 4040K, committed 4288K, reserved 1048576K

Heap Regions: E=young(eden), S=young(survivor), O=old, HS=humongous(starts), HC=humongous(continues), CS=collection set, F=free, TAMS=top-at-mark-start, PB=parsable bottom
|   0|0x0000000084000000, 0x0000000084100000, 0x0000000084100000|100%| O|  |TAMS 0x0000000084100000| PB 0x0000000084000000| Untracked 
|   1|0x0000000084100000, 0x0000000084200000, 0x0000000084200000|100%| O|  |TAMS 0x0000000084200000| PB 0x0000000084100000| Untracked 
|   2|0x0000000084200000, 0x0000000084300000, 0x0000000084300000|100%| O|  |TAMS 0x0000000084300000| PB 0x0000000084200000| Untracked 
|   3|0x0000000084300000, 0x0000000084400000, 0x0000000084400000|100%| O|  |TAMS 0x0000000084400000| PB 0x0000000084300000| Untracked 
|   4|0x0000000084400000, 0x0000000084500000, 0x0000000084500000|100%| O|  |TAMS 0x0000000084500000| PB 0x0000000084400000| Untracked 
|   5|0x0000000084500000, 0x0000000084600000, 0x0000000084600000|100%| O|  |TAMS 0x0000000084600000| PB 0x0000000084500000| Untracked 
|   6|0x0000000084600000, 0x0000000084700000, 0x0000000084700000|100%| O|  |TAMS 0x0000000084700000| PB 0x0000000084600000| Untracked 
|   7|0x0000000084700000, 0x00000000847fbe30, 0x0000000084800000| 98%| O|  |TAMS 0x00000000847fbe30| PB 0x0000000084700000| Untracked 
|   8|0x0000000084800000, 0x0000000084900000, 0x0000000084900000|100%| O|  |TAMS 0x0000000084900000| PB 0x0000000084800000| Untracked 
|   9|0x0000000084900000, 0x0000000084a00000, 0x0000000084a00000|100%| O|  |TAMS 0x0000000084a00000| PB 0x0000000084900000| Untracked 
|  10|0x0000000084a00000, 0x0000000084b00000, 0x0000000084b00000|100%| O|  |TAMS 0x0000000084b00000| PB 0x0000000084a00000| Untracked 
|  11|0x0000000084b00000, 0x0000000084c00000, 0x0000000084c00000|100%| O|  |TAMS 0x0000000084c00000| PB 0x0000000084b00000| Untracked 
|  12|0x0000000084c00000, 0x0000000084d00000, 0x0000000084d00000|100%| O|  |TAMS 0x0000000084d00000| PB 0x0000000084c00000| Untracked 
|  13|0x0000000084d00000, 0x0000000084e00000, 0x0000000084e00000|100%| O|  |TAMS 0x0000000084e00000| PB 0x0000000084d00000| Untracked 
|  14|0x0000000084e00000, 0x0000000084f00000, 0x0000000084f00000|100%| O|  |TAMS 0x0000000084e00000| PB 0x0000000084e00000| Untracked 
|  15|0x0000000084f00000, 0x0000000085000000, 0x0000000085000000|100%| O|  |TAMS 0x0000000085000000| PB 0x0000000084f00000| Untracked 
|  16|0x0000000085000000, 0x0000000085100000, 0x0000000085100000|100%| O|  |TAMS 0x0000000085100000| PB 0x0000000085000000| Untracked 
|  17|0x0000000085100000, 0x0000000085200000, 0x0000000085200000|100%| O|  |TAMS 0x0000000085200000| PB 0x0000000085100000| Untracked 
|  18|0x0000000085200000, 0x0000000085300000, 0x0000000085300000|100%| O|  |TAMS 0x0000000085300000| PB 0x0000000085200000| Untracked 
|  19|0x0000000085300000, 0x0000000085400000, 0x0000000085400000|100%| O|  |TAMS 0x0000000085400000| PB 0x0000000085300000| Untracked 
|  20|0x0000000085400000, 0x0000000085500000, 0x0000000085500000|100%| O|  |TAMS 0x0000000085500000| PB 0x0000000085400000| Untracked 
|  21|0x0000000085500000, 0x0000000085600000, 0x0000000085600000|100%| O|  |TAMS 0x0000000085600000| PB 0x0000000085500000| Untracked 
|  22|0x0000000085600000, 0x0000000085700000, 0x0000000085700000|100%| O|  |TAMS 0x0000000085700000| PB 0x0000000085600000| Untracked 
|  23|0x0000000085700000, 0x0000000085800000, 0x0000000085800000|100%| O|  |TAMS 0x0000000085800000| PB 0x0000000085700000| Untracked 
|  24|0x0000000085800000, 0x0000000085900000, 0x0000000085900000|100%| O|  |TAMS 0x0000000085900000| PB 0x0000000085800000| Untracked 
|  25|0x0000000085900000, 0x0000000085a00000, 0x0000000085a00000|100%| O|  |TAMS 0x0000000085a00000| PB 0x0000000085900000| Untracked 
|  26|0x0000000085a00000, 0x0000000085b00000, 0x0000000085b00000|100%| O|  |TAMS 0x0000000085b00000| PB 0x0000000085a00000| Untracked 
|  27|0x0000000085b00000, 0x0000000085c00000, 0x0000000085c00000|100%| O|  |TAMS 0x0000000085c00000| PB 0x0000000085b00000| Untracked 
|  28|0x0000000085c00000, 0x0000000085d00000, 0x0000000085d00000|100%| O|  |TAMS 0x0000000085d00000| PB 0x0000000085c00000| Untracked 
|  29|0x0000000085d00000, 0x0000000085e00000, 0x0000000085e00000|100%| O|  |TAMS 0x0000000085e00000| PB 0x0000000085d00000| Untracked 
|  30|0x0000000085e00000, 0x0000000085f00000, 0x0000000085f00000|100%| O|  |TAMS 0x0000000085f00000| PB 0x0000000085e00000| Untracked 
|  31|0x0000000085f00000, 0x0000000086000000, 0x0000000086000000|100%| O|  |TAMS 0x0000000086000000| PB 0x0000000085f00000| Untracked 
|  32|0x0000000086000000, 0x0000000086100000, 0x0000000086100000|100%| O|  |TAMS 0x0000000086100000| PB 0x0000000086000000| Untracked 
|  33|0x0000000086100000, 0x0000000086200000, 0x0000000086200000|100%| O|  |TAMS 0x0000000086200000| PB 0x0000000086100000| Untracked 
|  34|0x0000000086200000, 0x0000000086300000, 0x0000000086300000|100%| O|  |TAMS 0x0000000086300000| PB 0x0000000086200000| Untracked 
|  35|0x0000000086300000, 0x0000000086400000, 0x0000000086400000|100%| O|  |TAMS 0x0000000086400000| PB 0x0000000086300000| Untracked 
|  36|0x0000000086400000, 0x0000000086500000, 0x0000000086500000|100%| O|  |TAMS 0x0000000086500000| PB 0x0000000086400000| Untracked 
|  37|0x0000000086500000, 0x0000000086600000, 0x0000000086600000|100%| O|  |TAMS 0x0000000086600000| PB 0x0000000086500000| Untracked 
|  38|0x0000000086600000, 0x0000000086700000, 0x0000000086700000|100%| O|  |TAMS 0x0000000086700000| PB 0x0000000086600000| Untracked 
|  39|0x0000000086700000, 0x0000000086800000, 0x0000000086800000|100%| O|  |TAMS 0x0000000086800000| PB 0x0000000086700000| Untracked 
|  40|0x0000000086800000, 0x0000000086900000, 0x0000000086900000|100%| O|  |TAMS 0x0000000086900000| PB 0x0000000086800000| Untracked 
|  41|0x0000000086900000, 0x0000000086a00000, 0x0000000086a00000|100%| O|  |TAMS 0x0000000086a00000| PB 0x0000000086900000| Untracked 
|  42|0x0000000086a00000, 0x0000000086b00000, 0x0000000086b00000|100%| O|  |TAMS 0x0000000086b00000| PB 0x0000000086a00000| Untracked 
|  43|0x0000000086b00000, 0x0000000086c00000, 0x0000000086c00000|100%| O|  |TAMS 0x0000000086c00000| PB 0x0000000086b00000| Untracked 
|  44|0x0000000086c00000, 0x0000000086d00000, 0x0000000086d00000|100%| O|  |TAMS 0x0000000086d00000| PB 0x0000000086c00000| Untracked 
|  45|0x0000000086d00000, 0x0000000086e00000, 0x0000000086e00000|100%| O|  |TAMS 0x0000000086e00000| PB 0x0000000086d00000| Untracked 
|  46|0x0000000086e00000, 0x0000000086f00000, 0x0000000086f00000|100%| O|  |TAMS 0x0000000086f00000| PB 0x0000000086e00000| Untracked 
|  47|0x0000000086f00000, 0x0000000087000000, 0x0000000087000000|100%| O|  |TAMS 0x0000000087000000| PB 0x0000000086f00000| Untracked 
|  48|0x0000000087000000, 0x0000000087100000, 0x0000000087100000|100%|HS|  |TAMS 0x0000000087100000| PB 0x0000000087000000| Complete 
|  49|0x0000000087100000, 0x0000000087200000, 0x0000000087200000|100%| O|  |TAMS 0x0000000087200000| PB 0x0000000087100000| Untracked 
|  50|0x0000000087200000, 0x0000000087300000, 0x0000000087300000|100%| O|  |TAMS 0x0000000087300000| PB 0x0000000087200000| Untracked 
|  51|0x0000000087300000, 0x0000000087400000, 0x0000000087400000|100%| O|  |TAMS 0x0000000087400000| PB 0x0000000087300000| Untracked 
|  52|0x0000000087400000, 0x0000000087500000, 0x0000000087500000|100%| O|  |TAMS 0x0000000087500000| PB 0x0000000087400000| Untracked 
|  53|0x0000000087500000, 0x0000000087600000, 0x0000000087600000|100%| O|  |TAMS 0x0000000087600000| PB 0x0000000087500000| Untracked 
|  54|0x0000000087600000, 0x0000000087700000, 0x0000000087700000|100%| O|  |TAMS 0x0000000087700000| PB 0x0000000087600000| Untracked 
|  55|0x0000000087700000, 0x0000000087800000, 0x0000000087800000|100%| O|  |TAMS 0x0000000087800000| PB 0x0000000087700000| Untracked 
|  56|0x0000000087800000, 0x0000000087900000, 0x0000000087900000|100%| O|  |TAMS 0x0000000087900000| PB 0x0000000087800000| Untracked 
|  57|0x0000000087900000, 0x0000000087a00000, 0x0000000087a00000|100%| O|  |TAMS 0x0000000087a00000| PB 0x0000000087900000| Untracked 
|  58|0x0000000087a00000, 0x0000000087b00000, 0x0000000087b00000|100%| O|  |TAMS 0x0000000087a00000| PB 0x0000000087a00000| Untracked 
|  59|0x0000000087b00000, 0x0000000087c00000, 0x0000000087c00000|100%| O|  |TAMS 0x0000000087c00000| PB 0x0000000087b00000| Untracked 
|  60|0x0000000087c00000, 0x0000000087d00000, 0x0000000087d00000|100%| O|  |TAMS 0x0000000087d00000| PB 0x0000000087c00000| Untracked 
|  61|0x0000000087d00000, 0x0000000087e00000, 0x0000000087e00000|100%| O|  |TAMS 0x0000000087e00000| PB 0x0000000087d00000| Untracked 
|  62|0x0000000087e00000, 0x0000000087f00000, 0x0000000087f00000|100%| O|  |TAMS 0x0000000087e00000| PB 0x0000000087e00000| Untracked 
|  63|0x0000000087f00000, 0x0000000088000000, 0x0000000088000000|100%| O|  |TAMS 0x0000000088000000| PB 0x0000000087f00000| Untracked 
|  64|0x0000000088000000, 0x0000000088100000, 0x0000000088100000|100%| O|  |TAMS 0x0000000088100000| PB 0x0000000088000000| Untracked 
|  65|0x0000000088100000, 0x0000000088200000, 0x0000000088200000|100%| O|  |TAMS 0x0000000088200000| PB 0x0000000088100000| Untracked 
|  66|0x0000000088200000, 0x0000000088300000, 0x0000000088300000|100%| O|  |TAMS 0x0000000088300000| PB 0x0000000088200000| Untracked 
|  67|0x0000000088300000, 0x0000000088400000, 0x0000000088400000|100%| O|  |TAMS 0x0000000088400000| PB 0x0000000088300000| Untracked 
|  68|0x0000000088400000, 0x0000000088500000, 0x0000000088500000|100%| O|  |TAMS 0x0000000088500000| PB 0x0000000088400000| Untracked 
|  69|0x0000000088500000, 0x0000000088600000, 0x0000000088600000|100%| O|  |TAMS 0x0000000088600000| PB 0x0000000088500000| Untracked 
|  70|0x0000000088600000, 0x0000000088700000, 0x0000000088700000|100%| O|  |TAMS 0x0000000088700000| PB 0x0000000088600000| Untracked 
|  71|0x0000000088700000, 0x0000000088800000, 0x0000000088800000|100%| O|  |TAMS 0x0000000088800000| PB 0x0000000088700000| Untracked 
|  72|0x0000000088800000, 0x0000000088900000, 0x0000000088900000|100%| O|  |TAMS 0x0000000088900000| PB 0x0000000088800000| Untracked 
|  73|0x0000000088900000, 0x0000000088a00000, 0x0000000088a00000|100%| O|  |TAMS 0x0000000088a00000| PB 0x0000000088900000| Untracked 
|  74|0x0000000088a00000, 0x0000000088b00000, 0x0000000088b00000|100%| O|  |TAMS 0x0000000088b00000| PB 0x0000000088a00000| Untracked 
|  75|0x0000000088b00000, 0x0000000088c00000, 0x0000000088c00000|100%| O|  |TAMS 0x0000000088c00000| PB 0x0000000088b00000| Untracked 
|  76|0x0000000088c00000, 0x0000000088d00000, 0x0000000088d00000|100%| O|  |TAMS 0x0000000088d00000| PB 0x0000000088c00000| Untracked 
|  77|0x0000000088d00000, 0x0000000088e00000, 0x0000000088e00000|100%| O|  |TAMS 0x0000000088e00000| PB 0x0000000088d00000| Untracked 
|  78|0x0000000088e00000, 0x0000000088f00000, 0x0000000088f00000|100%| O|  |TAMS 0x0000000088f00000| PB 0x0000000088e00000| Untracked 
|  79|0x0000000088f00000, 0x0000000089000000, 0x0000000089000000|100%| O|  |TAMS 0x0000000089000000| PB 0x0000000088f00000| Untracked 
|  80|0x0000000089000000, 0x0000000089100000, 0x0000000089100000|100%| O|  |TAMS 0x0000000089100000| PB 0x0000000089000000| Untracked 
|  81|0x0000000089100000, 0x0000000089200000, 0x0000000089200000|100%| O|  |TAMS 0x0000000089200000| PB 0x0000000089100000| Untracked 
|  82|0x0000000089200000, 0x0000000089300000, 0x0000000089300000|100%| O|  |TAMS 0x0000000089300000| PB 0x0000000089200000| Untracked 
|  83|0x0000000089300000, 0x0000000089400000, 0x0000000089400000|100%| O|  |TAMS 0x0000000089400000| PB 0x0000000089300000| Untracked 
|  84|0x0000000089400000, 0x0000000089500000, 0x0000000089500000|100%| O|  |TAMS 0x0000000089500000| PB 0x0000000089400000| Untracked 
|  85|0x0000000089500000, 0x0000000089600000, 0x0000000089600000|100%| O|  |TAMS 0x0000000089600000| PB 0x0000000089500000| Untracked 
|  86|0x0000000089600000, 0x0000000089700000, 0x0000000089700000|100%| O|  |TAMS 0x0000000089700000| PB 0x0000000089600000| Untracked 
|  87|0x0000000089700000, 0x0000000089800000, 0x0000000089800000|100%| O|  |TAMS 0x0000000089800000| PB 0x0000000089700000| Untracked 
|  88|0x0000000089800000, 0x0000000089900000, 0x0000000089900000|100%| O|  |TAMS 0x0000000089900000| PB 0x0000000089800000| Untracked 
|  89|0x0000000089900000, 0x0000000089a00000, 0x0000000089a00000|100%| O|  |TAMS 0x0000000089a00000| PB 0x0000000089900000| Untracked 
|  90|0x0000000089a00000, 0x0000000089b00000, 0x0000000089b00000|100%| O|  |TAMS 0x0000000089b00000| PB 0x0000000089a00000| Untracked 
|  91|0x0000000089b00000, 0x0000000089c00000, 0x0000000089c00000|100%| O|  |TAMS 0x0000000089c00000| PB 0x0000000089b00000| Untracked 
|  92|0x0000000089c00000, 0x0000000089d00000, 0x0000000089d00000|100%| O|  |TAMS 0x0000000089d00000| PB 0x0000000089c00000| Untracked 
|  93|0x0000000089d00000, 0x0000000089e00000, 0x0000000089e00000|100%| O|  |TAMS 0x0000000089e00000| PB 0x0000000089d00000| Untracked 
|  94|0x0000000089e00000, 0x0000000089f00000, 0x0000000089f00000|100%| O|  |TAMS 0x0000000089f00000| PB 0x0000000089e00000| Untracked 
|  95|0x0000000089f00000, 0x000000008a000000, 0x000000008a000000|100%| O|  |TAMS 0x000000008a000000| PB 0x0000000089f00000| Untracked 
|  96|0x000000008a000000, 0x000000008a100000, 0x000000008a100000|100%| O|  |TAMS 0x000000008a100000| PB 0x000000008a000000| Untracked 
|  97|0x000000008a100000, 0x000000008a200000, 0x000000008a200000|100%| O|  |TAMS 0x000000008a200000| PB 0x000000008a100000| Untracked 
|  98|0x000000008a200000, 0x000000008a300000, 0x000000008a300000|100%| O|  |TAMS 0x000000008a2626e0| PB 0x000000008a200000| Untracked 
|  99|0x000000008a300000, 0x000000008a400000, 0x000000008a400000|100%| O|  |TAMS 0x000000008a300000| PB 0x000000008a300000| Untracked 
| 100|0x000000008a400000, 0x000000008a500000, 0x000000008a500000|100%| O|  |TAMS 0x000000008a400000| PB 0x000000008a400000| Untracked 
| 101|0x000000008a500000, 0x000000008a600000, 0x000000008a600000|100%| O|  |TAMS 0x000000008a500000| PB 0x000000008a500000| Untracked 
| 102|0x000000008a600000, 0x000000008a6a9bf0, 0x000000008a700000| 66%| O|  |TAMS 0x000000008a600000| PB 0x000000008a600000| Untracked 
| 103|0x000000008a700000, 0x000000008a700000, 0x000000008a800000|  0%| F|  |TAMS 0x000000008a700000| PB 0x000000008a700000| Untracked 
| 104|0x000000008a800000, 0x000000008a800000, 0x000000008a900000|  0%| F|  |TAMS 0x000000008a800000| PB 0x000000008a800000| Untracked 
| 105|0x000000008a900000, 0x000000008a900000, 0x000000008aa00000|  0%| F|  |TAMS 0x000000008a900000| PB 0x000000008a900000| Untracked 
| 106|0x000000008aa00000, 0x000000008aa00000, 0x000000008ab00000|  0%| F|  |TAMS 0x000000008aa00000| PB 0x000000008aa00000| Untracked 
| 107|0x000000008ab00000, 0x000000008ab00000, 0x000000008ac00000|  0%| F|  |TAMS 0x000000008ab00000| PB 0x000000008ab00000| Untracked 
| 108|0x000000008ac00000, 0x000000008ac00000, 0x000000008ad00000|  0%| F|  |TAMS 0x000000008ac00000| PB 0x000000008ac00000| Untracked 
| 109|0x000000008ad00000, 0x000000008ad00000, 0x000000008ae00000|  0%| F|  |TAMS 0x000000008ad00000| PB 0x000000008ad00000| Untracked 
| 110|0x000000008ae00000, 0x000000008ae00000, 0x000000008af00000|  0%| F|  |TAMS 0x000000008ae00000| PB 0x000000008ae00000| Untracked 
| 111|0x000000008af00000, 0x000000008afb47e0, 0x000000008b000000| 70%| S|CS|TAMS 0x000000008af00000| PB 0x000000008af00000| Complete 
| 112|0x000000008b000000, 0x000000008b100000, 0x000000008b100000|100%| S|CS|TAMS 0x000000008b000000| PB 0x000000008b000000| Complete 
| 113|0x000000008b100000, 0x000000008b200000, 0x000000008b200000|100%| S|CS|TAMS 0x000000008b100000| PB 0x000000008b100000| Complete 
| 114|0x000000008b200000, 0x000000008b300000, 0x000000008b300000|100%| S|CS|TAMS 0x000000008b200000| PB 0x000000008b200000| Complete 
| 115|0x000000008b300000, 0x000000008b400000, 0x000000008b400000|100%| S|CS|TAMS 0x000000008b300000| PB 0x000000008b300000| Complete 
| 116|0x000000008b400000, 0x000000008b500000, 0x000000008b500000|100%| S|CS|TAMS 0x000000008b400000| PB 0x000000008b400000| Complete 
| 117|0x000000008b500000, 0x000000008b600000, 0x000000008b600000|100%| S|CS|TAMS 0x000000008b500000| PB 0x000000008b500000| Complete 
| 118|0x000000008b600000, 0x000000008b700000, 0x000000008b700000|100%| S|CS|TAMS 0x000000008b600000| PB 0x000000008b600000| Complete 
| 119|0x000000008b700000, 0x000000008b800000, 0x000000008b800000|100%| S|CS|TAMS 0x000000008b700000| PB 0x000000008b700000| Complete 
| 120|0x000000008b800000, 0x000000008b900000, 0x000000008b900000|100%| S|CS|TAMS 0x000000008b800000| PB 0x000000008b800000| Complete 
| 121|0x000000008b900000, 0x000000008ba00000, 0x000000008ba00000|100%| S|CS|TAMS 0x000000008b900000| PB 0x000000008b900000| Complete 
| 122|0x000000008ba00000, 0x000000008bb00000, 0x000000008bb00000|100%| S|CS|TAMS 0x000000008ba00000| PB 0x000000008ba00000| Complete 
| 123|0x000000008bb00000, 0x000000008bb00000, 0x000000008bc00000|  0%| F|  |TAMS 0x000000008bb00000| PB 0x000000008bb00000| Untracked 
| 124|0x000000008bc00000, 0x000000008bc00000, 0x000000008bd00000|  0%| F|  |TAMS 0x000000008bc00000| PB 0x000000008bc00000| Untracked 
| 125|0x000000008bd00000, 0x000000008bd00000, 0x000000008be00000|  0%| F|  |TAMS 0x000000008bd00000| PB 0x000000008bd00000| Untracked 
| 126|0x000000008be00000, 0x000000008be00000, 0x000000008bf00000|  0%| F|  |TAMS 0x000000008be00000| PB 0x000000008be00000| Untracked 
| 127|0x000000008bf00000, 0x000000008bf00000, 0x000000008c000000|  0%| F|  |TAMS 0x000000008bf00000| PB 0x000000008bf00000| Untracked 
| 128|0x000000008c000000, 0x000000008c000000, 0x000000008c100000|  0%| F|  |TAMS 0x000000008c000000| PB 0x000000008c000000| Untracked 
| 129|0x000000008c100000, 0x000000008c100000, 0x000000008c200000|  0%| F|  |TAMS 0x000000008c100000| PB 0x000000008c100000| Untracked 
| 130|0x000000008c200000, 0x000000008c200000, 0x000000008c300000|  0%| F|  |TAMS 0x000000008c200000| PB 0x000000008c200000| Untracked 
| 131|0x000000008c300000, 0x000000008c300000, 0x000000008c400000|  0%| F|  |TAMS 0x000000008c300000| PB 0x000000008c300000| Untracked 
| 132|0x000000008c400000, 0x000000008c400000, 0x000000008c500000|  0%| F|  |TAMS 0x000000008c400000| PB 0x000000008c400000| Untracked 
| 133|0x000000008c500000, 0x000000008c500000, 0x000000008c600000|  0%| F|  |TAMS 0x000000008c500000| PB 0x000000008c500000| Untracked 
| 134|0x000000008c600000, 0x000000008c700000, 0x000000008c700000|100%| S|CS|TAMS 0x000000008c600000| PB 0x000000008c600000| Complete 
| 135|0x000000008c700000, 0x000000008c800000, 0x000000008c800000|100%| S|CS|TAMS 0x000000008c700000| PB 0x000000008c700000| Complete 
| 136|0x000000008c800000, 0x000000008c900000, 0x000000008c900000|100%| S|CS|TAMS 0x000000008c800000| PB 0x000000008c800000| Complete 
| 137|0x000000008c900000, 0x000000008ca00000, 0x000000008ca00000|100%| S|CS|TAMS 0x000000008c900000| PB 0x000000008c900000| Complete 
| 138|0x000000008ca00000, 0x000000008cb00000, 0x000000008cb00000|100%| S|CS|TAMS 0x000000008ca00000| PB 0x000000008ca00000| Complete 
| 139|0x000000008cb00000, 0x000000008cc00000, 0x000000008cc00000|100%| S|CS|TAMS 0x000000008cb00000| PB 0x000000008cb00000| Complete 
| 140|0x000000008cc00000, 0x000000008cc00000, 0x000000008cd00000|  0%| F|  |TAMS 0x000000008cc00000| PB 0x000000008cc00000| Untracked 
| 141|0x000000008cd00000, 0x000000008cd00000, 0x000000008ce00000|  0%| F|  |TAMS 0x000000008cd00000| PB 0x000000008cd00000| Untracked 
| 142|0x000000008ce00000, 0x000000008ce00000, 0x000000008cf00000|  0%| F|  |TAMS 0x000000008ce00000| PB 0x000000008ce00000| Untracked 
| 143|0x000000008cf00000, 0x000000008cf00000, 0x000000008d000000|  0%| F|  |TAMS 0x000000008cf00000| PB 0x000000008cf00000| Untracked 
| 144|0x000000008d000000, 0x000000008d000000, 0x000000008d100000|  0%| F|  |TAMS 0x000000008d000000| PB 0x000000008d000000| Untracked 
| 145|0x000000008d100000, 0x000000008d100000, 0x000000008d200000|  0%| F|  |TAMS 0x000000008d100000| PB 0x000000008d100000| Untracked 
| 146|0x000000008d200000, 0x000000008d200000, 0x000000008d300000|  0%| F|  |TAMS 0x000000008d200000| PB 0x000000008d200000| Untracked 
| 147|0x000000008d300000, 0x000000008d300000, 0x000000008d400000|  0%| F|  |TAMS 0x000000008d300000| PB 0x000000008d300000| Untracked 
| 148|0x000000008d400000, 0x000000008d400000, 0x000000008d500000|  0%| F|  |TAMS 0x000000008d400000| PB 0x000000008d400000| Untracked 
| 149|0x000000008d500000, 0x000000008d500000, 0x000000008d600000|  0%| F|  |TAMS 0x000000008d500000| PB 0x000000008d500000| Untracked 
| 150|0x000000008d600000, 0x000000008d600000, 0x000000008d700000|  0%| F|  |TAMS 0x000000008d600000| PB 0x000000008d600000| Untracked 
| 151|0x000000008d700000, 0x000000008d700000, 0x000000008d800000|  0%| F|  |TAMS 0x000000008d700000| PB 0x000000008d700000| Untracked 
| 152|0x000000008d800000, 0x000000008d800000, 0x000000008d900000|  0%| F|  |TAMS 0x000000008d800000| PB 0x000000008d800000| Untracked 
| 153|0x000000008d900000, 0x000000008d900000, 0x000000008da00000|  0%| F|  |TAMS 0x000000008d900000| PB 0x000000008d900000| Untracked 
| 154|0x000000008da00000, 0x000000008da00000, 0x000000008db00000|  0%| F|  |TAMS 0x000000008da00000| PB 0x000000008da00000| Untracked 
| 155|0x000000008db00000, 0x000000008db00000, 0x000000008dc00000|  0%| F|  |TAMS 0x000000008db00000| PB 0x000000008db00000| Untracked 
| 156|0x000000008dc00000, 0x000000008dc00000, 0x000000008dd00000|  0%| F|  |TAMS 0x000000008dc00000| PB 0x000000008dc00000| Untracked 
| 157|0x000000008dd00000, 0x000000008dd00000, 0x000000008de00000|  0%| F|  |TAMS 0x000000008dd00000| PB 0x000000008dd00000| Untracked 
| 158|0x000000008de00000, 0x000000008de00000, 0x000000008df00000|  0%| F|  |TAMS 0x000000008de00000| PB 0x000000008de00000| Untracked 
| 159|0x000000008df00000, 0x000000008df00000, 0x000000008e000000|  0%| F|  |TAMS 0x000000008df00000| PB 0x000000008df00000| Untracked 
| 160|0x000000008e000000, 0x000000008e000000, 0x000000008e100000|  0%| F|  |TAMS 0x000000008e000000| PB 0x000000008e000000| Untracked 
| 161|0x000000008e100000, 0x000000008e100000, 0x000000008e200000|  0%| F|  |TAMS 0x000000008e100000| PB 0x000000008e100000| Untracked 
| 162|0x000000008e200000, 0x000000008e200000, 0x000000008e300000|  0%| F|  |TAMS 0x000000008e200000| PB 0x000000008e200000| Untracked 
| 163|0x000000008e300000, 0x000000008e300000, 0x000000008e400000|  0%| F|  |TAMS 0x000000008e300000| PB 0x000000008e300000| Untracked 
| 164|0x000000008e400000, 0x000000008e400000, 0x000000008e500000|  0%| F|  |TAMS 0x000000008e400000| PB 0x000000008e400000| Untracked 
| 165|0x000000008e500000, 0x000000008e500000, 0x000000008e600000|  0%| F|  |TAMS 0x000000008e500000| PB 0x000000008e500000| Untracked 
| 166|0x000000008e600000, 0x000000008e600000, 0x000000008e700000|  0%| F|  |TAMS 0x000000008e600000| PB 0x000000008e600000| Untracked 
| 167|0x000000008e700000, 0x000000008e700000, 0x000000008e800000|  0%| F|  |TAMS 0x000000008e700000| PB 0x000000008e700000| Untracked 
| 168|0x000000008e800000, 0x000000008e800000, 0x000000008e900000|  0%| F|  |TAMS 0x000000008e800000| PB 0x000000008e800000| Untracked 
| 169|0x000000008e900000, 0x000000008e900000, 0x000000008ea00000|  0%| F|  |TAMS 0x000000008e900000| PB 0x000000008e900000| Untracked 
| 170|0x000000008ea00000, 0x000000008ea00000, 0x000000008eb00000|  0%| F|  |TAMS 0x000000008ea00000| PB 0x000000008ea00000| Untracked 
| 171|0x000000008eb00000, 0x000000008eb00000, 0x000000008ec00000|  0%| F|  |TAMS 0x000000008eb00000| PB 0x000000008eb00000| Untracked 
| 172|0x000000008ec00000, 0x000000008ec00000, 0x000000008ed00000|  0%| F|  |TAMS 0x000000008ec00000| PB 0x000000008ec00000| Untracked 
| 173|0x000000008ed00000, 0x000000008ed00000, 0x000000008ee00000|  0%| F|  |TAMS 0x000000008ed00000| PB 0x000000008ed00000| Untracked 
| 174|0x000000008ee00000, 0x000000008ee00000, 0x000000008ef00000|  0%| F|  |TAMS 0x000000008ee00000| PB 0x000000008ee00000| Untracked 
| 175|0x000000008ef00000, 0x000000008ef00000, 0x000000008f000000|  0%| F|  |TAMS 0x000000008ef00000| PB 0x000000008ef00000| Untracked 
| 176|0x000000008f000000, 0x000000008f000000, 0x000000008f100000|  0%| F|  |TAMS 0x000000008f000000| PB 0x000000008f000000| Untracked 
| 177|0x000000008f100000, 0x000000008f100000, 0x000000008f200000|  0%| F|  |TAMS 0x000000008f100000| PB 0x000000008f100000| Untracked 
| 178|0x000000008f200000, 0x000000008f200000, 0x000000008f300000|  0%| F|  |TAMS 0x000000008f200000| PB 0x000000008f200000| Untracked 
| 179|0x000000008f300000, 0x000000008f300000, 0x000000008f400000|  0%| F|  |TAMS 0x000000008f300000| PB 0x000000008f300000| Untracked 
| 180|0x000000008f400000, 0x000000008f400000, 0x000000008f500000|  0%| F|  |TAMS 0x000000008f400000| PB 0x000000008f400000| Untracked 
| 181|0x000000008f500000, 0x000000008f500000, 0x000000008f600000|  0%| F|  |TAMS 0x000000008f500000| PB 0x000000008f500000| Untracked 
| 182|0x000000008f600000, 0x000000008f600000, 0x000000008f700000|  0%| F|  |TAMS 0x000000008f600000| PB 0x000000008f600000| Untracked 
| 183|0x000000008f700000, 0x000000008f700000, 0x000000008f800000|  0%| F|  |TAMS 0x000000008f700000| PB 0x000000008f700000| Untracked 
| 184|0x000000008f800000, 0x000000008f800000, 0x000000008f900000|  0%| F|  |TAMS 0x000000008f800000| PB 0x000000008f800000| Untracked 
| 185|0x000000008f900000, 0x000000008f900000, 0x000000008fa00000|  0%| F|  |TAMS 0x000000008f900000| PB 0x000000008f900000| Untracked 
| 186|0x000000008fa00000, 0x000000008fa00000, 0x000000008fb00000|  0%| F|  |TAMS 0x000000008fa00000| PB 0x000000008fa00000| Untracked 
| 187|0x000000008fb00000, 0x000000008fb00000, 0x000000008fc00000|  0%| F|  |TAMS 0x000000008fb00000| PB 0x000000008fb00000| Untracked 
| 188|0x000000008fc00000, 0x000000008fc00000, 0x000000008fd00000|  0%| F|  |TAMS 0x000000008fc00000| PB 0x000000008fc00000| Untracked 
| 189|0x000000008fd00000, 0x000000008fd00000, 0x000000008fe00000|  0%| F|  |TAMS 0x000000008fd00000| PB 0x000000008fd00000| Untracked 
| 190|0x000000008fe00000, 0x000000008fe00000, 0x000000008ff00000|  0%| F|  |TAMS 0x000000008fe00000| PB 0x000000008fe00000| Untracked 
| 191|0x000000008ff00000, 0x000000008ff00000, 0x0000000090000000|  0%| F|  |TAMS 0x000000008ff00000| PB 0x000000008ff00000| Untracked 
| 192|0x0000000090000000, 0x0000000090000000, 0x0000000090100000|  0%| F|  |TAMS 0x0000000090000000| PB 0x0000000090000000| Untracked 
| 193|0x0000000090100000, 0x0000000090100000, 0x0000000090200000|  0%| F|  |TAMS 0x0000000090100000| PB 0x0000000090100000| Untracked 
| 194|0x0000000090200000, 0x0000000090200000, 0x0000000090300000|  0%| F|  |TAMS 0x0000000090200000| PB 0x0000000090200000| Untracked 
| 195|0x0000000090300000, 0x0000000090300000, 0x0000000090400000|  0%| F|  |TAMS 0x0000000090300000| PB 0x0000000090300000| Untracked 
| 196|0x0000000090400000, 0x0000000090400000, 0x0000000090500000|  0%| F|  |TAMS 0x0000000090400000| PB 0x0000000090400000| Untracked 
| 197|0x0000000090500000, 0x0000000090500000, 0x0000000090600000|  0%| F|  |TAMS 0x0000000090500000| PB 0x0000000090500000| Untracked 
| 198|0x0000000090600000, 0x0000000090600000, 0x0000000090700000|  0%| F|  |TAMS 0x0000000090600000| PB 0x0000000090600000| Untracked 
| 199|0x0000000090700000, 0x0000000090700000, 0x0000000090800000|  0%| F|  |TAMS 0x0000000090700000| PB 0x0000000090700000| Untracked 
| 200|0x0000000090800000, 0x0000000090800000, 0x0000000090900000|  0%| F|  |TAMS 0x0000000090800000| PB 0x0000000090800000| Untracked 
| 201|0x0000000090900000, 0x0000000090900000, 0x0000000090a00000|  0%| F|  |TAMS 0x0000000090900000| PB 0x0000000090900000| Untracked 
| 202|0x0000000090a00000, 0x0000000090a00000, 0x0000000090b00000|  0%| F|  |TAMS 0x0000000090a00000| PB 0x0000000090a00000| Untracked 
| 203|0x0000000090b00000, 0x0000000090b00000, 0x0000000090c00000|  0%| F|  |TAMS 0x0000000090b00000| PB 0x0000000090b00000| Untracked 
| 204|0x0000000090c00000, 0x0000000090c00000, 0x0000000090d00000|  0%| F|  |TAMS 0x0000000090c00000| PB 0x0000000090c00000| Untracked 
| 205|0x0000000090d00000, 0x0000000090d00000, 0x0000000090e00000|  0%| F|  |TAMS 0x0000000090d00000| PB 0x0000000090d00000| Untracked 
| 206|0x0000000090e00000, 0x0000000090e00000, 0x0000000090f00000|  0%| F|  |TAMS 0x0000000090e00000| PB 0x0000000090e00000| Untracked 
| 207|0x0000000090f00000, 0x0000000090f00000, 0x0000000091000000|  0%| F|  |TAMS 0x0000000090f00000| PB 0x0000000090f00000| Untracked 
| 208|0x0000000091000000, 0x0000000091000000, 0x0000000091100000|  0%| F|  |TAMS 0x0000000091000000| PB 0x0000000091000000| Untracked 
| 209|0x0000000091100000, 0x0000000091100000, 0x0000000091200000|  0%| F|  |TAMS 0x0000000091100000| PB 0x0000000091100000| Untracked 
| 210|0x0000000091200000, 0x0000000091200000, 0x0000000091300000|  0%| F|  |TAMS 0x0000000091200000| PB 0x0000000091200000| Untracked 
| 211|0x0000000091300000, 0x0000000091300000, 0x0000000091400000|  0%| F|  |TAMS 0x0000000091300000| PB 0x0000000091300000| Untracked 
| 212|0x0000000091400000, 0x0000000091400000, 0x0000000091500000|  0%| F|  |TAMS 0x0000000091400000| PB 0x0000000091400000| Untracked 
| 213|0x0000000091500000, 0x0000000091500000, 0x0000000091600000|  0%| F|  |TAMS 0x0000000091500000| PB 0x0000000091500000| Untracked 
| 214|0x0000000091600000, 0x0000000091600000, 0x0000000091700000|  0%| F|  |TAMS 0x0000000091600000| PB 0x0000000091600000| Untracked 
| 215|0x0000000091700000, 0x0000000091700000, 0x0000000091800000|  0%| F|  |TAMS 0x0000000091700000| PB 0x0000000091700000| Untracked 
| 216|0x0000000091800000, 0x0000000091800000, 0x0000000091900000|  0%| F|  |TAMS 0x0000000091800000| PB 0x0000000091800000| Untracked 
| 217|0x0000000091900000, 0x0000000091900000, 0x0000000091a00000|  0%| F|  |TAMS 0x0000000091900000| PB 0x0000000091900000| Untracked 
| 218|0x0000000091a00000, 0x0000000091a00000, 0x0000000091b00000|  0%| F|  |TAMS 0x0000000091a00000| PB 0x0000000091a00000| Untracked 
| 219|0x0000000091b00000, 0x0000000091b00000, 0x0000000091c00000|  0%| F|  |TAMS 0x0000000091b00000| PB 0x0000000091b00000| Untracked 
| 220|0x0000000091c00000, 0x0000000091c00000, 0x0000000091d00000|  0%| F|  |TAMS 0x0000000091c00000| PB 0x0000000091c00000| Untracked 
| 221|0x0000000091d00000, 0x0000000091d00000, 0x0000000091e00000|  0%| F|  |TAMS 0x0000000091d00000| PB 0x0000000091d00000| Untracked 
| 222|0x0000000091e00000, 0x0000000091e00000, 0x0000000091f00000|  0%| F|  |TAMS 0x0000000091e00000| PB 0x0000000091e00000| Untracked 
| 223|0x0000000091f00000, 0x0000000091f00000, 0x0000000092000000|  0%| F|  |TAMS 0x0000000091f00000| PB 0x0000000091f00000| Untracked 
| 224|0x0000000092000000, 0x0000000092000000, 0x0000000092100000|  0%| F|  |TAMS 0x0000000092000000| PB 0x0000000092000000| Untracked 
| 225|0x0000000092100000, 0x0000000092100000, 0x0000000092200000|  0%| F|  |TAMS 0x0000000092100000| PB 0x0000000092100000| Untracked 
| 226|0x0000000092200000, 0x0000000092200000, 0x0000000092300000|  0%| F|  |TAMS 0x0000000092200000| PB 0x0000000092200000| Untracked 
| 227|0x0000000092300000, 0x0000000092300000, 0x0000000092400000|  0%| F|  |TAMS 0x0000000092300000| PB 0x0000000092300000| Untracked 
| 228|0x0000000092400000, 0x0000000092400000, 0x0000000092500000|  0%| F|  |TAMS 0x0000000092400000| PB 0x0000000092400000| Untracked 
| 229|0x0000000092500000, 0x0000000092500000, 0x0000000092600000|  0%| F|  |TAMS 0x0000000092500000| PB 0x0000000092500000| Untracked 
| 230|0x0000000092600000, 0x0000000092600000, 0x0000000092700000|  0%| F|  |TAMS 0x0000000092600000| PB 0x0000000092600000| Untracked 
| 231|0x0000000092700000, 0x0000000092700000, 0x0000000092800000|  0%| F|  |TAMS 0x0000000092700000| PB 0x0000000092700000| Untracked 
| 232|0x0000000092800000, 0x0000000092800000, 0x0000000092900000|  0%| F|  |TAMS 0x0000000092800000| PB 0x0000000092800000| Untracked 
| 233|0x0000000092900000, 0x0000000092900000, 0x0000000092a00000|  0%| F|  |TAMS 0x0000000092900000| PB 0x0000000092900000| Untracked 
| 234|0x0000000092a00000, 0x0000000092a00000, 0x0000000092b00000|  0%| F|  |TAMS 0x0000000092a00000| PB 0x0000000092a00000| Untracked 
| 235|0x0000000092b00000, 0x0000000092b00000, 0x0000000092c00000|  0%| F|  |TAMS 0x0000000092b00000| PB 0x0000000092b00000| Untracked 
| 236|0x0000000092c00000, 0x0000000092c00000, 0x0000000092d00000|  0%| F|  |TAMS 0x0000000092c00000| PB 0x0000000092c00000| Untracked 
| 237|0x0000000092d00000, 0x0000000092d00000, 0x0000000092e00000|  0%| F|  |TAMS 0x0000000092d00000| PB 0x0000000092d00000| Untracked 
| 238|0x0000000092e00000, 0x0000000092e00000, 0x0000000092f00000|  0%| F|  |TAMS 0x0000000092e00000| PB 0x0000000092e00000| Untracked 
| 239|0x0000000092f00000, 0x0000000092f00000, 0x0000000093000000|  0%| F|  |TAMS 0x0000000092f00000| PB 0x0000000092f00000| Untracked 
| 240|0x0000000093000000, 0x0000000093000000, 0x0000000093100000|  0%| F|  |TAMS 0x0000000093000000| PB 0x0000000093000000| Untracked 
| 241|0x0000000093100000, 0x0000000093100000, 0x0000000093200000|  0%| F|  |TAMS 0x0000000093100000| PB 0x0000000093100000| Untracked 
| 242|0x0000000093200000, 0x0000000093200000, 0x0000000093300000|  0%| F|  |TAMS 0x0000000093200000| PB 0x0000000093200000| Untracked 
| 243|0x0000000093300000, 0x0000000093300000, 0x0000000093400000|  0%| F|  |TAMS 0x0000000093300000| PB 0x0000000093300000| Untracked 
| 244|0x0000000093400000, 0x0000000093400000, 0x0000000093500000|  0%| F|  |TAMS 0x0000000093400000| PB 0x0000000093400000| Untracked 
| 245|0x0000000093500000, 0x0000000093500000, 0x0000000093600000|  0%| F|  |TAMS 0x0000000093500000| PB 0x0000000093500000| Untracked 
| 246|0x0000000093600000, 0x0000000093600000, 0x0000000093700000|  0%| F|  |TAMS 0x0000000093600000| PB 0x0000000093600000| Untracked 
| 247|0x0000000093700000, 0x0000000093700000, 0x0000000093800000|  0%| F|  |TAMS 0x0000000093700000| PB 0x0000000093700000| Untracked 
| 248|0x0000000093800000, 0x0000000093800000, 0x0000000093900000|  0%| F|  |TAMS 0x0000000093800000| PB 0x0000000093800000| Untracked 
| 249|0x0000000093900000, 0x0000000093900000, 0x0000000093a00000|  0%| F|  |TAMS 0x0000000093900000| PB 0x0000000093900000| Untracked 
| 250|0x0000000093a00000, 0x0000000093a00000, 0x0000000093b00000|  0%| F|  |TAMS 0x0000000093a00000| PB 0x0000000093a00000| Untracked 
| 251|0x0000000093b00000, 0x0000000093b00000, 0x0000000093c00000|  0%| F|  |TAMS 0x0000000093b00000| PB 0x0000000093b00000| Untracked 
| 252|0x0000000093c00000, 0x0000000093c00000, 0x0000000093d00000|  0%| F|  |TAMS 0x0000000093c00000| PB 0x0000000093c00000| Untracked 
| 253|0x0000000093d00000, 0x0000000093d00000, 0x0000000093e00000|  0%| F|  |TAMS 0x0000000093d00000| PB 0x0000000093d00000| Untracked 
| 254|0x0000000093e00000, 0x0000000093e00000, 0x0000000093f00000|  0%| F|  |TAMS 0x0000000093e00000| PB 0x0000000093e00000| Untracked 
| 255|0x0000000093f00000, 0x0000000093f00000, 0x0000000094000000|  0%| F|  |TAMS 0x0000000093f00000| PB 0x0000000093f00000| Untracked 
| 256|0x0000000094000000, 0x0000000094000000, 0x0000000094100000|  0%| F|  |TAMS 0x0000000094000000| PB 0x0000000094000000| Untracked 
| 257|0x0000000094100000, 0x0000000094100000, 0x0000000094200000|  0%| F|  |TAMS 0x0000000094100000| PB 0x0000000094100000| Untracked 
| 258|0x0000000094200000, 0x0000000094200000, 0x0000000094300000|  0%| F|  |TAMS 0x0000000094200000| PB 0x0000000094200000| Untracked 
| 259|0x0000000094300000, 0x0000000094300000, 0x0000000094400000|  0%| F|  |TAMS 0x0000000094300000| PB 0x0000000094300000| Untracked 
| 260|0x0000000094400000, 0x0000000094400000, 0x0000000094500000|  0%| F|  |TAMS 0x0000000094400000| PB 0x0000000094400000| Untracked 
| 261|0x0000000094500000, 0x0000000094500000, 0x0000000094600000|  0%| F|  |TAMS 0x0000000094500000| PB 0x0000000094500000| Untracked 
| 262|0x0000000094600000, 0x0000000094600000, 0x0000000094700000|  0%| F|  |TAMS 0x0000000094600000| PB 0x0000000094600000| Untracked 
| 263|0x0000000094700000, 0x0000000094700000, 0x0000000094800000|  0%| F|  |TAMS 0x0000000094700000| PB 0x0000000094700000| Untracked 
| 264|0x0000000094800000, 0x0000000094800000, 0x0000000094900000|  0%| F|  |TAMS 0x0000000094800000| PB 0x0000000094800000| Untracked 
| 265|0x0000000094900000, 0x0000000094900000, 0x0000000094a00000|  0%| F|  |TAMS 0x0000000094900000| PB 0x0000000094900000| Untracked 
| 266|0x0000000094a00000, 0x0000000094a00000, 0x0000000094b00000|  0%| F|  |TAMS 0x0000000094a00000| PB 0x0000000094a00000| Untracked 
| 267|0x0000000094b00000, 0x0000000094b00000, 0x0000000094c00000|  0%| F|  |TAMS 0x0000000094b00000| PB 0x0000000094b00000| Untracked 
| 268|0x0000000094c00000, 0x0000000094c00000, 0x0000000094d00000|  0%| F|  |TAMS 0x0000000094c00000| PB 0x0000000094c00000| Untracked 
| 269|0x0000000094d00000, 0x0000000094d00000, 0x0000000094e00000|  0%| F|  |TAMS 0x0000000094d00000| PB 0x0000000094d00000| Untracked 
| 270|0x0000000094e00000, 0x0000000094e00000, 0x0000000094f00000|  0%| F|  |TAMS 0x0000000094e00000| PB 0x0000000094e00000| Untracked 
| 271|0x0000000094f00000, 0x0000000094f00000, 0x0000000095000000|  0%| F|  |TAMS 0x0000000094f00000| PB 0x0000000094f00000| Untracked 
| 272|0x0000000095000000, 0x0000000095000000, 0x0000000095100000|  0%| F|  |TAMS 0x0000000095000000| PB 0x0000000095000000| Untracked 
| 273|0x0000000095100000, 0x0000000095100000, 0x0000000095200000|  0%| F|  |TAMS 0x0000000095100000| PB 0x0000000095100000| Untracked 
| 274|0x0000000095200000, 0x0000000095200000, 0x0000000095300000|  0%| F|  |TAMS 0x0000000095200000| PB 0x0000000095200000| Untracked 
| 275|0x0000000095300000, 0x0000000095300000, 0x0000000095400000|  0%| F|  |TAMS 0x0000000095300000| PB 0x0000000095300000| Untracked 
| 276|0x0000000095400000, 0x0000000095400000, 0x0000000095500000|  0%| F|  |TAMS 0x0000000095400000| PB 0x0000000095400000| Untracked 
| 277|0x0000000095500000, 0x0000000095500000, 0x0000000095600000|  0%| F|  |TAMS 0x0000000095500000| PB 0x0000000095500000| Untracked 
| 278|0x0000000095600000, 0x0000000095600000, 0x0000000095700000|  0%| F|  |TAMS 0x0000000095600000| PB 0x0000000095600000| Untracked 
| 279|0x0000000095700000, 0x0000000095700000, 0x0000000095800000|  0%| F|  |TAMS 0x0000000095700000| PB 0x0000000095700000| Untracked 
| 280|0x0000000095800000, 0x0000000095800000, 0x0000000095900000|  0%| F|  |TAMS 0x0000000095800000| PB 0x0000000095800000| Untracked 
| 281|0x0000000095900000, 0x0000000095900000, 0x0000000095a00000|  0%| F|  |TAMS 0x0000000095900000| PB 0x0000000095900000| Untracked 
| 282|0x0000000095a00000, 0x0000000095a00000, 0x0000000095b00000|  0%| F|  |TAMS 0x0000000095a00000| PB 0x0000000095a00000| Untracked 
| 283|0x0000000095b00000, 0x0000000095b00000, 0x0000000095c00000|  0%| F|  |TAMS 0x0000000095b00000| PB 0x0000000095b00000| Untracked 
| 284|0x0000000095c00000, 0x0000000095c00000, 0x0000000095d00000|  0%| F|  |TAMS 0x0000000095c00000| PB 0x0000000095c00000| Untracked 
| 285|0x0000000095d00000, 0x0000000095d00000, 0x0000000095e00000|  0%| F|  |TAMS 0x0000000095d00000| PB 0x0000000095d00000| Untracked 
| 286|0x0000000095e00000, 0x0000000095e00000, 0x0000000095f00000|  0%| F|  |TAMS 0x0000000095e00000| PB 0x0000000095e00000| Untracked 
| 287|0x0000000095f00000, 0x0000000095f00000, 0x0000000096000000|  0%| F|  |TAMS 0x0000000095f00000| PB 0x0000000095f00000| Untracked 
| 288|0x0000000096000000, 0x0000000096000000, 0x0000000096100000|  0%| F|  |TAMS 0x0000000096000000| PB 0x0000000096000000| Untracked 
| 289|0x0000000096100000, 0x0000000096100000, 0x0000000096200000|  0%| F|  |TAMS 0x0000000096100000| PB 0x0000000096100000| Untracked 
| 290|0x0000000096200000, 0x0000000096200000, 0x0000000096300000|  0%| F|  |TAMS 0x0000000096200000| PB 0x0000000096200000| Untracked 
| 291|0x0000000096300000, 0x0000000096300000, 0x0000000096400000|  0%| F|  |TAMS 0x0000000096300000| PB 0x0000000096300000| Untracked 
| 292|0x0000000096400000, 0x0000000096400000, 0x0000000096500000|  0%| F|  |TAMS 0x0000000096400000| PB 0x0000000096400000| Untracked 
| 293|0x0000000096500000, 0x0000000096500000, 0x0000000096600000|  0%| F|  |TAMS 0x0000000096500000| PB 0x0000000096500000| Untracked 
| 294|0x0000000096600000, 0x0000000096600000, 0x0000000096700000|  0%| F|  |TAMS 0x0000000096600000| PB 0x0000000096600000| Untracked 
| 295|0x0000000096700000, 0x0000000096700000, 0x0000000096800000|  0%| F|  |TAMS 0x0000000096700000| PB 0x0000000096700000| Untracked 
| 296|0x0000000096800000, 0x0000000096800000, 0x0000000096900000|  0%| F|  |TAMS 0x0000000096800000| PB 0x0000000096800000| Untracked 
| 297|0x0000000096900000, 0x0000000096900000, 0x0000000096a00000|  0%| F|  |TAMS 0x0000000096900000| PB 0x0000000096900000| Untracked 
| 298|0x0000000096a00000, 0x0000000096a00000, 0x0000000096b00000|  0%| F|  |TAMS 0x0000000096a00000| PB 0x0000000096a00000| Untracked 
| 299|0x0000000096b00000, 0x0000000096b00000, 0x0000000096c00000|  0%| F|  |TAMS 0x0000000096b00000| PB 0x0000000096b00000| Untracked 
| 300|0x0000000096c00000, 0x0000000096c00000, 0x0000000096d00000|  0%| F|  |TAMS 0x0000000096c00000| PB 0x0000000096c00000| Untracked 
| 301|0x0000000096d00000, 0x0000000096d00000, 0x0000000096e00000|  0%| F|  |TAMS 0x0000000096d00000| PB 0x0000000096d00000| Untracked 
| 302|0x0000000096e00000, 0x0000000096e00000, 0x0000000096f00000|  0%| F|  |TAMS 0x0000000096e00000| PB 0x0000000096e00000| Untracked 
| 303|0x0000000096f00000, 0x0000000096f00000, 0x0000000097000000|  0%| F|  |TAMS 0x0000000096f00000| PB 0x0000000096f00000| Untracked 
| 304|0x0000000097000000, 0x0000000097000000, 0x0000000097100000|  0%| F|  |TAMS 0x0000000097000000| PB 0x0000000097000000| Untracked 
| 305|0x0000000097100000, 0x0000000097100000, 0x0000000097200000|  0%| F|  |TAMS 0x0000000097100000| PB 0x0000000097100000| Untracked 
| 306|0x0000000097200000, 0x0000000097200000, 0x0000000097300000|  0%| F|  |TAMS 0x0000000097200000| PB 0x0000000097200000| Untracked 
| 307|0x0000000097300000, 0x0000000097300000, 0x0000000097400000|  0%| F|  |TAMS 0x0000000097300000| PB 0x0000000097300000| Untracked 
| 308|0x0000000097400000, 0x0000000097400000, 0x0000000097500000|  0%| F|  |TAMS 0x0000000097400000| PB 0x0000000097400000| Untracked 
| 309|0x0000000097500000, 0x0000000097500000, 0x0000000097600000|  0%| F|  |TAMS 0x0000000097500000| PB 0x0000000097500000| Untracked 
| 310|0x0000000097600000, 0x0000000097600000, 0x0000000097700000|  0%| F|  |TAMS 0x0000000097600000| PB 0x0000000097600000| Untracked 
| 311|0x0000000097700000, 0x0000000097700000, 0x0000000097800000|  0%| F|  |TAMS 0x0000000097700000| PB 0x0000000097700000| Untracked 
| 312|0x0000000097800000, 0x0000000097800000, 0x0000000097900000|  0%| F|  |TAMS 0x0000000097800000| PB 0x0000000097800000| Untracked 
| 313|0x0000000097900000, 0x0000000097900000, 0x0000000097a00000|  0%| F|  |TAMS 0x0000000097900000| PB 0x0000000097900000| Untracked 
| 314|0x0000000097a00000, 0x0000000097a00000, 0x0000000097b00000|  0%| F|  |TAMS 0x0000000097a00000| PB 0x0000000097a00000| Untracked 
| 315|0x0000000097b00000, 0x0000000097b00000, 0x0000000097c00000|  0%| F|  |TAMS 0x0000000097b00000| PB 0x0000000097b00000| Untracked 
| 316|0x0000000097c00000, 0x0000000097c00000, 0x0000000097d00000|  0%| F|  |TAMS 0x0000000097c00000| PB 0x0000000097c00000| Untracked 
| 317|0x0000000097d00000, 0x0000000097d00000, 0x0000000097e00000|  0%| F|  |TAMS 0x0000000097d00000| PB 0x0000000097d00000| Untracked 
| 318|0x0000000097e00000, 0x0000000097e00000, 0x0000000097f00000|  0%| F|  |TAMS 0x0000000097e00000| PB 0x0000000097e00000| Untracked 
| 319|0x0000000097f00000, 0x0000000097f00000, 0x0000000098000000|  0%| F|  |TAMS 0x0000000097f00000| PB 0x0000000097f00000| Untracked 
| 320|0x0000000098000000, 0x0000000098000000, 0x0000000098100000|  0%| F|  |TAMS 0x0000000098000000| PB 0x0000000098000000| Untracked 
| 321|0x0000000098100000, 0x0000000098100000, 0x0000000098200000|  0%| F|  |TAMS 0x0000000098100000| PB 0x0000000098100000| Untracked 
| 322|0x0000000098200000, 0x0000000098200000, 0x0000000098300000|  0%| F|  |TAMS 0x0000000098200000| PB 0x0000000098200000| Untracked 
|1979|0x00000000ffb00000, 0x00000000ffb00000, 0x00000000ffc00000|  0%| F|  |TAMS 0x00000000ffb00000| PB 0x00000000ffb00000| Untracked 
|1980|0x00000000ffc00000, 0x00000000ffd00000, 0x00000000ffd00000|100%| O|  |TAMS 0x00000000ffd00000| PB 0x00000000ffc00000| Untracked 
|1981|0x00000000ffd00000, 0x00000000ffe00000, 0x00000000ffe00000|100%| O|  |TAMS 0x00000000ffe00000| PB 0x00000000ffd00000| Untracked 
|1982|0x00000000ffe00000, 0x00000000fff00000, 0x00000000fff00000|100%| O|  |TAMS 0x00000000fff00000| PB 0x00000000ffe00000| Untracked 
|1983|0x00000000fff00000, 0x00000000fff00000, 0x0000000100000000|  0%| F|  |TAMS 0x00000000fff00000| PB 0x00000000fff00000| Untracked 

Card table byte_map: [0x0000020e1bc10000,0x0000020e1bff0000] _byte_map_base: 0x0000020e1b7f0000

Marking Bits: (CMBitMap*) 0x0000020e155838c0
 Bits: [0x0000020e1bff0000, 0x0000020e1def0000)

Polling page: 0x0000020e13330000

Metaspace:

Usage:
  Non-class:     24.35 MB used.
      Class:      3.95 MB used.
       Both:     28.29 MB used.

Virtual space:
  Non-class space:       64.00 MB reserved,      24.69 MB ( 39%) committed,  1 nodes.
      Class space:        1.00 GB reserved,       4.19 MB ( <1%) committed,  1 nodes.
             Both:        1.06 GB reserved,      28.88 MB (  3%) committed. 

Chunk freelists:
   Non-Class:  7.14 MB
       Class:  11.80 MB
        Both:  18.94 MB

MaxMetaspaceSize: unlimited
CompressedClassSpaceSize: 1.00 GB
Initial GC threshold: 21.00 MB
Current GC threshold: 48.06 MB
CDS: on
 - commit_granule_bytes: 65536.
 - commit_granule_words: 8192.
 - virtual_space_node_default_size: 8388608.
 - enlarge_chunks_in_place: 1.
 - use_allocation_guard: 0.


Internal statistics:

num_allocs_failed_limit: 3.
num_arena_births: 722.
num_arena_deaths: 202.
num_vsnodes_births: 2.
num_vsnodes_deaths: 0.
num_space_committed: 462.
num_space_uncommitted: 0.
num_chunks_returned_to_freelist: 223.
num_chunks_taken_from_freelist: 1866.
num_chunk_merges: 57.
num_chunk_splits: 1239.
num_chunks_enlarged: 884.
num_inconsistent_stats: 0.

CodeCache: size=49152Kb used=6664Kb max_used=8508Kb free=42487Kb
 bounds [0x0000020e18720000, 0x0000020e18f70000, 0x0000020e1b720000]
 total_blobs=3602, nmethods=3045, adapters=481, full_count=0
Compilation: enabled, stopped_count=0, restarted_count=0

Compilation events (20 events):
Event: 47.328 Thread 0x0000020e2095ff10 4057       1       io.github.classgraph.ModuleRef::getReference (5 bytes)
Event: 47.328 Thread 0x0000020e2095ff10 nmethod 4057 0x0000020e18848f10 code [0x0000020e188490a0, 0x0000020e18849168]
Event: 47.381 Thread 0x0000020e2095ff10 4058   !   1       jdk.internal.module.SystemModuleFinders$SystemModuleReader::checkPermissionToConnect (38 bytes)
Event: 47.382 Thread 0x0000020e2095ff10 nmethod 4058 0x0000020e1884c510 code [0x0000020e1884c6a0, 0x0000020e1884c748]
Event: 47.386 Thread 0x0000020e2095ff10 4059   !   1       jdk.internal.module.ModuleReferenceImpl::open (19 bytes)
Event: 47.386 Thread 0x0000020e2095ff10 nmethod 4059 0x0000020e1888d010 code [0x0000020e1888d1c0, 0x0000020e1888d360]
Event: 47.387 Thread 0x0000020e2095ff10 4060       1       jdk.internal.module.SystemModuleFinders$2::get (16 bytes)
Event: 47.387 Thread 0x0000020e2095ff10 nmethod 4060 0x0000020e1883a010 code [0x0000020e1883a1c0, 0x0000020e1883a360]
Event: 47.387 Thread 0x0000020e2095ff10 4061       1       jdk.internal.module.SystemModuleFinders$SystemModuleReader::<init> (14 bytes)
Event: 47.387 Thread 0x0000020e2095ff10 nmethod 4061 0x0000020e1884fb90 code [0x0000020e1884fd40, 0x0000020e1884fe88]
Event: 47.387 Thread 0x0000020e2095ff10 4062       1       jdk.internal.module.SystemModuleFinders$2::get (5 bytes)
Event: 47.388 Thread 0x0000020e2095ff10 nmethod 4062 0x0000020e1883fc10 code [0x0000020e1883fdc0, 0x0000020e1883ff60]
Event: 47.407 Thread 0x0000020e2095ff10 4063       1       nonapi.io.github.classgraph.fastzipfilereader.NestedJarHandler$5$1::newInstance (8 bytes)
Event: 47.408 Thread 0x0000020e2095ff10 nmethod 4063 0x0000020e1886a510 code [0x0000020e1886a6c0, 0x0000020e1886a808]
Event: 47.408 Thread 0x0000020e2095ff10 4064       1       nonapi.io.github.classgraph.fastzipfilereader.NestedJarHandler$5$1::newInstance (5 bytes)
Event: 47.408 Thread 0x0000020e2095ff10 nmethod 4064 0x0000020e188a4b10 code [0x0000020e188a4cc0, 0x0000020e188a4e08]
Event: 47.409 Thread 0x0000020e2095ff10 4065   !   1       io.github.classgraph.ModuleReaderProxy::<init> (74 bytes)
Event: 47.409 Thread 0x0000020e2095ff10 nmethod 4065 0x0000020e18853010 code [0x0000020e18853220, 0x0000020e188536f8]
Event: 47.811 Thread 0x0000020e2095ff10 4066       1       java.lang.invoke.LambdaForm$MH/0x0000020e2238d400::invoke (42 bytes)
Event: 47.812 Thread 0x0000020e2095ff10 nmethod 4066 0x0000020e18839110 code [0x0000020e188392e0, 0x0000020e188394e0]

GC Heap History (20 events):
Event: 46.470 GC heap after
{Heap after GC invocations=18 (full 0):
 garbage-first heap   total 167936K, used 69704K [0x0000000084000000, 0x0000000100000000)
  region size 1024K, 5 young (5120K), 5 survivors (5120K)
 Metaspace       used 28893K, committed 29504K, reserved 1114112K
  class space    used 4034K, committed 4288K, reserved 1048576K
}
Event: 46.518 GC heap before
{Heap before GC invocations=19 (full 0):
 garbage-first heap   total 167936K, used 123976K [0x0000000084000000, 0x0000000100000000)
  region size 1024K, 60 young (61440K), 5 survivors (5120K)
 Metaspace       used 28970K, committed 29568K, reserved 1114112K
  class space    used 4040K, committed 4288K, reserved 1048576K
}
Event: 46.526 GC heap after
{Heap after GC invocations=20 (full 0):
 garbage-first heap   total 167936K, used 72070K [0x0000000084000000, 0x0000000100000000)
  region size 1024K, 5 young (5120K), 5 survivors (5120K)
 Metaspace       used 28970K, committed 29568K, reserved 1114112K
  class space    used 4040K, committed 4288K, reserved 1048576K
}
Event: 46.567 GC heap before
{Heap before GC invocations=20 (full 0):
 garbage-first heap   total 167936K, used 129414K [0x0000000084000000, 0x0000000100000000)
  region size 1024K, 62 young (63488K), 5 survivors (5120K)
 Metaspace       used 28970K, committed 29568K, reserved 1114112K
  class space    used 4040K, committed 4288K, reserved 1048576K
}
Event: 46.573 GC heap after
{Heap after GC invocations=21 (full 0):
 garbage-first heap   total 167936K, used 72670K [0x0000000084000000, 0x0000000100000000)
  region size 1024K, 6 young (6144K), 6 survivors (6144K)
 Metaspace       used 28970K, committed 29568K, reserved 1114112K
  class space    used 4040K, committed 4288K, reserved 1048576K
}
Event: 46.644 GC heap before
{Heap before GC invocations=21 (full 0):
 garbage-first heap   total 167936K, used 133086K [0x0000000084000000, 0x0000000100000000)
  region size 1024K, 66 young (67584K), 6 survivors (6144K)
 Metaspace       used 28970K, committed 29568K, reserved 1114112K
  class space    used 4040K, committed 4288K, reserved 1048576K
}
Event: 46.650 GC heap after
{Heap after GC invocations=22 (full 0):
 garbage-first heap   total 167936K, used 75495K [0x0000000084000000, 0x0000000100000000)
  region size 1024K, 6 young (6144K), 6 survivors (6144K)
 Metaspace       used 28970K, committed 29568K, reserved 1114112K
  class space    used 4040K, committed 4288K, reserved 1048576K
}
Event: 46.761 GC heap before
{Heap before GC invocations=22 (full 0):
 garbage-first heap   total 167936K, used 138983K [0x0000000084000000, 0x0000000100000000)
  region size 1024K, 70 young (71680K), 6 survivors (6144K)
 Metaspace       used 28970K, committed 29568K, reserved 1114112K
  class space    used 4040K, committed 4288K, reserved 1048576K
}
Event: 46.773 GC heap after
{Heap after GC invocations=23 (full 0):
 garbage-first heap   total 335872K, used 78281K [0x0000000084000000, 0x0000000100000000)
  region size 1024K, 6 young (6144K), 6 survivors (6144K)
 Metaspace       used 28970K, committed 29568K, reserved 1114112K
  class space    used 4040K, committed 4288K, reserved 1048576K
}
Event: 47.096 GC heap before
{Heap before GC invocations=24 (full 0):
 garbage-first heap   total 335872K, used 271817K [0x0000000084000000, 0x0000000100000000)
  region size 1024K, 196 young (200704K), 6 survivors (6144K)
 Metaspace       used 28970K, committed 29568K, reserved 1114112K
  class space    used 4040K, committed 4288K, reserved 1048576K
}
Event: 47.107 GC heap after
{Heap after GC invocations=25 (full 0):
 garbage-first heap   total 335872K, used 87016K [0x0000000084000000, 0x0000000100000000)
  region size 1024K, 15 young (15360K), 15 survivors (15360K)
 Metaspace       used 28970K, committed 29568K, reserved 1114112K
  class space    used 4040K, committed 4288K, reserved 1048576K
}
Event: 47.270 GC heap before
{Heap before GC invocations=25 (full 0):
 garbage-first heap   total 335872K, used 271336K [0x0000000084000000, 0x0000000100000000)
  region size 1024K, 196 young (200704K), 15 survivors (15360K)
 Metaspace       used 28970K, committed 29568K, reserved 1114112K
  class space    used 4040K, committed 4288K, reserved 1048576K
}
Event: 47.287 GC heap after
{Heap after GC invocations=26 (full 0):
 garbage-first heap   total 335872K, used 93596K [0x0000000084000000, 0x0000000100000000)
  region size 1024K, 20 young (20480K), 20 survivors (20480K)
 Metaspace       used 28970K, committed 29568K, reserved 1114112K
  class space    used 4040K, committed 4288K, reserved 1048576K
}
Event: 47.423 GC heap before
{Heap before GC invocations=26 (full 0):
 garbage-first heap   total 335872K, used 272796K [0x0000000084000000, 0x0000000100000000)
  region size 1024K, 196 young (200704K), 20 survivors (20480K)
 Metaspace       used 28972K, committed 29568K, reserved 1114112K
  class space    used 4040K, committed 4288K, reserved 1048576K
}
Event: 47.443 GC heap after
{Heap after GC invocations=27 (full 0):
 garbage-first heap   total 335872K, used 101775K [0x0000000084000000, 0x0000000100000000)
  region size 1024K, 17 young (17408K), 17 survivors (17408K)
 Metaspace       used 28972K, committed 29568K, reserved 1114112K
  class space    used 4040K, committed 4288K, reserved 1048576K
}
Event: 47.685 GC heap before
{Heap before GC invocations=28 (full 0):
 garbage-first heap   total 335872K, used 284047K [0x0000000084000000, 0x0000000100000000)
  region size 1024K, 196 young (200704K), 17 survivors (17408K)
 Metaspace       used 28972K, committed 29568K, reserved 1114112K
  class space    used 4040K, committed 4288K, reserved 1048576K
}
Event: 47.701 GC heap after
{Heap after GC invocations=29 (full 0):
 garbage-first heap   total 335872K, used 109317K [0x0000000084000000, 0x0000000100000000)
  region size 1024K, 16 young (16384K), 16 survivors (16384K)
 Metaspace       used 28972K, committed 29568K, reserved 1114112K
  class space    used 4040K, committed 4288K, reserved 1048576K
}
Event: 47.844 GC heap before
{Heap before GC invocations=29 (full 0):
 garbage-first heap   total 335872K, used 292613K [0x0000000084000000, 0x0000000100000000)
  region size 1024K, 196 young (200704K), 16 survivors (16384K)
 Metaspace       used 28972K, committed 29568K, reserved 1114112K
  class space    used 4040K, committed 4288K, reserved 1048576K
}
Event: 47.861 GC heap after
{Heap after GC invocations=30 (full 0):
 garbage-first heap   total 335872K, used 116827K [0x0000000084000000, 0x0000000100000000)
  region size 1024K, 16 young (16384K), 16 survivors (16384K)
 Metaspace       used 28972K, committed 29568K, reserved 1114112K
  class space    used 4040K, committed 4288K, reserved 1048576K
}
Event: 47.989 GC heap before
{Heap before GC invocations=30 (full 0):
 garbage-first heap   total 335872K, used 300123K [0x0000000084000000, 0x0000000100000000)
  region size 1024K, 196 young (200704K), 16 survivors (16384K)
 Metaspace       used 28972K, committed 29568K, reserved 1114112K
  class space    used 4040K, committed 4288K, reserved 1048576K
}

Dll operation events (9 events):
Event: 0.026 Loaded shared library c:\Users\Glymin Terra Selasi\.trae\extensions\redhat.java-1.52.0-win32-x64\jre\21.0.9-win32-x86_64\bin\java.dll
Event: 0.764 Loaded shared library c:\Users\Glymin Terra Selasi\.trae\extensions\redhat.java-1.52.0-win32-x64\jre\21.0.9-win32-x86_64\bin\zip.dll
Event: 0.836 Loaded shared library C:\Users\Glymin Terra Selasi\.trae\extensions\redhat.java-1.52.0-win32-x64\jre\21.0.9-win32-x86_64\bin\net.dll
Event: 0.841 Loaded shared library C:\Users\Glymin Terra Selasi\.trae\extensions\redhat.java-1.52.0-win32-x64\jre\21.0.9-win32-x86_64\bin\nio.dll
Event: 0.880 Loaded shared library C:\Users\Glymin Terra Selasi\.trae\extensions\redhat.java-1.52.0-win32-x64\jre\21.0.9-win32-x86_64\bin\zip.dll
Event: 4.578 Loaded shared library C:\Users\Glymin Terra Selasi\.trae\extensions\redhat.java-1.52.0-win32-x64\jre\21.0.9-win32-x86_64\bin\jimage.dll
Event: 4.970 Loaded shared library c:\Users\Glymin Terra Selasi\.trae\extensions\redhat.java-1.52.0-win32-x64\jre\21.0.9-win32-x86_64\bin\verify.dll
Event: 20.452 Loaded shared library C:\Users\Glymin Terra Selasi\.trae\extensions\redhat.java-1.52.0-win32-x64\jre\21.0.9-win32-x86_64\bin\management.dll
Event: 20.460 Loaded shared library C:\Users\Glymin Terra Selasi\.trae\extensions\redhat.java-1.52.0-win32-x64\jre\21.0.9-win32-x86_64\bin\management_ext.dll

Deoptimization events (0 events):
No events

Classes loaded (20 events):
Event: 44.078 Loading class java/util/zip/DataFormatException
Event: 44.080 Loading class java/util/zip/DataFormatException done
Event: 44.897 Loading class java/util/concurrent/locks/AbstractQueuedSynchronizer$SharedNode
Event: 44.898 Loading class jdk/internal/module/SystemModuleFinders$ModuleContentSpliterator
Event: 44.902 Loading class jdk/internal/module/SystemModuleFinders$ModuleContentSpliterator done
Event: 44.903 Loading class jdk/internal/jimage/ImageReader$Directory
Event: 44.905 Loading class java/util/concurrent/locks/AbstractQueuedSynchronizer$SharedNode done
Event: 44.906 Loading class jdk/internal/jimage/ImageReader$Node
Event: 44.907 Loading class jdk/internal/jimage/ImageReader$Node done
Event: 44.907 Loading class jdk/internal/jimage/ImageReader$Directory done
Event: 44.909 Loading class jdk/internal/jimage/ImageReader$SharedImageReader$LocationVisitor
Event: 44.911 Loading class jdk/internal/jimage/ImageReader$SharedImageReader$LocationVisitor done
Event: 44.913 Loading class java/nio/ByteBufferAsIntBufferL
Event: 44.918 Loading class java/nio/ByteBufferAsIntBufferL done
Event: 44.924 Loading class jdk/internal/jimage/ImageReader$Resource
Event: 44.925 Loading class jdk/internal/jimage/ImageReader$Resource done
Event: 44.926 Loading class java/util/stream/LongStream
Event: 44.927 Loading class java/util/stream/LongStream done
Event: 44.927 Loading class java/util/stream/DoubleStream
Event: 45.013 Loading class java/util/stream/DoubleStream done

Classes unloaded (20 events):
Event: 46.431 Thread 0x0000020e2090efe0 Unloading class 0x0000020e22284c00 'java/lang/invoke/LambdaForm$MH+0x0000020e22284c00'
Event: 46.431 Thread 0x0000020e2090efe0 Unloading class 0x0000020e22136400 'java/lang/invoke/LambdaForm$MH+0x0000020e22136400'
Event: 46.431 Thread 0x0000020e2090efe0 Unloading class 0x0000020e22135c00 'java/lang/invoke/LambdaForm$MH+0x0000020e22135c00'
Event: 46.431 Thread 0x0000020e2090efe0 Unloading class 0x0000020e22135800 'java/lang/invoke/LambdaForm$MH+0x0000020e22135800'
Event: 46.431 Thread 0x0000020e2090efe0 Unloading class 0x0000020e22135400 'java/lang/invoke/LambdaForm$MH+0x0000020e22135400'
Event: 46.431 Thread 0x0000020e2090efe0 Unloading class 0x0000020e22135000 'java/lang/invoke/LambdaForm$MH+0x0000020e22135000'
Event: 46.431 Thread 0x0000020e2090efe0 Unloading class 0x0000020e22134800 'java/lang/invoke/LambdaForm$MH+0x0000020e22134800'
Event: 46.431 Thread 0x0000020e2090efe0 Unloading class 0x0000020e22134400 'java/lang/invoke/LambdaForm$MH+0x0000020e22134400'
Event: 46.431 Thread 0x0000020e2090efe0 Unloading class 0x0000020e22134000 'java/lang/invoke/LambdaForm$MH+0x0000020e22134000'
Event: 46.431 Thread 0x0000020e2090efe0 Unloading class 0x0000020e22120000 'java/lang/invoke/LambdaForm$MH+0x0000020e22120000'
Event: 46.431 Thread 0x0000020e2090efe0 Unloading class 0x0000020e2211cc00 'java/lang/invoke/LambdaForm$MH+0x0000020e2211cc00'
Event: 46.431 Thread 0x0000020e2090efe0 Unloading class 0x0000020e22015000 'java/lang/invoke/LambdaForm$MH+0x0000020e22015000'
Event: 46.431 Thread 0x0000020e2090efe0 Unloading class 0x0000020e22014000 'java/lang/invoke/LambdaForm$MH+0x0000020e22014000'
Event: 46.431 Thread 0x0000020e2090efe0 Unloading class 0x0000020e22013c00 'java/lang/invoke/LambdaForm$MH+0x0000020e22013c00'
Event: 46.431 Thread 0x0000020e2090efe0 Unloading class 0x0000020e22013400 'java/lang/invoke/LambdaForm$MH+0x0000020e22013400'
Event: 46.431 Thread 0x0000020e2090efe0 Unloading class 0x0000020e22012800 'java/lang/invoke/LambdaForm$MH+0x0000020e22012800'
Event: 46.431 Thread 0x0000020e2090efe0 Unloading class 0x0000020e22012000 'java/lang/invoke/LambdaForm$MH+0x0000020e22012000'
Event: 46.431 Thread 0x0000020e2090efe0 Unloading class 0x0000020e22011800 'java/lang/invoke/LambdaForm$MH+0x0000020e22011800'
Event: 46.431 Thread 0x0000020e2090efe0 Unloading class 0x0000020e22011000 'java/lang/invoke/LambdaForm$MH+0x0000020e22011000'
Event: 46.431 Thread 0x0000020e2090efe0 Unloading class 0x0000020e22010800 'java/lang/invoke/LambdaForm$MH+0x0000020e22010800'

Classes redefined (0 events):
No events

Internal exceptions (20 events):
Event: 44.046 Thread 0x0000020e6714c250 Exception <a 'sun/nio/fs/WindowsException'{0x000000008636a270}> (0x000000008636a270) 
thrown [s\src\hotspot\share\prims\jni.cpp, line 520]
Event: 44.046 Thread 0x0000020e6714c250 Exception <a 'sun/nio/fs/WindowsException'{0x000000008636a690}> (0x000000008636a690) 
thrown [s\src\hotspot\share\prims\jni.cpp, line 520]
Event: 44.047 Thread 0x0000020e6714c250 Exception <a 'sun/nio/fs/WindowsException'{0x000000008636b128}> (0x000000008636b128) 
thrown [s\src\hotspot\share\prims\jni.cpp, line 520]
Event: 44.047 Thread 0x0000020e6714c250 Exception <a 'sun/nio/fs/WindowsException'{0x000000008636b568}> (0x000000008636b568) 
thrown [s\src\hotspot\share\prims\jni.cpp, line 520]
Event: 44.047 Thread 0x0000020e6714c250 Exception <a 'sun/nio/fs/WindowsException'{0x000000008636bff0}> (0x000000008636bff0) 
thrown [s\src\hotspot\share\prims\jni.cpp, line 520]
Event: 44.047 Thread 0x0000020e6714c250 Exception <a 'sun/nio/fs/WindowsException'{0x000000008636c420}> (0x000000008636c420) 
thrown [s\src\hotspot\share\prims\jni.cpp, line 520]
Event: 44.047 Thread 0x0000020e6714c250 Exception <a 'sun/nio/fs/WindowsException'{0x000000008636ceb8}> (0x000000008636ceb8) 
thrown [s\src\hotspot\share\prims\jni.cpp, line 520]
Event: 44.048 Thread 0x0000020e6714c250 Exception <a 'sun/nio/fs/WindowsException'{0x000000008636d2f8}> (0x000000008636d2f8) 
thrown [s\src\hotspot\share\prims\jni.cpp, line 520]
Event: 44.048 Thread 0x0000020e6714c250 Exception <a 'sun/nio/fs/WindowsException'{0x000000008636dda8}> (0x000000008636dda8) 
thrown [s\src\hotspot\share\prims\jni.cpp, line 520]
Event: 44.049 Thread 0x0000020e6714c250 Exception <a 'sun/nio/fs/WindowsException'{0x000000008636e208}> (0x000000008636e208) 
thrown [s\src\hotspot\share\prims\jni.cpp, line 520]
Event: 44.049 Thread 0x0000020e6714c250 Exception <a 'sun/nio/fs/WindowsException'{0x000000008636ecd0}> (0x000000008636ecd0) 
thrown [s\src\hotspot\share\prims\jni.cpp, line 520]
Event: 44.049 Thread 0x0000020e6714c250 Exception <a 'sun/nio/fs/WindowsException'{0x000000008636f148}> (0x000000008636f148) 
thrown [s\src\hotspot\share\prims\jni.cpp, line 520]
Event: 44.050 Thread 0x0000020e6714c250 Exception <a 'sun/nio/fs/WindowsException'{0x000000008636fc08}> (0x000000008636fc08) 
thrown [s\src\hotspot\share\prims\jni.cpp, line 520]
Event: 44.051 Thread 0x0000020e6714c250 Exception <a 'sun/nio/fs/WindowsException'{0x0000000086370078}> (0x0000000086370078) 
thrown [s\src\hotspot\share\prims\jni.cpp, line 520]
Event: 46.295 Thread 0x0000020e6714e320 Exception <a 'java/lang/IncompatibleClassChangeError'{0x000000008883ffa0}: Found class java.lang.Object, but interface was expected> (0x000000008883ffa0) 
thrown [s\src\hotspot\share\interpreter\linkResolver.cpp, line 840]
Event: 46.295 Thread 0x0000020e67446ee0 Exception <a 'java/lang/IncompatibleClassChangeError'{0x00000000888a0ba8}: Found class java.lang.Object, but interface was expected> (0x00000000888a0ba8) 
thrown [s\src\hotspot\share\interpreter\linkResolver.cpp, line 840]
Event: 46.295 Thread 0x0000020e67445b30 Exception <a 'java/lang/IncompatibleClassChangeError'{0x0000000088838558}: Found class java.lang.Object, but interface was expected> (0x0000000088838558) 
thrown [s\src\hotspot\share\interpreter\linkResolver.cpp, line 840]
Event: 46.295 Thread 0x0000020e674454a0 Exception <a 'java/lang/IncompatibleClassChangeError'{0x0000000088824220}: Found class java.lang.Object, but interface was expected> (0x0000000088824220) 
thrown [s\src\hotspot\share\interpreter\linkResolver.cpp, line 840]
Event: 46.295 Thread 0x0000020e67447570 Exception <a 'java/lang/IncompatibleClassChangeError'{0x000000008884b450}: Found class java.lang.Object, but interface was expected> (0x000000008884b450) 
thrown [s\src\hotspot\share\interpreter\linkResolver.cpp, line 840]
Event: 46.295 Thread 0x0000020e674440f0 Exception <a 'java/lang/IncompatibleClassChangeError'{0x0000000088843240}: Found class java.lang.Object, but interface was expected> (0x0000000088843240) 
thrown [s\src\hotspot\share\interpreter\linkResolver.cpp, line 840]

ZGC Phase Switch (0 events):
No events

VM Operations (20 events):
Event: 47.287 Executing VM operation: G1CollectForAllocation (G1 Evacuation Pause) done
Event: 47.422 Executing VM operation: G1CollectForAllocation (G1 Evacuation Pause)
Event: 47.422 Executing VM operation: G1CollectForAllocation (G1 Evacuation Pause) done
Event: 47.422 Executing VM operation: G1CollectForAllocation (GCLocker Initiated GC)
Event: 47.443 Executing VM operation: G1CollectForAllocation (GCLocker Initiated GC) done
Event: 47.557 Executing VM operation: G1PauseRemark
Event: 47.591 Executing VM operation: G1PauseRemark done
Event: 47.630 Executing VM operation: G1PauseCleanup
Event: 47.631 Executing VM operation: G1PauseCleanup done
Event: 47.684 Executing VM operation: G1CollectForAllocation (G1 Evacuation Pause)
Event: 47.684 Executing VM operation: G1CollectForAllocation (G1 Evacuation Pause) done
Event: 47.684 Executing VM operation: G1CollectForAllocation (GCLocker Initiated GC)
Event: 47.702 Executing VM operation: G1CollectForAllocation (GCLocker Initiated GC) done
Event: 47.843 Executing VM operation: G1CollectForAllocation (G1 Evacuation Pause)
Event: 47.844 Executing VM operation: G1CollectForAllocation (G1 Evacuation Pause) done
Event: 47.844 Executing VM operation: G1CollectForAllocation (GCLocker Initiated GC)
Event: 47.861 Executing VM operation: G1CollectForAllocation (GCLocker Initiated GC) done
Event: 47.989 Executing VM operation: G1CollectForAllocation (G1 Evacuation Pause)
Event: 47.989 Executing VM operation: G1CollectForAllocation (G1 Evacuation Pause) done
Event: 47.989 Executing VM operation: G1CollectForAllocation (GCLocker Initiated GC)

Memory protections (0 events):
No events

Nmethod flushes (20 events):
Event: 46.439 Thread 0x0000020e2090efe0 flushing  nmethod 0x0000020e188e9b90
Event: 46.439 Thread 0x0000020e2090efe0 flushing  nmethod 0x0000020e188e9f10
Event: 46.439 Thread 0x0000020e2090efe0 flushing  nmethod 0x0000020e188ea610
Event: 46.439 Thread 0x0000020e2090efe0 flushing  nmethod 0x0000020e188ea910
Event: 46.439 Thread 0x0000020e2090efe0 flushing  nmethod 0x0000020e188eac10
Event: 46.439 Thread 0x0000020e2090efe0 flushing  nmethod 0x0000020e188efb10
Event: 46.439 Thread 0x0000020e2090efe0 flushing  nmethod 0x0000020e188f5d90
Event: 46.439 Thread 0x0000020e2090efe0 flushing  nmethod 0x0000020e18910710
Event: 46.439 Thread 0x0000020e2090efe0 flushing  nmethod 0x0000020e18910e10
Event: 46.439 Thread 0x0000020e2090efe0 flushing  nmethod 0x0000020e18911a90
Event: 46.439 Thread 0x0000020e2090efe0 flushing  nmethod 0x0000020e18911d90
Event: 46.439 Thread 0x0000020e2090efe0 flushing  nmethod 0x0000020e18912590
Event: 46.439 Thread 0x0000020e2090efe0 flushing  nmethod 0x0000020e1892bf90
Event: 46.439 Thread 0x0000020e2090efe0 flushing  nmethod 0x0000020e1892cf90
Event: 46.439 Thread 0x0000020e2090efe0 flushing  nmethod 0x0000020e1892fd90
Event: 46.439 Thread 0x0000020e2090efe0 flushing  nmethod 0x0000020e18950c90
Event: 46.439 Thread 0x0000020e2090efe0 flushing  nmethod 0x0000020e18954090
Event: 46.758 Thread 0x0000020e2090efe0 flushing  nmethod 0x0000020e18ef7d90
Event: 47.590 Thread 0x0000020e2090efe0 flushing  nmethod 0x0000020e18a32c10
Event: 47.590 Thread 0x0000020e2090efe0 flushing  nmethod 0x0000020e1887e110

Events (20 events):
Event: 43.221 Thread 0x0000020e67186580 Thread added: 0x0000020e672874c0
Event: 43.231 Thread 0x0000020e67186580 Thread added: 0x0000020e6714c8e0
Event: 43.541 Thread 0x0000020e2095ff10 Thread added: 0x0000020e20a0d6e0
Event: 43.581 Thread 0x0000020e6723a000 Thread added: 0x0000020e6714cf70
Event: 43.708 Thread 0x0000020e6714c8e0 Thread added: 0x0000020e6714e9b0
Event: 43.720 Thread 0x0000020e67286480 Thread added: 0x0000020e6714d600
Event: 43.727 Thread 0x0000020e6714e9b0 Thread added: 0x0000020e6714c250
Event: 43.730 Thread 0x0000020e6714e9b0 Thread added: 0x0000020e6714b530
Event: 43.733 Thread 0x0000020e6714e9b0 Thread added: 0x0000020e6714dc90
Event: 43.734 Thread 0x0000020e6714e9b0 Thread added: 0x0000020e6714e320
Event: 43.734 Thread 0x0000020e6714e9b0 Thread added: 0x0000020e6714bbc0
Event: 43.734 Thread 0x0000020e6714e9b0 Thread added: 0x0000020e67447570
Event: 43.735 Thread 0x0000020e6714e9b0 Thread added: 0x0000020e67444e10
Event: 43.735 Thread 0x0000020e6714e9b0 Thread added: 0x0000020e674461c0
Event: 43.735 Thread 0x0000020e6714e9b0 Thread added: 0x0000020e674440f0
Event: 43.735 Thread 0x0000020e6714e9b0 Thread added: 0x0000020e67446ee0
Event: 43.737 Thread 0x0000020e6714e9b0 Thread added: 0x0000020e674454a0
Event: 43.737 Thread 0x0000020e6714e9b0 Thread added: 0x0000020e67446850
Event: 43.737 Thread 0x0000020e6714e9b0 Thread added: 0x0000020e67445b30
Event: 47.300 Thread 0x0000020e20a0d6e0 Thread exited: 0x0000020e20a0d6e0


Dynamic libraries:
0x00007ff7752f0000 - 0x00007ff7752fe000 	c:\Users\Glymin Terra Selasi\.trae\extensions\redhat.java-1.52.0-win32-x64\jre\21.0.9-win32-x86_64\bin\java.exe
0x00007ffdd3e20000 - 0x00007ffdd4088000 	C:\WINDOWS\SYSTEM32\ntdll.dll
0x00007ffdd2bb0000 - 0x00007ffdd2c79000 	C:\WINDOWS\System32\KERNEL32.DLL
0x00007ffdd0fe0000 - 0x00007ffdd13d2000 	C:\WINDOWS\System32\KERNELBASE.dll
0x00007ffdd1940000 - 0x00007ffdd1a8b000 	C:\WINDOWS\System32\ucrtbase.dll
0x00007ffd7bc80000 - 0x00007ffd7bc98000 	c:\Users\Glymin Terra Selasi\.trae\extensions\redhat.java-1.52.0-win32-x64\jre\21.0.9-win32-x86_64\bin\jli.dll
0x00007ffd85130000 - 0x00007ffd8514e000 	c:\Users\Glymin Terra Selasi\.trae\extensions\redhat.java-1.52.0-win32-x64\jre\21.0.9-win32-x86_64\bin\VCRUNTIME140.dll
0x00007ffdd3b90000 - 0x00007ffdd3d55000 	C:\WINDOWS\System32\USER32.dll
0x00007ffdd0fb0000 - 0x00007ffdd0fd7000 	C:\WINDOWS\System32\win32u.dll
0x00007ffdd2a80000 - 0x00007ffdd2aab000 	C:\WINDOWS\System32\GDI32.dll
0x00007ffdb7600000 - 0x00007ffdb7893000 	C:\WINDOWS\WinSxS\amd64_microsoft.windows.common-controls_6595b64144ccf1df_6.0.26100.6899_none_3e0efeeae32e88c1\COMCTL32.dll
0x00007ffdd16d0000 - 0x00007ffdd17fd000 	C:\WINDOWS\System32\gdi32full.dll
0x00007ffdd1800000 - 0x00007ffdd18a3000 	C:\WINDOWS\System32\msvcp_win.dll
0x00007ffdd2340000 - 0x00007ffdd23e9000 	C:\WINDOWS\System32\msvcrt.dll
0x00007ffdd2510000 - 0x00007ffdd253f000 	C:\WINDOWS\System32\IMM32.DLL
0x00007ffd85650000 - 0x00007ffd8565c000 	c:\Users\Glymin Terra Selasi\.trae\extensions\redhat.java-1.52.0-win32-x64\jre\21.0.9-win32-x86_64\bin\vcruntime140_1.dll
0x00007ffd590c0000 - 0x00007ffd5914d000 	c:\Users\Glymin Terra Selasi\.trae\extensions\redhat.java-1.52.0-win32-x64\jre\21.0.9-win32-x86_64\bin\msvcp140.dll
0x00007ffd58320000 - 0x00007ffd590c0000 	c:\Users\Glymin Terra Selasi\.trae\extensions\redhat.java-1.52.0-win32-x64\jre\21.0.9-win32-x86_64\bin\server\jvm.dll
0x00007ffdd3150000 - 0x00007ffdd3204000 	C:\WINDOWS\System32\ADVAPI32.dll
0x00007ffdd3430000 - 0x00007ffdd34d6000 	C:\WINDOWS\System32\sechost.dll
0x00007ffdd23f0000 - 0x00007ffdd2508000 	C:\WINDOWS\System32\RPCRT4.dll
0x00007ffdd3d60000 - 0x00007ffdd3dd4000 	C:\WINDOWS\System32\WS2_32.dll
0x00007ffdc1250000 - 0x00007ffdc125b000 	C:\WINDOWS\SYSTEM32\VERSION.dll
0x00007ffdc95f0000 - 0x00007ffdc9625000 	C:\WINDOWS\SYSTEM32\WINMM.dll
0x00007ffdd0e10000 - 0x00007ffdd0e6e000 	C:\WINDOWS\SYSTEM32\POWRPROF.dll
0x00007ffdd0df0000 - 0x00007ffdd0e04000 	C:\WINDOWS\SYSTEM32\UMPDC.dll
0x00007ffdcfd80000 - 0x00007ffdcfd9b000 	C:\WINDOWS\SYSTEM32\kernel.appcore.dll
0x00007ffd852c0000 - 0x00007ffd852ca000 	c:\Users\Glymin Terra Selasi\.trae\extensions\redhat.java-1.52.0-win32-x64\jre\21.0.9-win32-x86_64\bin\jimage.dll
0x00007ffdce7d0000 - 0x00007ffdcea12000 	C:\WINDOWS\SYSTEM32\DBGHELP.DLL
0x00007ffdd2c80000 - 0x00007ffdd2ffb000 	C:\WINDOWS\System32\combase.dll
0x00007ffdd3010000 - 0x00007ffdd30e7000 	C:\WINDOWS\System32\OLEAUT32.dll
0x00007ffd9a130000 - 0x00007ffd9a16c000 	C:\WINDOWS\SYSTEM32\dbgcore.DLL
0x00007ffdd1a90000 - 0x00007ffdd1b28000 	C:\WINDOWS\System32\bcryptPrimitives.dll
0x00007ffd7a840000 - 0x00007ffd7a860000 	c:\Users\Glymin Terra Selasi\.trae\extensions\redhat.java-1.52.0-win32-x64\jre\21.0.9-win32-x86_64\bin\java.dll
0x00007ffdd1bf0000 - 0x00007ffdd233d000 	C:\WINDOWS\System32\SHELL32.dll
0x00007ffdd1560000 - 0x00007ffdd16cb000 	C:\WINDOWS\System32\wintypes.dll
0x00007ffdcebd0000 - 0x00007ffdcf42d000 	C:\WINDOWS\SYSTEM32\windows.storage.dll
0x00007ffdd3750000 - 0x00007ffdd3842000 	C:\WINDOWS\System32\SHCORE.dll
0x00007ffdd34f0000 - 0x00007ffdd3552000 	C:\WINDOWS\System32\shlwapi.dll
0x00007ffdd0ed0000 - 0x00007ffdd0ef9000 	C:\WINDOWS\SYSTEM32\profapi.dll
0x00007ffd7a340000 - 0x00007ffd7a358000 	c:\Users\Glymin Terra Selasi\.trae\extensions\redhat.java-1.52.0-win32-x64\jre\21.0.9-win32-x86_64\bin\zip.dll
0x00007ffd83760000 - 0x00007ffd83770000 	C:\Users\Glymin Terra Selasi\.trae\extensions\redhat.java-1.52.0-win32-x64\jre\21.0.9-win32-x86_64\bin\net.dll
0x00007ffdc3530000 - 0x00007ffdc364f000 	C:\WINDOWS\SYSTEM32\WINHTTP.dll
0x00007ffdd02f0000 - 0x00007ffdd035b000 	C:\WINDOWS\system32\mswsock.dll
0x00007ffd7a220000 - 0x00007ffd7a236000 	C:\Users\Glymin Terra Selasi\.trae\extensions\redhat.java-1.52.0-win32-x64\jre\21.0.9-win32-x86_64\bin\nio.dll
0x00007ffd831c0000 - 0x00007ffd831d0000 	c:\Users\Glymin Terra Selasi\.trae\extensions\redhat.java-1.52.0-win32-x64\jre\21.0.9-win32-x86_64\bin\verify.dll
0x00007ffdd05a0000 - 0x00007ffdd05bb000 	C:\WINDOWS\SYSTEM32\CRYPTSP.dll
0x00007ffdcfce0000 - 0x00007ffdcfd1b000 	C:\WINDOWS\system32\rsaenh.dll
0x00007ffdd0390000 - 0x00007ffdd03bb000 	C:\WINDOWS\SYSTEM32\USERENV.dll
0x00007ffdd0ea0000 - 0x00007ffdd0ec6000 	C:\WINDOWS\SYSTEM32\bcrypt.dll
0x00007ffdd05c0000 - 0x00007ffdd05cc000 	C:\WINDOWS\SYSTEM32\CRYPTBASE.dll
0x00007ffdcf760000 - 0x00007ffdcf794000 	C:\WINDOWS\SYSTEM32\IPHLPAPI.DLL
0x00007ffdd34e0000 - 0x00007ffdd34ea000 	C:\WINDOWS\System32\NSI.dll
0x00007ffdcbb70000 - 0x00007ffdcbb7a000 	C:\Users\Glymin Terra Selasi\.trae\extensions\redhat.java-1.52.0-win32-x64\jre\21.0.9-win32-x86_64\bin\management.dll
0x00007ffdcbb60000 - 0x00007ffdcbb6c000 	C:\Users\Glymin Terra Selasi\.trae\extensions\redhat.java-1.52.0-win32-x64\jre\21.0.9-win32-x86_64\bin\management_ext.dll
0x00007ffdd3000000 - 0x00007ffdd3008000 	C:\WINDOWS\System32\PSAPI.DLL

JVMTI agents: none

dbghelp: loaded successfully - version: 4.0.5 - missing functions: none
symbol engine: initialized successfully - sym options: 0x614 - pdb path: .;c:\Users\Glymin Terra Selasi\.trae\extensions\redhat.java-1.52.0-win32-x64\jre\21.0.9-win32-x86_64\bin;C:\WINDOWS\SYSTEM32;C:\WINDOWS\WinSxS\amd64_microsoft.windows.common-controls_6595b64144ccf1df_6.0.26100.6899_none_3e0efeeae32e88c1;c:\Users\Glymin Terra Selasi\.trae\extensions\redhat.java-1.52.0-win32-x64\jre\21.0.9-win32-x86_64\bin\server

VM Arguments:
jvm_args: -Dsts.lsp.client=vscode -Dsts.log.file=/dev/null -XX:TieredStopAtLevel=1 -Xlog:jni+resolve=off -Dspring.config.location=file:c:\Users\Glymin Terra Selasi\.trae\extensions\pivotal.vscode-spring-boot-1.43.0-universal\language-server\BOOT-INF\classes\application.properties 
java_command: org.springframework.ide.vscode.boot.app.BootLanguageServerBootApp
java_class_path (initial): c:\Users\Glymin Terra Selasi\.trae\extensions\pivotal.vscode-spring-boot-1.43.0-universal\language-server\BOOT-INF\classes;c:\Users\Glymin Terra Selasi\.trae\extensions\pivotal.vscode-spring-boot-1.43.0-universal\language-server\BOOT-INF\lib\annotations-23.1.0.jar;c:\Users\Glymin Terra Selasi\.trae\extensions\pivotal.vscode-spring-boot-1.43.0-universal\language-server\BOOT-INF\lib\ant-1.10.12.jar;c:\Users\Glymin Terra Selasi\.trae\extensions\pivotal.vscode-spring-boot-1.43.0-universal\language-server\BOOT-INF\lib\ant-launcher-1.10.12.jar;c:\Users\Glymin Terra Selasi\.trae\extensions\pivotal.vscode-spring-boot-1.43.0-universal\language-server\BOOT-INF\lib\antlr-runtime-3.5.2.jar;c:\Users\Glymin Terra Selasi\.trae\extensions\pivotal.vscode-spring-boot-1.43.0-universal\language-server\BOOT-INF\lib\antlr4-4.9.3.jar;c:\Users\Glymin Terra Selasi\.trae\extensions\pivotal.vscode-spring-boot-1.43.0-universal\language-server\BOOT-INF\lib\antlr4-runtime-4.9.3.jar;c:\Users\Glymin Terra Selasi\.trae\extensions\pivotal.vscode-spring-boot-1.43.0-universal\language-server\BOOT-INF\lib\apiguardian-api-1.1.2.jar;c:\Users\Glymin Terra Selasi\.trae\extensions\pivotal.vscode-spring-boot-1.43.0-universal\language-server\BOOT-INF\lib\asm-9.4.jar;c:\Users\Glymin Terra Selasi\.trae\extensions\pivotal.vscode-spring-boot-1.43.0-universal\language-server\BOOT-INF\lib\asm-analysis-9.4.jar;c:\Users\Glymin Terra Selasi\.trae\extensions\pivotal.vscode-spring-boot-1.43.0-universal\language-server\BOOT-INF\lib\asm-tree-9.4.jar;c:\Users\Glymin Terra Selasi\.trae\extensions\pivotal.vscode-spring-boot-1.43.0-universal\language-server\BOOT-INF\lib\asm-util-9.4.jar;c:\Users\Glymin Terra Selasi\.trae\extensions\pivotal.vscode-spring-boot-1.43.0-universal\language-server\BOOT-INF\lib\caffeine-3.1.2.jar;c:\Users\Glymin Terra Selasi\.trae\extensions\pivotal.vscode-spring-boot-1.43.0-universal\language-server\BOOT-INF\lib\checker-qual-3.12.0.jar;c:\Users\Glymin Terra Selasi\.trae\extensions\pivotal.vscode-spring-boot-1.43.0-universal\language-server\BOOT-INF\lib\ci-environment-9.1.0.jar;c:\Users\Glymin Terra Selasi\.trae\extensions\pivotal.vscode-spring-boot-1.43.0-universal\language-server\BOOT-INF\lib\classgraph-4.8.149.jar;c:\Users\Glymin Terra Selasi\.trae\extensions\pivotal.vscode-spring-boot-1.43.0-universal\language-server\BOOT-INF\lib\commons-codec-1.15.jar;c:\Users\Glymin Terra Selasi\.trae\extensions\pivotal.vscode-spring-boot-1.43.0-universal\language-server\BOOT-INF\lib\commons-compress-1.22.jar;c:\Users\Glymin Terra Selasi\.trae\extensions\pivotal.vscode-spring-boot-1.43.0-universal\language-server\BOOT-INF\lib\commons-io-2.4.jar;c:\Users\Glymin Terra Selasi\.trae\extensions\pivotal.vscode-spring-boot-1.43.0-universal\language-server\BOOT-INF\lib\commons-java-1.43.0-SNAPSHOT.jar;c:\Users\Glymin Terra Selasi\.trae\extensions\pivotal.vscode-spring-boot-1.43.0-universal\language-server\BOOT-INF\lib\commons-lang3-3.12.0.jar;c:\Users\Glymin Terra Selasi\.trae\extensions\pivotal.vscode-spring-boot-1.43.0-universal\language-server\BOOT-INF\lib\commons-language-server-1.43.0-SNAPSHOT.jar;c:\Users\Glymin Terra Selasi\.trae\extensions\pivotal.vscode-spring-boot-1.43.0-universal\language-server\BOOT-INF\lib\commons-lsp-extensions-1.43.0-SNAPSHOT.jar;c:\Users\Glymin Terra Selasi\.trae\extensions\pivotal.vscode-spring-boot-1.43.0-universal\language-server\BOOT-INF\lib\commons-rewrite-1.43.0-SNAPSHOT.jar;c:\Users\Glymin Terra Selasi\.trae\extensions\pivotal.vscode-spring-boot-1.43.0-universal\language-server\BOOT-INF\lib\commons-text-1.10.0.jar;c:\Users\Glymin Terra Selasi\.trae\extensions\pivotal.vscode-spring-boot-1.43.0-universal\language-server\BOOT-INF\lib\commons-util-1.43.0-SNAPSHOT.jar;c:\Users\Glymin Terra Selasi\.trae\extensions\pivotal.vscode-spring-boot-1.43.0-universal\language-server\BOOT-INF\lib\commons-yaml-1.43.0-SNAPSHOT.jar;c:\Users\Glymin Terra Selasi\.trae\extensions\pivotal.vscode-spring-boot-1.43.0-universal\language-server\BOOT-INF\lib\cucumber-core-7.9.0.jar;c:\Users\Glymin Terra Selasi\.trae\extensions\pivotal.vscode-spring-boot-1.43.0-universal\language-server\BOOT-INF\lib\cucumber-expressions-16.0.0.jar;c:\Users\Glymin Terra Selasi\.trae\extensions\pivotal.vscode-spring-boot-1.43.0-universal\language-server\BOOT-INF\lib\cucumber-gherkin-7.9.0.jar;c:\Users\Glymin Terra Selasi\.trae\extensions\pivotal.vscode-spring-boot-1.43.0-universal\language-server\BOOT-INF\lib\cucumber-gherkin-messages-7.9.0.jar;c:\Users\Glymin Terra Selasi\.trae\extensions\pivotal.vscode-spring-boot-1.43.0-universal\language-server\BOOT-INF\lib\cucumber-java-7.9.0.jar;c:\Users\Glymin Terra Selasi\.trae\extensions\pivotal.vscode-spring-boot-1.43.0-universal\language-server\BOOT-INF\lib\cucumber-java8-7.9.0.jar;c:\Users\Glymin Terra Selasi\.trae\extensions\pivotal.vscode-spring-boot-1.43.0-universal\language-server\BOOT-INF\lib\cucumber-junit-platform-engine-7.9.0.jar;c:\Users\Glymin Terra Selasi\.trae\extensions\pivotal.vscode-spring-boot-1.43.0-universal\language-server\BOOT-INF\lib\cucumber-plugin-7.9.0.jar;c:\Users\Glymin Terra Selasi\.trae\extensions\pivotal.vscode-spring-boot-1.43.0-universal\language-server\BOOT-INF\lib\datatable-7.9.0.jar;c:\Users\Glymin Terra Selasi\.trae\extensions\pivotal.vscode-spring-boot-1.43.0-universal\language-server\BOOT-INF\lib\docstring-7.9.0.jar;c:\Users\Glymin Terra Selasi\.trae\extensions\pivotal.vscode-spring-boot-1.43.0-universal\language-server\BOOT-INF\lib\error_prone_annotations-2.11.0.jar;c:\Users\Glymin Terra Selasi\.trae\extensions\pivotal.vscode-spring-boot-1.43.0-universal\language-server\BOOT-INF\lib\failureaccess-1.0.1.jar;c:\Users\Glymin Terra Selasi\.trae\extensions\pivotal.vscode-spring-boot-1.43.0-universal\language-server\BOOT-INF\lib\fastfilter-1.0.2.jar;c:\Users\Glymin Terra Selasi\.trae\extensions\pivotal.vscode-spring-boot-1.43.0-universal\language-server\BOOT-INF\lib\gherkin-24.1.0.jar;c:\Users\Glymin Terra Selasi\.trae\extensions\pivotal.vscode-spring-boot-1.43.0-universal\language-server\BOOT-INF\lib\gizmo-1.0.11.Final.jar;c:\Users\Glymin Terra Selasi\.trae\extensions\pivotal.vscode-spring-boot-1.43.0-universal\language-server\BOOT-INF\lib\gson-2.9.1.jar;c:\Users\Glymin Terra Selasi\.trae\extensions\pivotal.vscode-spring-boot-1.43.0-universal\language-server\BOOT-INF\lib\guava-31.1-jre.jar;c:\Users\Glymin Terra Selasi\.trae\extensions\pivotal.vscode-spring-boot-1.43.0-universal\language-server\BOOT-INF\lib\hamcrest-2.2.jar;c:\Users\Glymin Terra Selasi\.trae\extensions\pivotal.vscode-spring-boot-1.43.0-universal\language-server\BOOT-INF\lib\HdrHistogram-2.1.12.jar;c:\Users\Glymin Terra Selasi\.trae\extensions\pivotal.vscode-spring-boot-1.43.0-universal\language-server\BOOT-INF\lib\html-formatter-20.1.0.jar;c:\Users\Glymin Terra Selasi\.trae\extensions\pivotal.vscode-spring-boot-1.43.0-universal\language-server\BOOT-INF\lib\icu4j-69.1.jar;c:\Users\Glymin Terra Selasi\.trae\extensions\pivotal.vscode-spring-boot-1.43.0-universal\language-server\BOOT-INF\lib\j2objc-annotations-1.3.jar;c:\Users\Glymin Terra Selasi\.trae\extensions\pivotal.vscode-spring-boot-1.43.0-universal\language-server\BOOT-INF\lib\jackson-annotations-2.14.1.jar;c:\Users\Glymin Terra Selasi\.trae\extensions\pivotal.vscode-spring-boot-1.43.0-universal\language-server\BOOT-INF\lib\jackson-core-2.14.1.jar;c:\Users\Glymin Terra Selasi\.trae\extensions\pivotal.vscode-spring-boot-1.43.0-universal\language-server\BOOT-INF\lib\jackson-databind-2.14.1.jar;c:\Users\Glymin Terra Selasi\.trae\extensions\pivotal.vscode-spring-boot-1.43.0-universal\language-server\BOOT-INF\lib\jackson-dataformat-smile-2.14.1.jar;c:\Users\Glymin Terra Selasi\.trae\extensions\pivotal.vscode-spring-boot-1.43.0-universal\language-server\BOOT-INF\lib\jackson-dataformat-xml-2.14.1.jar;c:\Users\Glymin Terra Selasi\.trae\extensions\pivotal.vscode-spring-boot-1.43.0-universal\language-server\BOOT-INF\lib\jackson-datatype-jdk8-2.14.1.jar;c:\Users\Glymin Terra Selasi\.trae\extensions\pivotal.vscode-spring-boot-1.43.0-universal\language-server\BOOT-INF\lib\jackson-module-jaxb-annotations-2.14.1.jar;c:\Users\Glymin Terra Selasi\.trae\extensions\pivotal.vscode-spring-boot-1.43.0-universal\language-server\BOOT-INF\lib\jackson-module-parameter-names-2.14.1.jar;c:\Users\Glymin Terra Selasi\.trae\extensions\pivotal.vscode-spring-boot-1.43.0-universal\language-server\BOOT-INF\lib\jakarta.activation-api-2.1.0.jar;c:\Users\Glymin Terra Selasi\.trae\extensions\pivotal.vscode-spring-boot-1.43.0-universal\language-server\BOOT-INF\lib\jakarta.annotation-api-2.1.1.jar;c:\Users\Glymin Terra Selasi\.trae\extensions\pivotal.vscode-spring-boot-1.43.0-universal\language-server\BOOT-INF\lib\jakarta.xml.bind-api-4.0.0.jar;c:\Users\Glymin Terra Selasi\.trae\extensions\pivotal.vscode-spring-boot-1.43.0-universal\language-server\BOOT-INF\lib\jandex-2.0.5.Final.jar;c:\Users\Glymin Terra Selasi\.trae\extensions\pivotal.vscode-spring-boot-1.43.0-universal\language-server\BOOT-INF\lib\java-object-diff-0.95.jar;c:\Users\Glymin Terra Selasi\.trae\extensions\pivotal.vscode-spring-boot-1.43.0-universal\language-server\BOOT-INF\lib\java-properties-1.43.0-SNAPSHOT.jar;c:\Users\Glymin Terra Selasi\.trae\extensions\pivotal.vscode-spring-boot-1.43.0-universal\language-server\BOOT-INF\lib\javax.activation-api-1.2.0.jar;c:\Users\Glymin Terra Selasi\.trae\extensions\pivotal.vscode-spring-boot-1.43.0-universal\language-server\BOOT-INF\lib\javax.inject-1.jar;c:\Users\Glymin Terra Selasi\.trae\extensions\pivotal.vscode-spring-boot-1.43.0-universal\language-server\BOOT-INF\lib\javax.json-1.0.4.jar;c:\Users\Glymin Terra Selasi\.trae\extensions\pivotal.vscode-spring-boot-1.43.0-universal\language-server\BOOT-INF\lib\javolution-core-java-6.0.0.jar;c:\Users\Glymin Terra Selasi\.trae\extensions\pivotal.vscode-spring-boot-1.43.0-universal\language-server\BOOT-INF\lib\jaxb-api-2.3.1.jar;c:\Users\Glymin Terra Selasi\.trae\extensions\pivotal.vscode-spring-boot-1.43.0-universal\language-server\BOOT-INF\lib\jna-5.12.1.jar;c:\Users\Glymin Terra Selasi\.trae\extensions\pivotal.vscode-spring-boot-1.43.0-universal\language-server\BOOT-INF\lib\jna-platform-5.12.1.jar;c:\Users\Glymin Terra Selasi\.trae\extensions\pivotal.vscode-spring-boot-1.43.0-universal\language-server\BOOT-INF\lib\json-20160810.jar;c:\Users\Glymin Terra Selasi\.trae\extensions\pivotal.vscode-spring-boot-1.43.0-universal\language-server\BOOT-INF\lib\jsoup-1.9.2.jar;c:\Users\Glymin Terra Selasi\.trae\extensions\pivotal.vscode-spring-boot-1.43.0-universal\language-server\BOOT-INF\lib\jsr305-3.0.2.jar;c:\Users\Glymin Terra Selasi\.trae\extensions\pivotal.vscode-spring-boot-1.43.0-universal\language-server\BOOT-INF\lib\jul-to-slf4j-2.0.4.jar;c:\Users\Glymin Terra Selasi\.trae\extensions\pivotal.vscode-spring-boot-1.43.0-universal\language-server\BOOT-INF\lib\junit-jupiter-params-5.9.1.jar;c:\Users\Glymin Terra Selasi\.trae\extensions\pivotal.vscode-spring-boot-1.43.0-universal\language-server\BOOT-INF\lib\junit-platform-commons-1.9.1.jar;c:\Users\Glymin Terra Selasi\.trae\extensions\pivotal.vscode-spring-boot-1.43.0-universal\language-server\BOOT-INF\lib\junit-platform-engine-1.9.1.jar;c:\Users\Glymin Terra Selasi\.trae\extensions\pivotal.vscode-spring-boot-1.43.0-universal\language-server\BOOT-INF\lib\junit-platform-suite-api-1.9.1.jar;c:\Users\Glymin Terra Selasi\.trae\extensions\pivotal.vscode-spring-boot-1.43.0-universal\language-server\BOOT-INF\lib\language-server-starter-1.43.0-SNAPSHOT.jar;c:\Users\Glymin Terra Selasi\.trae\extensions\pivotal.vscode-spring-boot-1.43.0-universal\language-server\BOOT-INF\lib\LatencyUtils-2.0.3.jar;c:\Users\Glymin Terra Selasi\.trae\extensions\pivotal.vscode-spring-boot-1.43.0-universal\language-server\BOOT-INF\lib\listenablefuture-9999.0-empty-to-avoid-conflict-with-guava.jar;c:\Users\Glymin Terra Selasi\.trae\extensions\pivotal.vscode-spring-boot-1.43.0-universal\language-server\BOOT-INF\lib\log4j-api-2.19.0.jar;c:\Users\Glymin Terra Selasi\.trae\extensions\pivotal.vscode-spring-boot-1.43.0-universal\language-server\BOOT-INF\lib\log4j-to-slf4j-2.19.0.jar;c:\Users\Glymin Terra Selasi\.trae\extensions\pivotal.vscode-spring-boot-1.43.0-universal\language-server\BOOT-INF\lib\logback-classic-1.4.5.jar;c:\Users\Glymin Terra Selasi\.trae\extensions\pivotal.vscode-spring-boot-1.43.0-universal\language-server\BOOT-INF\lib\logback-core-1.4.5.jar;c:\Users\Glymin Terra Selasi\.trae\extensions\pivotal.vscode-spring-boot-1.43.0-universal\language-server\BOOT-INF\lib\messages-19.1.4.jar;c:\Users\Glymin Terra Selasi\.trae\extensions\pivotal.vscode-spring-boot-1.43.0-universal\language-server\BOOT-INF\lib\micrometer-commons-1.10.2.jar;c:\Users\Glymin Terra Selasi\.trae\extensions\pivotal.vscode-spring-boot-1.43.0-universal\language-server\BOOT-INF\lib\micrometer-core-1.10.2.jar;c:\Users\Glymin Terra Selasi\.trae\extensions\pivotal.vscode-spring-boot-1.43.0-universal\language-server\BOOT-INF\lib\micrometer-observation-1.10.2.jar;c:\Users\Glymin Terra Selasi\.trae\extensions\pivotal.vscode-spring-boot-1.43.0-universal\language-server\BOOT-INF\lib\opentest4j-1.2.0.jar;c:\Users\Glymin Terra Selasi\.trae\extensions\pivotal.vscode-spring-boot-1.43.0-universal\language-server\BOOT-INF\lib\org.abego.treelayout.core-1.0.3.jar;c:\Users\Glymin Terra Selasi\.trae\extensions\pivotal.vscode-spring-boot-1.43.0-universal\language-server\BOOT-INF\lib\org.eclipse.core.commands-3.10.300.jar;c:\Users\Glymin Terra Selasi\.trae\extensions\pivotal.vscode-spring-boot-1.43.0-universal\language-server\BOOT-INF\lib\org.eclipse.core.contenttype-3.8.200.jar;c:\Users\Glymin Terra Selasi\.trae\extensions\pivotal.vscode-spring-boot-1.43.0-universal\language-server\BOOT-INF\lib\org.eclipse.core.expressions-3.8.200.jar;c:\Users\Glymin Terra Selasi\.trae\extensions\pivotal.vscode-spring-boot-1.43.0-universal\language-server\BOOT-INF\lib\org.eclipse.core.filesystem-1.9.500.jar;c:\Users\Glymin Terra Selasi\.trae\extensions\pivotal.vscode-spring-boot-1.43.0-universal\language-server\BOOT-INF\lib\org.eclipse.core.jobs-3.13.200.jar;c:\Users\Glymin Terra Selasi\.trae\extensions\pivotal.vscode-spring-boot-1.43.0-universal\language-server\BOOT-INF\lib\org.eclipse.core.resources-3.18.100.jar;c:\Users\Glymin Terra Selasi\.trae\extensions\pivotal.vscode-spring-boot-1.43.0-universal\language-server\BOOT-INF\lib\org.eclipse.core.runtime-3.26.100.jar;c:\Users\Glymin Terra Selasi\.trae\extensions\pivotal.vscode-spring-boot-1.43.0-universal\language-server\BOOT-INF\lib\org.eclipse.equinox.app-1.6.200.jar;c:\Users\Glymin Terra Selasi\.trae\extensions\pivotal.vscode-spring-boot-1.43.0-universal\language-server\BOOT-INF\lib\org.eclipse.equinox.common-3.17.0.jar;c:\Users\Glymin Terra Selasi\.trae\extensions\pivotal.vscode-spring-boot-1.43.0-universal\language-server\BOOT-INF\lib\org.eclipse.equinox.preferences-3.10.1.jar;c:\Users\Glymin Terra Selasi\.trae\extensions\pivotal.vscode-spring-boot-1.43.0-universal\language-server\BOOT-INF\lib\org.eclipse.equinox.registry-3.11.200.jar;c:\Users\Glymin Terra Selasi\.trae\extensions\pivotal.vscode-spring-boot-1.43.0-universal\language-server\BOOT-INF\lib\org.eclipse.jdt.core-3.32.0.jar;c:\Users\Glymin Terra Selasi\.trae\extensions\pivotal.vscode-spring-boot-1.43.0-universal\language-server\BOOT-INF\lib\org.eclipse.lemminx-0.13.1.jar;c:\Users\Glymin Terra Selasi\.trae\extensions\pivotal.vscode-spring-boot-1.43.0-universal\language-server\BOOT-INF\lib\org.eclipse.lsp4j-0.19.0.jar;c:\Users\Glymin Terra Selasi\.trae\extensions\pivotal.vscode-spring-boot-1.43.0-universal\language-server\BOOT-INF\lib\org.eclipse.lsp4j.generator-0.19.0.jar;c:\Users\Glymin Terra Selasi\.trae\extensions\pivotal.vscode-spring-boot-1.43.0-universal\language-server\BOOT-INF\lib\org.eclipse.lsp4j.jsonrpc-0.19.0.jar;c:\Users\Glymin Terra Selasi\.trae\extensions\pivotal.vscode-spring-boot-1.43.0-universal\language-server\BOOT-INF\lib\org.eclipse.osgi-3.18.200.jar;c:\Users\Glymin Terra Selasi\.trae\extensions\pivotal.vscode-spring-boot-1.43.0-universal\language-server\BOOT-INF\lib\org.eclipse.text-3.12.300.jar;c:\Users\Glymin Terra Selasi\.trae\extensions\pivotal.vscode-spring-boot-1.43.0-universal\language-server\BOOT-INF\lib\org.eclipse.xtend.lib-2.28.0.jar;c:\Users\Glymin Terra Selasi\.trae\extensions\pivotal.vscode-spring-boot-1.43.0-universal\language-server\BOOT-INF\lib\org.eclipse.xtend.lib.macro-2.28.0.jar;c:\Users\Glymin Terra Selasi\.trae\extensions\pivotal.vscode-spring-boot-1.43.0-universal\language-server\BOOT-INF\lib\org.eclipse.xtext.xbase.lib-2.28.0.jar;c:\Users\Glymin Terra Selasi\.trae\extensions\pivotal.vscode-spring-boot-1.43.0-universal\language-server\BOOT-INF\lib\org.json-1.0.0-SNAPSHOT.jar;c:\Users\Glymin Terra Selasi\.trae\extensions\pivotal.vscode-spring-boot-1.43.0-universal\language-server\BOOT-INF\lib\org.osgi.service.prefs-1.1.2.jar;c:\Users\Glymin Terra Selasi\.trae\extensions\pivotal.vscode-spring-boot-1.43.0-universal\language-server\BOOT-INF\lib\osgi.annotation-8.0.1.jar;c:\Users\Glymin Terra Selasi\.trae\extensions\pivotal.vscode-spring-boot-1.43.0-universal\language-server\BOOT-INF\lib\reactive-streams-1.0.4.jar;c:\Users\Glymin Terra Selasi\.trae\extensions\pivotal.vscode-spring-boot-1.43.0-universal\language-server\BOOT-INF\lib\reactor-core-3.5.0.jar;c:\Users\Glymin Terra Selasi\.trae\extensions\pivotal.vscode-spring-boot-1.43.0-universal\language-server\BOOT-INF\lib\remark-1.0.0.jar;c:\Users\Glymin Terra Selasi\.trae\extensions\pivotal.vscode-spring-boot-1.43.0-universal\language-server\BOOT-INF\lib\resilience4j-core-1.7.0.jar;c:\Users\Glymin Terra Selasi\.trae\extensions\pivotal.vscode-spring-boot-1.43.0-universal\language-server\BOOT-INF\lib\resilience4j-retry-1.7.0.jar;c:\Users\Glymin Terra Selasi\.trae\extensions\pivotal.vscode-spring-boot-1.43.0-universal\language-server\BOOT-INF\lib\rewrite-core-7.34.0.jar;c:\Users\Glymin Terra Selasi\.trae\extensions\pivotal.vscode-spring-boot-1.43.0-universal\language-server\BOOT-INF\lib\rewrite-java-11-7.34.0.jar;c:\Users\Glymin Terra Selasi\.trae\extensions\pivotal.vscode-spring-boot-1.43.0-universal\language-server\BOOT-INF\lib\rewrite-java-17-7.34.0.jar;c:\Users\Glymin Terra Selasi\.trae\extensions\pivotal.vscode-spring-boot-1.43.0-universal\language-server\BOOT-INF\lib\rewrite-java-7.34.0.jar;c:\Users\Glymin Terra Selasi\.trae\extensions\pivotal.vscode-spring-boot-1.43.0-universal\language-server\BOOT-INF\lib\rewrite-java-8-7.34.0.jar;c:\Users\Glymin Terra Selasi\.trae\extensions\pivotal.vscode-spring-boot-1.43.0-universal\language-server\BOOT-INF\lib\rewrite-maven-7.34.0.jar;c:\Users\Glymin Terra Selasi\.trae\extensions\pivotal.vscode-spring-boot-1.43.0-universal\language-server\BOOT-INF\lib\rewrite-migrate-java-1.15.0.jar;c:\Users\Glymin Terra Selasi\.trae\extensions\pivotal.vscode-spring-boot-1.43.0-universal\language-server\BOOT-INF\lib\rewrite-properties-7.34.0.jar;c:\Users\Glymin Terra Selasi\.trae\extensions\pivotal.vscode-spring-boot-1.43.0-universal\language-server\BOOT-INF\lib\rewrite-spring-4.31.0.jar;c:\Users\Glymin Terra Selasi\.trae\extensions\pivotal.vscode-spring-boot-1.43.0-universal\language-server\BOOT-INF\lib\rewrite-testing-frameworks-1.32.0.jar;c:\Users\Glymin Terra Selasi\.trae\extensions\pivotal.vscode-spring-boot-1.43.0-universal\language-server\BOOT-INF\lib\rewrite-xml-7.34.0.jar;c:\Users\Glymin Terra Selasi\.trae\extensions\pivotal.vscode-spring-boot-1.43.0-universal\language-server\BOOT-INF\lib\rewrite-yaml-7.34.0.jar;c:\Users\Glymin Terra Selasi\.trae\extensions\pivotal.vscode-spring-boot-1.43.0-universal\language-server\BOOT-INF\lib\slf4j-api-2.0.4.jar;c:\Users\Glymin Terra Selasi\.trae\extensions\pivotal.vscode-spring-boot-1.43.0-universal\language-server\BOOT-INF\lib\snakeyaml-1.33.jar;c:\Users\Glymin Terra Selasi\.trae\extensions\pivotal.vscode-spring-boot-1.43.0-universal\language-server\BOOT-INF\lib\snappy-java-1.1.8.4.jar;c:\Users\Glymin Terra Selasi\.trae\extensions\pivotal.vscode-spring-boot-1.43.0-universal\language-server\BOOT-INF\lib\spring-aop-6.0.2.jar;c:\Users\Glymin Terra Selasi\.trae\extensions\pivotal.vscode-spring-boot-1.43.0-universal\language-server\BOOT-INF\lib\spring-beans-6.0.2.jar;c:\Users\Glymin Terra Selasi\.trae\extensions\pivotal.vscode-spring-boot-1.43.0-universal\language-server\BOOT-INF\lib\spring-boot-3.0.0.jar;c:\Users\Glymin Terra Selasi\.trae\extensions\pivotal.vscode-spring-boot-1.43.0-universal\language-server\BOOT-INF\lib\spring-boot-autoconfigure-3.0.0.jar;c:\Users\Glymin Terra Selasi\.trae\extensions\pivotal.vscode-spring-boot-1.43.0-universal\language-server\BOOT-INF\lib\spring-boot-jarmode-layertools-3.0.0.jar;c:\Users\Glymin Terra Selasi\.trae\extensions\pivotal.vscode-spring-boot-1.43.0-universal\language-server\BOOT-INF\lib\spring-context-6.0.2.jar;c:\Users\Glymin Terra Selasi\.trae\extensions\pivotal.vscode-spring-boot-1.43.0-universal\language-server\BOOT-INF\lib\spring-context-indexer-6.0.2.jar;c:\Users\Glymin Terra Selasi\.trae\extensions\pivotal.vscode-spring-boot-1.43.0-universal\language-server\BOOT-INF\lib\spring-core-6.0.2.jar;c:\Users\Glymin Terra Selasi\.trae\extensions\pivotal.vscode-spring-boot-1.43.0-universal\language-server\BOOT-INF\lib\spring-expression-6.0.2.jar;c:\Users\Glymin Terra Selasi\.trae\extensions\pivotal.vscode-spring-boot-1.43.0-universal\language-server\BOOT-INF\lib\spring-jcl-6.0.2.jar;c:\Users\Glymin Terra Selasi\.trae\extensions\pivotal.vscode-spring-boot-1.43.0-universal\language-server\BOOT-INF\lib\spring-web-6.0.2.jar;c:\Users\Glymin Terra Selasi\.trae\extensions\pivotal.vscode-spring-boot-1.43.0-universal\language-server\BOOT-INF\lib\ST4-4.3.1.jar;c:\Users\Glymin Terra Selasi\.trae\extensions\pivotal.vscode-spring-boot-1.43.0-universal\language-server\BOOT-INF\lib\stax2-api-4.2.1.jar;c:\Users\Glymin Terra Selasi\.trae\extensions\pivotal.vscode-spring-boot-1.43.0-universal\language-server\BOOT-INF\lib\tag-expressions-4.1.0.jar;c:\Users\Glymin Terra Selasi\.trae\extensions\pivotal.vscode-spring-boot-1.43.0-universal\language-server\BOOT-INF\lib\typetools-0.6.3.jar;c:\Users\Glymin Terra Selasi\.trae\extensions\pivotal.vscode-spring-boot-1.43.0-universal\language-server\BOOT-INF\lib\vavr-0.10.2.jar;c:\Users\Glymin Terra Selasi\.trae\extensions\pivotal.vscode-spring-boot-1.43.0-universal\language-server\BOOT-INF\lib\vavr-match-0.10.2.jar;c:\Users\Glymin Terra Selasi\.trae\extensions\pivotal.vscode-spring-boot-1.43.0-universal\language-server\BOOT-INF\lib\woodstox-core-6.4.0.jar;c:\Users\Glymin Terra Selasi\.trae\extensions\pivotal.vscode-spring-boot-1.43.0-universal\language-server\BOOT-INF\lib\xercesImpl-2.12.0.jar;c:\Users\Glymin Terra Selasi\.trae\extensions\pivotal.vscode-spring-boot-1.43.0-universal\language-server\BOOT-INF\lib\xml-apis-1.4.01.jar;c:\Users\Glymin Terra Selasi\.trae\extensions\pivotal.vscode-spring-boot-1.43.0-universal\language-server\BOOT-INF\lib\xml-resolver-1.2.jar
Launcher Type: SUN_STANDARD

[Global flags]
     intx CICompilerCount                          = 4                                         {product} {ergonomic}
     uint ConcGCThreads                            = 2                                         {product} {ergonomic}
     uint G1ConcRefinementThreads                  = 8                                         {product} {ergonomic}
   size_t G1HeapRegionSize                         = 1048576                                   {product} {ergonomic}
    uintx GCDrainStackTargetSize                   = 64                                        {product} {ergonomic}
   size_t InitialHeapSize                          = 130023424                                 {product} {ergonomic}
   size_t MarkStackSize                            = 4194304                                   {product} {ergonomic}
   size_t MaxHeapSize                              = 2080374784                                {product} {ergonomic}
   size_t MaxNewSize                               = 1247805440                                {product} {ergonomic}
   size_t MinHeapDeltaBytes                        = 1048576                                   {product} {ergonomic}
   size_t MinHeapSize                              = 8388608                                   {product} {ergonomic}
    uintx NonNMethodCodeHeapSize                   = 4096                                   {pd product} {ergonomic}
    uintx NonProfiledCodeHeapSize                  = 0                                      {pd product} {ergonomic}
     bool ProfileInterpreter                       = false                                  {pd product} {command line}
    uintx ProfiledCodeHeapSize                     = 0                                      {pd product} {ergonomic}
   size_t SoftMaxHeapSize                          = 2080374784                             {manageable} {ergonomic}
     intx TieredStopAtLevel                        = 1                                         {product} {command line}
     bool UseCompressedOops                        = true                           {product lp64_product} {ergonomic}
     bool UseG1GC                                  = true                                      {product} {ergonomic}
     bool UseLargePagesIndividualAllocation        = false                                  {pd product} {ergonomic}

Logging:
Log output configuration:
 #0: stdout all=warning,jni+resolve=off uptime,level,tags foldmultilines=false
 #1: stderr all=off uptime,level,tags foldmultilines=false

Release file:
JAVA_VERSION="21.0.9" 
MODULES="java.base java.compiler java.datatransfer java.xml java.prefs java.desktop java.instrument java.logging java.management java.security.sasl java.naming java.rmi java.management.rmi java.net.http java.scripting java.security.jgss java.transaction.xa java.sql java.sql.rowset java.xml.crypto java.se java.smartcardio jdk.accessibility jdk.internal.jvmstat jdk.attach jdk.charsets jdk.internal.opt jdk.zipfs jdk.compiler jdk.crypto.ec jdk.crypto.cryptoki jdk.crypto.mscapi jdk.dynalink jdk.internal.ed jdk.editpad jdk.hotspot.agent jdk.httpserver jdk.internal.le jdk.internal.vm.ci jdk.internal.vm.compiler jdk.internal.vm.compiler.management jdk.jartool jdk.javadoc jdk.jcmd jdk.management jdk.management.agent jdk.jconsole jdk.jdeps jdk.jdwp.agent jdk.jdi jdk.jfr jdk.jshell jdk.jsobject jdk.jstatd jdk.localedata jdk.management.jfr jdk.naming.dns jdk.naming.rmi jdk.net jdk.nio.mapmode jdk.random jdk.sctp jdk.security.auth jdk.security.jgss jdk.unsupported jdk.unsupported.desktop jdk.xml.dom" 

Environment Variables:
JAVA_HOME=C:\Program Files\jdk-23.0.1
PATH=c:\Users\Glymin Terra Selasi\.trae\tools\trae-gopls\current;c:\Users\Glymin Terra Selasi\.trae\sdks\workspaces\3ecfd569\versions\node\current;c:\Users\Glymin Terra Selasi\.trae\sdks\versions\node\current;C:\Python312\Scripts\;C:\Python312\;C:\WINDOWS\system32;C:\WINDOWS;C:\WINDOWS\System32\Wbem;C:\WINDOWS\System32\WindowsPowerShell\v1.0\;C:\WINDOWS\System32\OpenSSH\;C:\Program Files\dotnet\;C:\ProgramData\chocolatey\bin;C:\Program Files (x86)\Microsoft SQL Server\160\Tools\Binn\;C:\Program Files\Microsoft SQL Server\160\Tools\Binn\;C:\Program Files\Microsoft SQL Server\Client SDK\ODBC\170\Tools\Binn\;C:\Program Files\Microsoft SQL Server\160\DTS\Binn\;C:\Program Files\php-8.3.12;C:\Program Files\php-8.3.12\php;C:\xampp\php;C:\Users\Glymin Terra Selasi\AppData\Local\Yarn\bin;C:\Program Files\PostgreSQL\15\bin;C:\Program Files\Git\cmd;C:\Program Files\jdk-23.0.1\bin;C:\Program Files\PostgreSQL\12\bin;C:\Program Files (x86)\cloudflared\;C:\Windows\System32;C:\composer;C:\Users\Glymin Terra Selasi\AppData\Roaming\npm;C:\Users\Glymin Terra Selasi\AppData\Roaming\nvm;C:\Program Files\nodejs;C:\xampp\mysql\bin;C:\Program Files\apache-maven-3.9.11\bin;C:\Python312\Scripts\;C:\Python312\;C:\WINDOWS\system32;C:\WINDOWS;C:\WINDOWS\System32\Wbem;C:\WINDOWS\System32\WindowsPowerShell\v1.0\;C:\WINDOWS\System32\OpenSSH\;C:\Program Files\dotnet\;C:\ProgramData\chocolatey\bin;C:\Program Files (x86)\Microsoft SQL Server\160\Tools\Binn\;C:\Program Files\Microsoft SQL Server\160\Tools\Binn\;C:\Program Files\Microsoft SQL Server\Client SDK\ODBC\170\Tools\Binn\;C:\Program Files\Microsoft SQL Server\160\DTS\Binn\;C:\Program Files (x86)\Microsoft SQL Server\160\DTS\Binn\;C:\Program Files\php-8.3.12;C:\Program Files\php-8.3.12\php;C:\xampp\php;C:\Users\Glymin Terra Selasi\AppData\Local\Yarn\bin;C:\Program Files\PostgreSQL\15\bin;C:\Program Files\Git\cmd;C:\Program Files\jdk-23.0.1\bin;C:\Program Files\PostgreSQL\12\bin;C:\Program Files (x86)\cloudflared\;C:\Windows\System32;C:\composer;C:\Users\Glymin Terra Selasi\AppData\Local\Microsoft\WindowsApps;C:\Users\Glymin Terra Selasi\AppData\Local\Programs\Microsoft VS Code\bin;C:\Users\Glymin Terra Sela;C:\Users\Glymin Terra Selasi\AppData\Roaming\npm;C:\Users\Glymin Terra Selasi\AppData\Roaming\nvm;C:\Program Files\nodejs;C:\Users\Glymin Terra Selasi\AppData\Local\Microsoft\WindowsApps;C:\Users\Glymin Terra Selasi\AppData\Local\Programs\Antigravity\bin;c:\Users\Glymin Terra Selasi\AppData\Local\Programs\Trae1\resources\app\bin\lib
USERNAME=Glymin Terra Selasi
OS=Windows_NT
PROCESSOR_IDENTIFIER=Intel64 Family 6 Model 140 Stepping 1, GenuineIntel
TMP=C:\Users\GLYMIN~1\AppData\Local\Temp
TEMP=C:\Users\GLYMIN~1\AppData\Local\Temp




Periodic native trim disabled

---------------  S Y S T E M  ---------------

OS:
 Windows 11 , 64 bit Build 26100 (10.0.26100.6725)
OS uptime: 0 days 7:41 hours
Hyper-V role detected

CPU: total 8 (initial active 8) (4 cores per cpu, 2 threads per core) family 6 model 140 stepping 1 microcode 0xbe, cx8, cmov, fxsr, ht, mmx, 3dnowpref, sse, sse2, sse3, ssse3, sse4.1, sse4.2, popcnt, lzcnt, tsc, tscinvbit, avx, avx2, aes, erms, clmul, bmi1, bmi2, adx, avx512f, avx512dq, avx512cd, avx512bw, avx512vl, sha, fma, vzeroupper, avx512_vpopcntdq, avx512_vpclmulqdq, avx512_vaes, avx512_vnni, clflush, clflushopt, clwb, avx512_vbmi2, avx512_vbmi, hv, rdtscp, rdpid, fsrm, gfni, avx512_bitalg, f16c, cet_ibt, cet_ss, avx512_ifma
Processor Information for the first 8 processors :
  Max Mhz: 2419, Current Mhz: 2419, Mhz Limit: 2419

Memory: 4k page, system-wide physical 7934M (16M free)
TotalPageFile size 29130M (AvailPageFile size 301M)
current process WorkingSet (physical memory assigned to process): 450M, peak: 450M
current process commit charge ("private bytes"): 472M, peak: 800M

vm_info: OpenJDK 64-Bit Server VM (21.0.9+10-LTS) for windows-amd64 JRE (21.0.9+10-LTS), built on 2025-10-21T00:00:00Z by "admin" with unknown MS VC++:1942

END.
